,CAS,Species,kelim (1/h),Vdist (l/kg bw),Fgutabs,kgutabs (1/h),param.value.type,Reference,Data.Analyzed,Compound,LogLikelihood,AIC,model,model.type,Cltot (l/kg BW/h),Css (mg/L),halflife,tpeak.oral,Cpeak.oral.1mgkg
1,107-06-2,rat,0.25,5.56,1,2.19,Predicted,18,18,"1,2-dichloroethane",-139.3252398,286.6504796,1compartment,analytic,1.39,0.029976019,2.772588722,1.118657683,0.135977951
2,107-06-2,rat,0.343115359,3.649821514,NA,21.0505894,Fitted geometric mean,18,18,"1,2-dichloroethane",-139.3252398,286.6504796,1compartment,analytic,1.25230982,0.033271852,2.020157833,0.198798613,0.255920322
3,107-06-2,rat,0.177212282,0.136914939,NA,0.486456303,Fitted geometric std dev,18,18,"1,2-dichloroethane",-139.3252398,286.6504796,1compartment,analytic,0.024263009,1.717291831,3.91139471,3.265378353,4.094850797
4,123-91-1,rat,0.25,5.56,1,2.19,Predicted,"24, 6",Joint Analysis,"1,4-dioxane",-682.701864,1373.403728,1compartment,analytic,1.39,0.029976019,2.772588722,1.118657683,0.135977951
5,123-91-1,rat,0.05156004,1.198509743,NA,NA,Fitted geometric mean,"24, 6",Joint Analysis,"1,4-dioxane",-682.701864,1373.403728,1compartment,analytic,0.061795211,0.674270161,13.4434957,NA,0
6,123-91-1,rat,0.064629459,0.054124916,NA,NA,Fitted geometric std dev,"24, 6",Joint Analysis,"1,4-dioxane",-682.701864,1373.403728,1compartment,analytic,0.003498064,11.91135027,10.72494164,NA,0
7,123-91-1,rat,0.25,5.56,1,2.19,Predicted,24,24,"1,4-dioxane",-233.334829,472.669658,1compartment,analytic,1.39,0.029976019,2.772588722,1.118657683,0.135977951
8,123-91-1,rat,0.06403615,1.085020268,NA,NA,Fitted geometric mean,24,24,"1,4-dioxane",-233.334829,472.669658,1compartment,analytic,0.06948052,0.599688467,10.8243107,NA,0
9,123-91-1,rat,0.103404741,0.095010224,NA,NA,Fitted geometric std dev,24,24,"1,4-dioxane",-233.334829,472.669658,1compartment,analytic,0.009824508,4.241094663,6.703243716,NA,0
10,123-91-1,rat,0.25,5.56,1,2.19,Predicted,6,6,"1,4-dioxane",-446.3765876,898.7531751,1compartment,analytic,1.39,0.029976019,2.772588722,1.118657683,0.135977951
11,123-91-1,rat,0.04688702,1.257988866,NA,NA,Fitted geometric mean,6,6,"1,4-dioxane",-446.3765876,898.7531751,1compartment,analytic,0.058983349,0.70641405,14.78334895,NA,0
12,123-91-1,rat,0.075728975,0.061416447,NA,NA,Fitted geometric std dev,6,6,"1,4-dioxane",-446.3765876,898.7531751,1compartment,analytic,0.004651005,8.958638053,9.152998309,NA,0
13,127-00-4,Rat,0.25,5.56,1,2.19,Predicted,176,176,1-chloro-2-propanol,-73.9932297,155.9864594,1compartment,analytic,1.39,0.029976019,2.772588722,1.118657683,0.135977951
14,127-00-4,Rat,1.371643706,2.828079838,NA,20.52410937,Fitted geometric mean,176,176,1-chloro-2-propanol,-73.9932297,155.9864594,1compartment,analytic,3.879117911,0.010741274,0.505340547,0.141265908,0.29131082
15,127-00-4,Rat,0.076772979,0.070211222,NA,0.244182737,Fitted geometric std dev,176,176,1-chloro-2-propanol,-73.9932297,155.9864594,1compartment,analytic,0.005390325,7.729899222,9.028530456,6.911569186,8.378135234
16,1746-01-6,Rat,0.25,5.56,1,2.19,Predicted,177,177,"2,3,7,8-tetrachlorodibenzo-p-dioxin",23.51222804,-39.02445609,1compartment,analytic,1.39,0.029976019,2.772588722,1.118657683,0.135977951
17,1746-01-6,Rat,0.001887724,1.451950139,NA,11.92034437,Fitted geometric mean,177,177,"2,3,7,8-tetrachlorodibenzo-p-dioxin",23.51222804,-39.02445609,1compartment,analytic,0.002740881,15.2019235,367.1867052,0.734208311,0.68777498
18,1746-01-6,Rat,1.15059194,0.991155208,NA,417.1483195,Fitted geometric std dev,177,177,"2,3,7,8-tetrachlorodibenzo-p-dioxin",23.51222804,-39.02445609,1compartment,analytic,1.140415193,0.036536401,0.602426592,0.01416634,0.99261189
19,94-75-7,rat,0.25,5.56,1,2.19,Predicted,192,192,"2,4-d",-99999,200008,1compartment,analytic,1.39,0.029976019,2.772588722,1.118657683,0.135977951
20,94-75-7,rat,0.274932361,1.195207653,1.081003588,1.82917073,Fitted geometric mean,192,192,"2,4-d",-99999,200008,1compartment,analytic,0.328601262,0.137071343,2.521155305,1.219306459,0.598369548
21,94-75-7,rat,0,0,0,0,Fitted geometric std dev,192,192,"2,4-d",-99999,200008,1compartment,analytic,0,NA,Inf,NA,0
22,94-75-7,Rat,0.25,5.56,1,2.19,Predicted,164,164,"2,4-dichlorophenoxyacetic acid",-359.2973715,728.594743,1compartment,analytic,1.39,0.029976019,2.772588722,1.118657683,0.135977951
23,94-75-7,Rat,0.297097667,0.256405689,0.586228339,16.94343964,Fitted geometric mean,164,164,"2,4-dichlorophenoxyacetic acid",-359.2973715,728.594743,1compartment,analytic,0.076177532,0.320648098,2.333061677,0.242910729,3.628524725
24,94-75-7,Rat,0.124733449,0.163174343,0.125248175,0.239763005,Fitted geometric std dev,164,164,"2,4-dichlorophenoxyacetic acid",-359.2973715,728.594743,1compartment,analytic,0.020353298,0.256404335,5.557027315,5.68090435,3.01722421
25,131-57-7,Rat,0.25,5.56,1,2.19,Predicted,129,129,2-hydroxy-4-methoxybenzophenone,266.05582,-522.11164,1compartment,analytic,1.39,0.029976019,2.772588722,1.118657683,0.135977951
26,131-57-7,Rat,0.176960966,12.19137927,0.033539915,2.991918217,Fitted geometric mean,129,129,2-hydroxy-4-methoxybenzophenone,266.05582,-522.11164,1compartment,analytic,2.157398254,0.000647769,3.916949571,1.004541304,0.06866651
27,131-57-7,Rat,0.087943366,0.145103916,0.09998568,0.152396375,Fitted geometric std dev,129,129,2-hydroxy-4-methoxybenzophenone,266.05582,-522.11164,1compartment,analytic,0.012760927,0.326470801,7.881744948,8.530118716,3.254822623
28,693-98-1,Rat,0.25,5.56,1,2.19,Predicted,150,150,2-methylimidazole,-73.58649603,153.1729921,1compartment,analytic,1.39,0.029976019,2.772588722,1.118657683,0.135977951
29,693-98-1,Rat,0.016671701,1.53966161,NA,NA,Fitted geometric mean,150,150,2-methylimidazole,-73.58649603,153.1729921,1compartment,analytic,0.025668778,1.623243076,41.5762718,NA,0
30,693-98-1,Rat,0.11010831,0.061604888,NA,NA,Fitted geometric std dev,150,150,2-methylimidazole,-73.58649603,153.1729921,1compartment,analytic,0.00678321,6.142617729,6.295139578,NA,0
31,96-47-9,Rat,0.25,5.56,1,2.19,Predicted,175,175,2-methyltetrahydrofuran,-1262.376317,2534.752634,1compartment,analytic,1.39,0.029976019,2.772588722,1.118657683,0.135977951
32,96-47-9,Rat,0.383570568,0.812732616,0.477437256,34.70886654,Fitted geometric mean,175,175,2-methyltetrahydrofuran,-1262.376317,2534.752634,1compartment,analytic,0.311740311,0.063813431,1.807091674,0.131250925,1.170006282
33,96-47-9,Rat,0.05520564,0.060941377,0.058185744,0.225383971,Fitted geometric std dev,175,175,2-methyltetrahydrofuran,-1262.376317,2534.752634,1compartment,analytic,0.003364308,0.720625528,12.55573133,8.26627195,10.39680018
34,57465-28-8,Rat,0.25,5.56,1,2.19,Predicted,179,179,"3,3',4,4',5-pentachlorobiphenyl",0,Inf,1compartment,analytic,1.39,0.029976019,2.772588722,1.118657683,0.135977951
35,57465-28-8,Rat,3.00E-05,576.5994754,NA,620.1832307,Fitted geometric mean,179,179,"3,3',4,4',5-pentachlorobiphenyl",0,Inf,1compartment,analytic,0.017285457,2.410504254,23121.65133,0.027161414,0.001734305
36,57465-28-8,Rat,1.940954749,1.717426313,NA,207137.8624,Fitted geometric std dev,179,179,"3,3',4,4',5-pentachlorobiphenyl",0,Inf,1compartment,analytic,3.333446759,0.012499575,0.35711661,5.59E-05,0.582203445
37,822-36-6,Rat,0.25,5.56,1,2.19,Predicted,151,151,4-methylimidazole,-80.86292631,167.7258526,1compartment,analytic,1.39,0.029976019,2.772588722,1.118657683,0.135977951
38,822-36-6,Rat,0.483825315,1.155381897,NA,NA,Fitted geometric mean,151,151,4-methylimidazole,-80.86292631,167.7258526,1compartment,analytic,0.559003011,0.074537464,1.43263934,NA,0
39,822-36-6,Rat,0.073991004,0.030168597,NA,NA,Fitted geometric std dev,151,151,4-methylimidazole,-80.86292631,167.7258526,1compartment,analytic,0.002232205,18.66614878,9.367992589,NA,0
40,107-13-1,rat,0.25,5.56,1,2.19,Predicted,43,43,acrylonitrile,-94.68649838,195.3729968,1compartment,analytic,1.39,0.029976019,2.772588722,1.118657683,0.135977951
41,107-13-1,rat,2.837199699,0.899834216,NA,NA,Fitted geometric mean,43,43,acrylonitrile,-94.68649838,195.3729968,1compartment,analytic,2.553009367,0.016320609,0.2443068,NA,0
42,107-13-1,rat,0.153639982,0.147753442,NA,NA,Fitted geometric std dev,43,43,acrylonitrile,-94.68649838,195.3729968,1compartment,analytic,0.022700836,1.835468361,4.511502614,NA,0
43,15972-60-8,rat,0.25,5.56,1,2.19,Predicted,192,192,alachlor,204.5983619,-399.1967238,1compartment,analytic,1.39,0.029976019,2.772588722,1.118657683,0.135977951
44,15972-60-8,rat,0.073714702,173.0902399,0.124667124,46.74109815,Fitted geometric mean,192,192,alachlor,204.5983619,-399.1967238,1compartment,analytic,12.75929549,0.000407112,9.403106298,0.138258809,0.005718751
45,15972-60-8,rat,0.294203746,0.484224466,0.306354511,73.649665,Fitted geometric std dev,192,192,alachlor,204.5983619,-399.1967238,1compartment,analytic,0.142460652,0.089602084,2.356010724,0.075288223,2.01991742
46,546-80-5,Rat,0.25,5.56,1,2.19,Predicted,130,130,alpha-thujone,137.4769409,-264.9538818,1compartment,analytic,1.39,0.029976019,2.772588722,1.118657683,0.135977951
47,546-80-5,Rat,0.165908821,8.252721323,0.146571437,11.89285681,Fitted geometric mean,130,130,alpha-thujone,137.4769409,-264.9538818,1compartment,analytic,1.369199261,0.004460376,4.177880226,0.364310891,0.114065162
48,546-80-5,Rat,0.123554291,0.13857435,0.11650021,0.173752322,Fitted geometric std dev,130,130,alpha-thujone,137.4769409,-264.9538818,1compartment,analytic,0.017121456,0.283514179,5.610061584,6.792102781,3.117884829
49,28981-97-7,rat,0.25,5.56,1,2.19,Predicted,192,192,alprazolam,48.50249905,-87.00499811,1compartment,analytic,1.39,0.029976019,2.772588722,1.118657683,0.135977951
50,28981-97-7,rat,2.272933621,2.670524738,0.394330326,0.435499034,Fitted geometric mean,192,192,alprazolam,48.50249905,-87.00499811,1compartment,analytic,6.069925462,0.002706859,0.304957071,0.899261423,0.048497816
51,28981-97-7,rat,0.270527144,0.223625579,0.211042782,0.226577898,Fitted geometric std dev,192,192,alprazolam,48.50249905,-87.00499811,1compartment,analytic,0.060496789,0.145353983,2.562209364,4.033826532,1.501587048
52,84-65-1,Rat,0.25,5.56,1,2.19,Predicted,166,166,anthraquinone,-7.977718236,25.95543647,1compartment,analytic,1.39,0.029976019,2.772588722,1.118657683,0.135977951
53,84-65-1,Rat,0.1330514,3.785936649,0.354677198,0.011476304,Fitted geometric mean,166,166,anthraquinone,-7.977718236,25.95543647,1compartment,analytic,0.503724173,0.029337914,5.209619584,20.15586444,0.018078004
54,84-65-1,Rat,0.204916664,0.13045815,0.842345509,0.889873637,Fitted geometric std dev,166,166,anthraquinone,-7.977718236,25.95543647,1compartment,analytic,0.026733049,1.312896621,3.382580831,2.143895383,4.940086814
55,60-80-0,rat,0.25,5.56,1,2.19,Predicted,192,192,antipyrine,5.219196539,-4.438393078,1compartment,analytic,1.39,0.029976019,2.772588722,1.118657683,0.135977951
56,60-80-0,rat,0.582481523,1.132880272,NA,NA,Fitted geometric mean,192,192,antipyrine,5.219196539,-4.438393078,1compartment,analytic,0.659881826,0.063142619,1.189989987,NA,0
57,60-80-0,rat,0.02073026,0.013090294,NA,NA,Fitted geometric std dev,192,192,antipyrine,5.219196539,-4.438393078,1compartment,analytic,0.000271365,153.5446142,33.43649159,NA,0
58,741-58-2,rat,0.25,5.56,1,2.19,Predicted,192,192,bensulide,0,Inf,1compartment,analytic,1.39,0.029976019,2.772588722,1.118657683,0.135977951
59,741-58-2,rat,0.394629012,0.058621075,0.022963564,8.892024208,Fitted geometric mean,192,192,bensulide,0,Inf,1compartment,analytic,0.023133577,0.041360452,1.756452666,0.366578676,14.76114561
60,741-58-2,rat,0.144800429,1.299360976,0.435659715,1.95299964,Fitted geometric std dev,192,192,bensulide,0,Inf,1compartment,analytic,0.188148027,0.096479822,4.786913845,1.438870942,0.62486371
61,50-32-8,rat,0.25,5.56,1,2.19,Predicted,"36, 46, 59",Joint Analysis,benzo(a)pyrene,0,Inf,1compartment,analytic,1.39,0.029976019,2.772588722,1.118657683,0.135977951
62,50-32-8,rat,0.136591247,0.369421485,NA,NA,Fitted geometric mean,"36, 46, 59",Joint Analysis,benzo(a)pyrene,0,Inf,1compartment,analytic,0.050459741,0.825740791,5.074609069,NA,0
63,50-32-8,rat,0.204418266,0.862736306,NA,NA,Fitted geometric std dev,"36, 46, 59",Joint Analysis,benzo(a)pyrene,0,Inf,1compartment,analytic,0.17635906,0.236260426,3.390828,NA,0
64,50-32-8,rat,0.25,5.56,1,2.19,Predicted,36,36,benzo(a)pyrene,27.91122381,-49.82244763,1compartment,analytic,1.39,0.029976019,2.772588722,1.118657683,0.135977951
65,50-32-8,rat,0.564117277,1.014617841,NA,NA,Fitted geometric mean,36,36,benzo(a)pyrene,27.91122381,-49.82244763,1compartment,analytic,0.572363453,0.072797567,1.228728863,NA,0
66,50-32-8,rat,0.401511199,0.78659246,NA,NA,Fitted geometric std dev,36,36,benzo(a)pyrene,27.91122381,-49.82244763,1compartment,analytic,0.315825682,0.131929318,1.726345821,NA,0
67,50-32-8,rat,0.25,5.56,1,2.19,Predicted,59,59,benzo(a)pyrene,30.32735448,-54.65470897,1compartment,analytic,1.39,0.029976019,2.772588722,1.118657683,0.135977951
68,50-32-8,rat,0.044607749,201.3262427,NA,NA,Fitted geometric mean,59,59,benzo(a)pyrene,30.32735448,-54.65470897,1compartment,analytic,8.980710554,0.004639573,15.53871675,NA,0
69,50-32-8,rat,0.352060608,0.414923401,NA,NA,Fitted geometric std dev,59,59,benzo(a)pyrene,30.32735448,-54.65470897,1compartment,analytic,0.146078185,0.285235381,1.96882913,NA,0
70,50-32-8,rat,0.25,5.56,1,2.19,Predicted,46,46,benzo[a]pyrene,-55.46694718,116.9338944,1compartment,analytic,1.39,0.029976019,2.772588722,1.118657683,0.135977951
71,50-32-8,rat,0.517396515,0.776872656,NA,NA,Fitted geometric mean,46,46,benzo[a]pyrene,-55.46694718,116.9338944,1compartment,analytic,0.401951205,0.103661007,1.33968274,NA,0
72,50-32-8,rat,0.131385132,0.145119955,NA,NA,Fitted geometric std dev,46,46,benzo[a]pyrene,-55.46694718,116.9338944,1compartment,analytic,0.019066605,2.185321806,5.275689627,NA,0
73,119-61-9,Rat,0.25,5.56,1,2.19,Predicted,171,171,benzophenone,0,Inf,1compartment,analytic,1.39,0.029976019,2.772588722,1.118657683,0.135977951
74,119-61-9,Rat,0.1495085,2.728940432,0.282945684,37.44212285,Fitted geometric mean,171,171,benzophenone,0,Inf,1compartment,analytic,0.40799979,0.028895612,4.636172404,0.148104349,0.358417679
75,119-61-9,Rat,0.08611742,0.150649594,0.100881897,0.252775733,Fitted geometric std dev,171,171,benzophenone,0,Inf,1compartment,analytic,0.012973554,0.323998517,8.04886145,6.461069546,3.80527428
76,111-91-1,Rat,0.25,5.56,1,2.19,Predicted,155,155,bis 2-chloroethoxy methane,0,Inf,1compartment,analytic,1.39,0.029976019,2.772588722,1.118657683,0.135977951
77,111-91-1,Rat,0.655363958,2.863319578,NA,NA,Fitted geometric mean,155,155,bis 2-chloroethoxy methane,0,Inf,1compartment,analytic,1.876516452,0.022204264,1.057652274,NA,0
78,111-91-1,Rat,0.066002564,0.098465971,NA,NA,Fitted geometric std dev,155,155,bis 2-chloroethoxy methane,0,Inf,1compartment,analytic,0.006499007,6.411236246,10.50182196,NA,0
79,80-05-7,rat,0.25,5.56,1,2.19,Predicted,192,192,bisphenol a,21.06058195,-36.12116391,1compartment,analytic,1.39,0.029976019,2.772588722,1.118657683,0.135977951
80,80-05-7,rat,2.161077085,1.718805655,NA,NA,Fitted geometric mean,192,192,bisphenol a,21.06058195,-36.12116391,1compartment,analytic,3.714471516,0.011217388,0.320741535,NA,0
81,80-05-7,rat,0.194643999,0.114904351,NA,NA,Fitted geometric std dev,192,192,bisphenol a,21.06058195,-36.12116391,1compartment,analytic,0.022365442,1.862993184,3.561102247,NA,0
82,188425-85-6,rat,0.25,5.56,1,2.19,Predicted,192,192,boscalid,86.29227158,-162.5845432,1compartment,analytic,1.39,0.029976019,2.772588722,1.118657683,0.135977951
83,188425-85-6,rat,0.228700283,5.902079275,0.132036291,4.402676374,Fitted geometric mean,192,192,boscalid,86.29227158,-162.5845432,1compartment,analytic,1.349807198,0.004075776,3.030810337,0.708570318,0.144084558
84,188425-85-6,rat,0.202361726,0.217037261,0.181059207,0.643152219,Fitted geometric std dev,192,192,boscalid,86.29227158,-162.5845432,1compartment,analytic,0.043920035,0.171769755,3.425287944,2.623297526,2.709681811
85,147536-97-8,rat,0.25,5.56,1,2.19,Predicted,192,192,bosentan,14.11039658,-18.22079317,1compartment,analytic,1.39,0.029976019,2.772588722,1.118657683,0.135977951
86,147536-97-8,rat,0.243947016,3.156010211,0.313376293,1.743426611,Fitted geometric mean,192,192,bosentan,14.11039658,-18.22079317,1compartment,analytic,0.769899274,0.01695981,2.841384129,1.311559506,0.23009577
87,147536-97-8,rat,0.278510556,0.288367323,0.258945628,0.855103668,Fitted geometric std dev,192,192,bosentan,14.11039658,-18.22079317,1compartment,analytic,0.080313343,0.134341327,2.488764487,1.945508412,2.017129688
88,5589-96-8,Rat,0.25,5.56,1,2.19,Predicted,132,132,bromochloroacetic acid,-565.1400041,1140.280008,1compartment,analytic,1.39,0.029976019,2.772588722,1.118657683,0.135977951
89,5589-96-8,Rat,2.07984285,0.427710691,0.995960188,0.627368465,Fitted geometric mean,132,132,bromochloroacetic acid,-565.1400041,1140.280008,1compartment,analytic,0.889571023,0.046649835,0.333269016,0.825152993,0.4202606
90,5589-96-8,Rat,0.079416746,0.1989255,0.102527264,0.081658329,Fitted geometric std dev,132,132,bromochloroacetic acid,-565.1400041,1140.280008,1compartment,analytic,0.015798016,0.270411764,8.727972603,12.41737199,1.875129313
91,75-27-4,Rat,0.25,5.56,1,2.19,Predicted,154,154,bromodichloromethane,0,Inf,1compartment,analytic,1.39,0.029976019,2.772588722,1.118657683,0.135977951
92,75-27-4,Rat,0.366981536,9.078652059,NA,NA,Fitted geometric mean,154,154,bromodichloromethane,0,Inf,1compartment,analytic,3.331697675,0.012506137,1.888779443,NA,0
93,75-27-4,Rat,0.129927562,0.215234779,NA,NA,Fitted geometric std dev,154,154,bromodichloromethane,0,Inf,1compartment,analytic,0.02796493,1.489961413,5.334874067,NA,0
94,63-25-2,rat,0.25,5.56,1,2.19,Predicted,192,192,carbaryl,99.77171772,-189.5434354,1compartment,analytic,1.39,0.029976019,2.772588722,1.118657683,0.135977951
95,63-25-2,rat,4.484977304,41.6434862,0.134629614,6.46489938,Fitted geometric mean,192,192,carbaryl,99.77171772,-189.5434354,1compartment,analytic,186.7700905,3.00E-05,0.154548648,0.184681012,0.010488927
96,63-25-2,rat,0.133159385,0.085398179,0.119653085,0.334854198,Fitted geometric std dev,192,192,carbaryl,99.77171772,-189.5434354,1compartment,analytic,0.011371569,0.438421928,5.205394895,4.571998656,6.370168841
97,10605-21-7,rat,0.25,5.56,1,2.19,Predicted,192,192,carbendazim,-10.06715808,28.13431616,1compartment,analytic,1.39,0.029976019,2.772588722,1.118657683,0.135977951
98,10605-21-7,rat,0.245019132,33.1452949,NA,1.034805464,Fitted geometric mean,192,192,carbendazim,-10.06715808,28.13431616,1compartment,analytic,8.121231387,0.005130585,2.828951253,1.824078709,0.019296434
99,10605-21-7,rat,0.199547451,0.154527996,NA,0.266257695,Fitted geometric std dev,192,192,carbendazim,-10.06715808,28.13431616,1compartment,analytic,0.030835668,1.351249046,3.473595756,4.323362394,2.730989636
100,1698-60-8,rat,0.25,5.56,1,2.19,Predicted,192,192,chloridazon,84.38864302,-158.777286,1compartment,analytic,1.39,0.029976019,2.772588722,1.118657683,0.135977951
101,1698-60-8,rat,0.085789485,9.602042686,0.999829554,2.988868515,Fitted geometric mean,192,192,chloridazon,84.38864302,-158.777286,1compartment,analytic,0.823754298,0.050572804,8.079628635,1.223099229,0.093770506
102,1698-60-8,rat,0.126976455,0.29399373,0.285996365,0.4636717,Fitted geometric std dev,192,192,chloridazon,84.38864302,-158.777286,1compartment,analytic,0.037330282,0.319218466,5.458863856,3.846728167,2.087052813
103,2921-88-2,rat,0.25,5.56,1,2.19,Predicted,192,192,chlorpyrifos,48.07144624,-88.14289248,1compartment,analytic,1.39,0.029976019,2.772588722,1.118657683,0.135977951
104,2921-88-2,rat,0.178775862,100.3234425,NA,0.325556975,Fitted geometric mean,192,192,chlorpyrifos,48.07144624,-88.14289248,1compartment,analytic,17.93540995,0.002323151,3.877185495,4.083663203,0.004803263
105,2921-88-2,rat,1.349071766,1.121086343,NA,1.232697405,Fitted geometric std dev,192,192,chlorpyrifos,48.07144624,-88.14289248,1compartment,analytic,1.512425933,0.027549558,0.513795632,0.775187885,0.313460397
106,113136-77-9,rat,0.25,5.56,1,2.19,Predicted,192,192,cyclanilide,56.83567256,-103.6713451,1compartment,analytic,1.39,0.029976019,2.772588722,1.118657683,0.135977951
107,113136-77-9,rat,0.073835332,0.226766495,0.25662749,3.827677251,Fitted geometric mean,192,192,cyclanilide,56.83567256,-103.6713451,1compartment,analytic,0.016743379,0.638629267,9.38774386,1.051769402,4.080325257
108,113136-77-9,rat,0.0916964,0.110572717,0.109472797,0.306768668,Fitted geometric std dev,192,192,cyclanilide,56.83567256,-103.6713451,1compartment,analytic,0.01013912,0.44987795,7.559153687,5.614907161,5.404409165
109,59865-13-3,rat,0.25,5.56,1,2.19,Predicted,192,192,cyclosporin a,-53.52448445,113.0489689,1compartment,analytic,1.39,0.029976019,2.772588722,1.118657683,0.135977951
110,59865-13-3,rat,0.077274799,1.028129465,NA,NA,Fitted geometric mean,192,192,cyclosporin a,-53.52448445,113.0489689,1compartment,analytic,0.079448498,0.524448766,8.969899486,NA,0
111,59865-13-3,rat,0.262047438,0.143964266,NA,NA,Fitted geometric std dev,192,192,cyclosporin a,-53.52448445,113.0489689,1compartment,analytic,0.037725467,1.104470534,2.645120998,NA,0
112,84-74-2,Rat,0.25,5.56,1,2.19,Predicted,135,135,di-n-butyl phthalate,-18.62639549,47.25279097,1compartment,analytic,1.39,0.029976019,2.772588722,1.118657683,0.135977951
113,84-74-2,Rat,5.349066317,1.916433721,0.055258504,6.43E-08,Fitted geometric mean,135,135,di-n-butyl phthalate,-18.62639549,47.25279097,1compartment,analytic,10.25113107,0.000224603,0.129582835,3.409215504,6.28E-09
114,84-74-2,Rat,0.385660418,0.504300132,684063.287,684066.199,Fitted geometric std dev,135,135,di-n-butyl phthalate,-18.62639549,47.25279097,1compartment,analytic,0.1944886,146551.7103,1.79729925,2.10E-05,1.982930053
115,962-58-3,rat,0.25,5.56,1,2.19,Predicted,192,192,diazinon-o-analog,74.31550866,-138.6310173,1compartment,analytic,1.39,0.029976019,2.772588722,1.118657683,0.135977951
116,962-58-3,rat,0.097659231,2.047452849,0.430035703,73.58862373,Fitted geometric mean,192,192,diazinon-o-analog,74.31550866,-138.6310173,1compartment,analytic,0.199952671,0.089611978,7.09761045,0.090143892,0.484130931
117,962-58-3,rat,0.074957455,0.114482708,0.29261761,201.5575334,Fitted geometric std dev,192,192,diazinon-o-analog,74.31550866,-138.6310173,1compartment,analytic,0.008581332,1.420805044,9.247208066,0.039194007,8.709319015
118,631-64-1,Rat,0.25,5.56,1,2.19,Predicted,"133, 153",Joint Analysis,dibromoacetic acid,-1266.199089,2544.398178,1compartment,analytic,1.39,0.029976019,2.772588722,1.118657683,0.135977951
119,631-64-1,Rat,1.001203153,0.579535112,0.979041763,0.779918971,Fitted geometric mean,"133, 153",Joint Analysis,dibromoacetic acid,-1266.199089,2544.398178,1compartment,analytic,0.580232381,0.070305292,0.692314221,1.128719078,0.557357691
120,631-64-1,Rat,0.106356093,0.121191765,0.066497799,0.101531075,Fitted geometric std dev,"133, 153",Joint Analysis,dibromoacetic acid,-1266.199089,2544.398178,1compartment,analytic,0.012889483,0.214961431,6.51723059,9.622331513,2.965327756
121,631-64-1,Rat,0.25,5.56,1,2.19,Predicted,133,133,dibromoacetic acid,-284.905535,579.81107,1compartment,analytic,1.39,0.029976019,2.772588722,1.118657683,0.135977951
122,631-64-1,Rat,1.766552048,0.37293274,0.999632164,1.225860012,Fitted geometric mean,133,133,dibromoacetic acid,-284.905535,579.81107,1compartment,analytic,0.658805095,0.063222553,0.392372917,0.675776558,0.812664223
123,631-64-1,Rat,0.123155561,0.172939594,0.113764211,0.159416138,Fitted geometric std dev,133,133,dibromoacetic acid,-284.905535,579.81107,1compartment,analytic,0.021298473,0.222559407,5.628224799,7.117088188,2.406814105
124,631-64-1,Rat,0.25,5.56,1,2.19,Predicted,153,153,dibromoacetic acid,-811.0329183,1632.065837,1compartment,analytic,1.39,0.029976019,2.772588722,1.118657683,0.135977951
125,631-64-1,Rat,2.133710148,0.362866991,0.999601596,0.908444501,Fitted geometric mean,153,153,dibromoacetic acid,-811.0329183,1632.065837,1compartment,analytic,0.774252981,0.053793873,0.324855361,0.696896874,0.622969944
126,631-64-1,Rat,0.0804956,0.060823536,0.065182211,0.064471026,Fitted geometric std dev,153,153,dibromoacetic acid,-811.0329183,1632.065837,1compartment,analytic,0.004896027,0.554720281,8.610994638,13.85288688,5.390736529
127,79-43-6,Rat,0.25,5.56,1,2.19,Predicted,134,134,dichloroacetic acid,-334.1342562,678.2685123,1compartment,analytic,1.39,0.029976019,2.772588722,1.118657683,0.135977951
128,79-43-6,Rat,2.831827114,0.34917426,0.999471753,0.585070805,Fitted geometric mean,134,134,dichloroacetic acid,-334.1342562,678.2685123,1compartment,analytic,0.988801137,0.042116311,0.244770303,0.701876089,0.392425892
129,79-43-6,Rat,0.13188074,0.161734428,0.169828568,0.183527829,Fitted geometric std dev,134,134,dichloroacetic acid,-334.1342562,678.2685123,1compartment,analytic,0.021329656,0.331753607,5.2558636,6.398584891,2.658998402
130,15307-86-5,rat,0.25,5.56,1,2.19,Predicted,192,192,diclofenac,-99999,200008,1compartment,analytic,1.39,0.029976019,2.772588722,1.118657683,0.135977951
131,15307-86-5,rat,3.834872242,0.390864578,1.05882962,0.661658811,Fitted geometric mean,192,192,diclofenac,-99999,200008,1compartment,analytic,1.498915721,0.02943321,0.180748441,0.553741942,0.306010619
132,15307-86-5,rat,0,0,0,0,Fitted geometric std dev,192,192,diclofenac,-99999,200008,1compartment,analytic,0,NA,Inf,NA,0
133,34933-06-7,rat,0.25,5.56,1,2.19,Predicted,192,192,diltiazem,-1.197484383,12.39496877,1compartment,analytic,1.39,0.029976019,2.772588722,1.118657683,0.135977951
134,34933-06-7,rat,0.431879543,3.86287935,0.286486771,122.3026004,Fitted geometric mean,192,192,diltiazem,-1.197484383,12.39496877,1compartment,analytic,1.668298567,0.007155163,1.604954882,0.046328657,0.253746066
135,34933-06-7,rat,0.218706022,0.20511899,2.966802911,833.7634885,Fitted geometric std dev,192,192,diltiazem,-1.197484383,12.39496877,1compartment,analytic,0.044860758,2.755566167,3.169309986,0.009892662,4.864682473
136,87674-68-8,rat,0.25,5.56,1,2.19,Predicted,192,192,dimethenamid,156.8071019,-303.6142038,1compartment,analytic,1.39,0.029976019,2.772588722,1.118657683,0.135977951
137,87674-68-8,rat,0.067155396,40.13386911,0.146938879,53.31451655,Fitted geometric mean,192,192,dimethenamid,156.8071019,-303.6142038,1compartment,analytic,2.695205855,0.002271609,10.32154118,0.125395034,0.02470767
138,87674-68-8,rat,0.233567879,0.538673285,0.338091479,123.1159347,Fitted geometric std dev,192,192,dimethenamid,156.8071019,-303.6142038,1compartment,analytic,0.125816776,0.111965553,2.967647713,0.051003323,1.834429078
139,76-22-2,Rat,0.25,5.56,1,2.19,Predicted,165,165,dl-camphor,-6.218244808,18.43648962,1compartment,analytic,1.39,0.029976019,2.772588722,1.118657683,0.135977951
140,76-22-2,Rat,0.227600622,5.623132295,NA,NA,Fitted geometric mean,165,165,dl-camphor,-6.218244808,18.43648962,1compartment,analytic,1.279828406,0.032556448,3.04545381,NA,0
141,76-22-2,Rat,0.157250045,0.173029276,NA,NA,Fitted geometric std dev,165,165,dl-camphor,-6.218244808,18.43648962,1compartment,analytic,0.027208861,1.53136385,4.407929942,NA,0
142,518-82-1,Rat,0.25,5.56,1,2.19,Predicted,160,160,emodin,-59.53606683,129.0721337,1compartment,analytic,1.39,0.029976019,2.772588722,1.118657683,0.135977951
143,518-82-1,Rat,2.152090344,0.715274485,0.208297786,0.111974972,Fitted geometric mean,160,160,emodin,-59.53606683,129.0721337,1compartment,analytic,1.539335313,0.005638196,0.322080893,1.448898214,0.061848283
144,518-82-1,Rat,0.104772544,0.088913953,0.206654221,0.339967545,Fitted geometric std dev,160,160,emodin,-59.53606683,129.0721337,1compartment,analytic,0.009315741,0.924305702,6.615733057,5.004606394,6.657478801
145,153233-91-1,rat,0.25,5.56,1,2.19,Predicted,192,192,etoxazole,256.3860783,-502.7721565,1compartment,analytic,1.39,0.029976019,2.772588722,1.118657683,0.135977951
146,153233-91-1,rat,0.083835995,22.29544119,0.417531705,7.437378631,Fitted geometric mean,192,192,etoxazole,256.3860783,-502.7721565,1compartment,analytic,1.869160505,0.00930747,8.267894685,0.609966039,0.042616263
147,153233-91-1,rat,0.129630661,0.240985017,0.168459009,0.630878288,Fitted geometric std dev,192,192,etoxazole,256.3860783,-502.7721565,1compartment,analytic,0.031239047,0.224690764,5.347092839,3.156969794,2.756000224
148,60168-88-9,rat,0.25,5.56,1,2.19,Predicted,192,192,fenarimol,104.0729289,-198.1458578,1compartment,analytic,1.39,0.029976019,2.772588722,1.118657683,0.135977951
149,60168-88-9,rat,0.13458499,5.278725686,0.133458862,3.422631785,Fitted geometric mean,192,192,fenarimol,104.0729289,-198.1458578,1compartment,analytic,0.710437246,0.007827272,5.150256197,0.98416153,0.165938492
150,60168-88-9,rat,0.215186729,0.16528896,0.160945209,0.443386493,Fitted geometric std dev,192,192,fenarimol,104.0729289,-198.1458578,1compartment,analytic,0.035567991,0.188541726,3.221142788,3.167994846,3.059800191
151,142459-58-3,rat,0.25,5.56,1,2.19,Predicted,192,192,flufenacet,318.1152061,-626.2304121,1compartment,analytic,1.39,0.029976019,2.772588722,1.118657683,0.135977951
152,142459-58-3,rat,0.031174908,62.43434105,0.122366311,55.08594979,Fitted geometric mean,192,192,flufenacet,318.1152061,-626.2304121,1compartment,analytic,1.946384834,0.002619521,22.23413721,0.135810862,0.015949156
153,142459-58-3,rat,0.265566076,0.654634722,0.3261312,67.40993399,Fitted geometric std dev,192,192,flufenacet,318.1152061,-626.2304121,1compartment,analytic,0.173848774,0.078164485,2.610074266,0.082459396,1.494481698
154,678-39-7,Rat,0.25,5.56,1,2.19,Predicted,131,131,fluorotelomer alcohol 8+2,0,Inf,1compartment,analytic,1.39,0.029976019,2.772588722,1.118657683,0.135977951
155,678-39-7,Rat,0.110623145,11.41549499,0.375597148,1.764852768,Fitted geometric mean,131,131,fluorotelomer alcohol 8+2,0,Inf,1compartment,analytic,1.262817961,0.012392824,6.265842274,1.674310007,0.072789098
156,678-39-7,Rat,0.086837486,0.169039456,0.113919849,0.166012901,Fitted geometric std dev,131,131,fluorotelomer alcohol 8+2,0,Inf,1compartment,analytic,0.014678961,0.323364865,7.982119345,8.184701083,2.906310056
157,75-12-7,Rat,0.25,5.56,1,2.19,Predicted,172,172,formamide,-2480.629456,4971.258912,1compartment,analytic,1.39,0.029976019,2.772588722,1.118657683,0.135977951
158,75-12-7,Rat,0.033087293,0.460441089,0.579351112,2.961448894,Fitted geometric mean,172,172,formamide,-2480.629456,4971.258912,1compartment,analytic,0.015234749,1.584511113,20.94904453,1.534743728,2.064297228
159,75-12-7,Rat,0.039499608,0.038122822,0.039937665,0.085361283,Fitted geometric std dev,172,172,formamide,-2480.629456,4971.258912,1compartment,analytic,0.001505836,1.105079726,17.54820415,16.80274194,13.50743763
160,23422-53-9,rat,0.25,5.56,1,2.19,Predicted,192,192,formetanate hydrochloride,0,Inf,1compartment,analytic,1.39,0.029976019,2.772588722,1.118657683,0.135977951
161,23422-53-9,rat,1.11E-08,25.23939349,0.205364174,929.1216302,Fitted geometric mean,192,192,formetanate hydrochloride,0,Inf,1compartment,analytic,2.79E-07,30676.64054,62718943.2,0.027073879,0.039620603
162,23422-53-9,rat,3368.58555,3.162732586,1.070422325,1721974.711,Fitted geometric std dev,192,192,formetanate hydrochloride,0,Inf,1compartment,analytic,10653.93529,4.19E-06,0.000205768,3.63E-06,0.312340662
163,75-15-0,Rat,0.25,5.56,1,2.19,Predicted,167,167,free carbon disulfide,-70.07258072,146.1451614,1compartment,analytic,1.39,0.029976019,2.772588722,1.118657683,0.135977951
164,75-15-0,Rat,1.933726813,3.28174229,NA,NA,Fitted geometric mean,167,167,free carbon disulfide,-70.07258072,146.1451614,1compartment,analytic,6.345993058,0.006565823,0.35845145,NA,0
165,75-15-0,Rat,0.161597042,0.093961247,NA,NA,Fitted geometric std dev,167,167,free carbon disulfide,-70.07258072,146.1451614,1compartment,analytic,0.015183859,2.744142007,4.289355632,NA,0
166,25812-30-0,Rat,0.25,5.56,1,2.19,Predicted,163,163,gemfibrozil,-320.224224,650.4484479,1compartment,analytic,1.39,0.029976019,2.772588722,1.118657683,0.135977951
167,25812-30-0,Rat,0.059713436,0.814642471,0.275031577,10.56662324,Fitted geometric mean,163,163,gemfibrozil,-320.224224,650.4484479,1compartment,analytic,0.048645101,0.23557663,11.60789303,0.492618534,1.191949261
168,25812-30-0,Rat,0.146261771,0.186368215,0.154200789,0.22251187,Fitted geometric std dev,163,163,gemfibrozil,-320.224224,650.4484479,1compartment,analytic,0.027258545,0.235707109,4.739086472,5.502713905,2.399341269
169,563-96-2,Rat,0.25,5.56,1,2.19,Predicted,156,156,glyoxylic acid monohydrate,-158.7073479,323.4146957,1compartment,analytic,1.39,0.029976019,2.772588722,1.118657683,0.135977951
170,563-96-2,Rat,5.521077524,0.813021829,NA,NA,Fitted geometric mean,156,156,glyoxylic acid monohydrate,-158.7073479,323.4146957,1compartment,analytic,4.488756549,0.009282452,0.125545634,NA,0
171,563-96-2,Rat,0.159161537,0.154196406,NA,NA,Fitted geometric std dev,156,156,glyoxylic acid monohydrate,-158.7073479,323.4146957,1compartment,analytic,0.024542137,1.69776033,4.354991743,NA,0
172,118-74-1,Rat,0.25,5.56,1,2.19,Predicted,"174, 180",Joint Analysis,hexachlorobenzene,0,Inf,1compartment,analytic,1.39,0.029976019,2.772588722,1.118657683,0.135977951
173,118-74-1,Rat,0.000276853,4.577268457,0.999081601,4.111428515,Fitted geometric mean,"174, 180",Joint Analysis,hexachlorobenzene,0,Inf,1compartment,analytic,0.001267229,32.84994817,2503.66844,2.33652187,0.218329632
174,118-74-1,Rat,0.200434119,0.094535973,0.135992915,0.276133661,Fitted geometric std dev,"174, 180",Joint Analysis,hexachlorobenzene,0,Inf,1compartment,analytic,0.018948234,0.299044826,3.45822948,4.232514614,4.528698149
175,118-74-1,Rat,0.25,5.56,1,2.19,Predicted,174,174,hexachlorobenzene,584.1692658,-1158.338532,1compartment,analytic,1.39,0.029976019,2.772588722,1.118657683,0.135977951
176,118-74-1,Rat,0.00055839,3.558420208,0.999152912,2.406961641,Fitted geometric mean,174,174,hexachlorobenzene,584.1692658,-1158.338532,1compartment,analytic,0.001986988,20.95200231,1241.330738,3.477728597,0.280478385
177,118-74-1,Rat,0.13588643,0.137617577,0.151497568,0.378349866,Fitted geometric std dev,174,174,hexachlorobenzene,584.1692658,-1158.338532,1compartment,analytic,0.018700361,0.337554906,5.100930101,4.223316691,4.093437971
178,118-74-1,Rat,0.25,5.56,1,2.19,Predicted,180,180,hexachlorobenzene,4.541766719,-1.083533437,1compartment,analytic,1.39,0.029976019,2.772588722,1.118657683,0.135977951
179,118-74-1,Rat,0.000481635,7.994000046,NA,5.379647967,Fitted geometric mean,180,180,hexachlorobenzene,4.541766719,-1.083533437,1compartment,analytic,0.003850186,10.82198739,1439.156,1.732786717,0.124989464
180,118-74-1,Rat,0.145086769,0.056343096,NA,0.40403999,Fitted geometric std dev,180,180,hexachlorobenzene,4.541766719,-1.083533437,1compartment,analytic,0.008174638,5.097065844,4.77746651,3.955084563,9.998800454
181,15687-27-1,rat,0.25,5.56,1,2.19,Predicted,192,192,ibuprofen,-56.22147425,118.4429485,1compartment,analytic,1.39,0.029976019,2.772588722,1.118657683,0.135977951
182,15687-27-1,rat,0.18010512,0.504380937,NA,NA,Fitted geometric mean,192,192,ibuprofen,-56.22147425,118.4429485,1compartment,analytic,0.090841589,0.458673909,3.848570114,NA,0
183,15687-27-1,rat,0.20489728,0.243065361,NA,NA,Fitted geometric std dev,192,192,ibuprofen,-56.22147425,118.4429485,1compartment,analytic,0.049803431,0.836622407,3.382900833,NA,0
184,35554-44-0,rat,0.25,5.56,1,2.19,Predicted,192,192,imazalil,55.80781806,-101.6156361,1compartment,analytic,1.39,0.029976019,2.772588722,1.118657683,0.135977951
185,35554-44-0,rat,0.668196942,11.39882505,0.016332125,68.88717549,Fitted geometric mean,192,192,imazalil,55.80781806,-101.6156361,1compartment,analytic,7.616660039,8.93E-05,1.037339648,0.067952386,0.083834064
186,35554-44-0,rat,0.230817173,0.187857355,2.785221188,280.5950766,Fitted geometric std dev,192,192,imazalil,55.80781806,-101.6156361,1compartment,analytic,0.043360704,2.676406824,3.003013907,0.025335048,5.292150006
187,138261-41-3,rat,0.25,5.56,1,2.19,Predicted,192,192,imidacloprid,-99999,200008,1compartment,analytic,1.39,0.029976019,2.772588722,1.118657683,0.135977951
188,138261-41-3,rat,0.048774766,3.905983513,1.013031132,2.139053778,Fitted geometric mean,192,192,imidacloprid,-99999,200008,1compartment,analytic,0.190513432,0.221557242,14.21118415,1.808804347,0.234398266
189,138261-41-3,rat,0,0,0,0,Fitted geometric std dev,192,192,imidacloprid,-99999,200008,1compartment,analytic,0,NA,Inf,NA,0
190,50-49-7,rat,0.25,5.56,1,2.19,Predicted,192,192,imipramine,5.254576968,-0.509153937,1compartment,analytic,1.39,0.029976019,2.772588722,1.118657683,0.135977951
191,50-49-7,rat,0.069293406,11.63185117,0.102434495,6.642851208,Fitted geometric mean,192,192,imipramine,5.254576968,-0.509153937,1compartment,analytic,0.806010587,0.005295345,10.00307561,0.69413656,0.081933592
192,50-49-7,rat,0.822046278,0.434241774,0.381347309,2.797420268,Fitted geometric std dev,192,192,imipramine,5.254576968,-0.509153937,1compartment,analytic,0.356966834,0.044512458,0.843197274,0.619961715,1.383361763
193,97-54-1,Rat,0.25,5.56,1,2.19,Predicted,157,157,isoeugenol,-112.5248696,235.0497393,1compartment,analytic,1.39,0.029976019,2.772588722,1.118657683,0.135977951
194,97-54-1,Rat,0.160923268,19.99118357,0.299665199,36.21589745,Fitted geometric mean,157,157,isoeugenol,-112.5248696,235.0497393,1compartment,analytic,3.217046585,0.003881215,4.307314849,0.150224093,0.04882729
195,97-54-1,Rat,0.123520554,0.147305333,0.095594651,0.244701611,Fitted geometric std dev,157,157,isoeugenol,-112.5248696,235.0497393,1compartment,analytic,0.018195236,0.218909523,5.611593867,5.64140965,3.381832463
196,299-42-3,Rat,0.25,5.56,1,2.19,Predicted,136,136,l-ephedrine,28.49117442,-46.98234885,1compartment,analytic,1.39,0.029976019,2.772588722,1.118657683,0.135977951
197,299-42-3,Rat,0.22547383,13.81689353,0.685453463,6.897061684,Fitted geometric mean,136,136,l-ephedrine,28.49117442,-46.98234885,1compartment,analytic,3.115347906,0.009167695,3.074180184,0.512718521,0.064473782
198,299-42-3,Rat,0.095102798,0.16443001,0.13439517,0.152684346,Fitted geometric std dev,136,136,l-ephedrine,28.49117442,-46.98234885,1compartment,analytic,0.015637754,0.35809482,7.288399421,8.221632038,2.782556353
199,67-56-1,rat,0.25,5.56,1,2.19,Predicted,17,17,methanol,-20.19647492,46.39294984,1compartment,analytic,1.39,0.029976019,2.772588722,1.118657683,0.135977951
200,67-56-1,rat,0.304645195,0.992035309,NA,NA,Fitted geometric mean,17,17,methanol,-20.19647492,46.39294984,1compartment,analytic,0.30221879,0.137869213,2.275260505,NA,0
201,67-56-1,rat,0.054520316,0.026740731,NA,NA,Fitted geometric std dev,17,17,methanol,-20.19647492,46.39294984,1compartment,analytic,0.001457913,28.57966414,12.7135577,NA,0
202,1634-04-4,human,0.25,5.56,1,2.19,Predicted,51,51,methyl tert-butyl ether,71.4411682,-134.8823364,1compartment,analytic,1.39,0.029976019,2.772588722,1.118657683,0.135977951
203,1634-04-4,human,0.185247079,5.643376042,NA,16.00193282,Fitted geometric mean,51,51,methyl tert-butyl ether,71.4411682,-134.8823364,1compartment,analytic,1.045418928,0.03985643,3.741744184,0.281903198,0.168182729
204,1634-04-4,human,0.2975928,1.138276695,NA,93.6088618,Fitted geometric std dev,51,51,methyl tert-butyl ether,71.4411682,-134.8823364,1compartment,analytic,0.338742949,0.12300379,2.329179939,0.06163408,0.862554187
205,75-09-2,rat,0.25,5.56,1,2.19,Predicted,18,18,methylene chloride,-152.3506312,312.7012624,1compartment,analytic,1.39,0.029976019,2.772588722,1.118657683,0.135977951
206,75-09-2,rat,0.490805931,1.883285204,NA,19.86228492,Fitted geometric mean,18,18,methylene chloride,-152.3506312,312.7012624,1compartment,analytic,0.924327548,0.045077815,1.412263252,0.191029771,0.483465053
207,75-09-2,rat,0.174460002,0.102871751,NA,0.363550109,Fitted geometric std dev,18,18,methylene chloride,-152.3506312,312.7012624,1compartment,analytic,0.017947006,2.32165003,3.973100837,3.882919366,4.937494836
208,93-15-2,Rat,0.25,5.56,1,2.19,Predicted,"158, 170",Joint Analysis,methyleugenol,0,Inf,1compartment,analytic,1.39,0.029976019,2.772588722,1.118657683,0.135977951
209,93-15-2,Rat,0.22725233,2.28994986,0.032740791,33.82832937,Fitted geometric mean,"158, 170",Joint Analysis,methyleugenol,0,Inf,1compartment,analytic,0.520396442,0.002621462,3.050121334,0.148893825,0.422161899
210,93-15-2,Rat,0.068495228,0.267367239,0.273915845,0.245195127,Fitted geometric std dev,"158, 170",Joint Analysis,methyleugenol,0,Inf,1compartment,analytic,0.01831338,0.623214296,10.1196419,7.217266447,2.28138754
211,93-15-2,Rat,0.25,5.56,1,2.19,Predicted,158,158,methyleugenol,-276.4326891,558.8653783,1compartment,analytic,1.39,0.029976019,2.772588722,1.118657683,0.135977951
212,93-15-2,Rat,0.446430194,2.050874715,NA,NA,Fitted geometric mean,158,158,methyleugenol,-276.4326891,558.8653783,1compartment,analytic,0.915572397,0.045508872,1.552644042,NA,0
213,93-15-2,Rat,0.11333052,0.215332013,NA,NA,Fitted geometric std dev,158,158,methyleugenol,-276.4326891,558.8653783,1compartment,analytic,0.024403689,1.707392133,6.116156348,NA,0
214,93-15-2,Rat,0.25,5.56,1,2.19,Predicted,170,170,methyleugenol,-95.11820454,198.2364091,1compartment,analytic,1.39,0.029976019,2.772588722,1.118657683,0.135977951
215,93-15-2,Rat,0.201141443,73.21410749,NA,36.99277317,Fitted geometric mean,170,170,methyleugenol,-95.11820454,198.2364091,1compartment,analytic,14.72639124,0.002829387,3.446068448,0.14172977,0.013274693
216,93-15-2,Rat,0.075502351,0.064420156,NA,0.262145265,Fitted geometric std dev,170,170,methyleugenol,-95.11820454,198.2364091,1compartment,analytic,0.004863873,8.566560915,9.180471447,6.669071827,9.382048272
217,59467-70-8,rat,0.25,5.56,1,2.19,Predicted,192,192,midazolam,23.28982811,-36.57965622,1compartment,analytic,1.39,0.029976019,2.772588722,1.118657683,0.135977951
218,59467-70-8,rat,1.17951953,3.287661671,0.217837283,0.928213793,Fitted geometric mean,192,192,midazolam,23.28982811,-36.57965622,1compartment,analytic,3.877861148,0.002340608,0.587652144,0.953421808,0.098790265
219,59467-70-8,rat,0.192533698,0.148064909,0.270174699,0.471858909,Fitted geometric std dev,192,192,midazolam,23.28982811,-36.57965622,1compartment,analytic,0.028507484,0.394888547,3.600134347,3.209194123,3.640884027
220,91-20-3,Rat,0.25,5.56,1,2.19,Predicted,169,169,naphthalene,0,Inf,1compartment,analytic,1.39,0.029976019,2.772588722,1.118657683,0.135977951
221,91-20-3,Rat,0.408146499,2.007831207,NA,NA,Fitted geometric mean,169,169,naphthalene,0,Inf,1compartment,analytic,0.819489278,0.050844676,1.698280354,NA,0
222,91-20-3,Rat,0.100258006,0.153897858,NA,NA,Fitted geometric std dev,169,169,naphthalene,0,Inf,1compartment,analytic,0.015429492,2.700456095,6.913634201,NA,0
223,75530-68-6,rat,0.25,5.56,1,2.19,Predicted,192,192,nilvadipine,90.0590183,-170.1180366,1compartment,analytic,1.39,0.029976019,2.772588722,1.118657683,0.135977951
224,75530-68-6,rat,0.192303597,3.455505671,0.027202376,57.20583829,Fitted geometric mean,192,192,nilvadipine,90.0590183,-170.1180366,1compartment,analytic,0.664506169,0.001705676,3.604442105,0.099894453,0.283887039
225,75530-68-6,rat,0.273098366,0.300463276,0.590949672,159.1665478,Fitted geometric std dev,192,192,nilvadipine,90.0590183,-170.1180366,1compartment,analytic,0.08205603,0.300074266,2.538086147,0.040076381,3.291965974
226,14797-65-0,Rat,0.25,5.56,1,2.19,Predicted,137,137,nitrite,-393.4234033,796.8468067,1compartment,analytic,1.39,0.029976019,2.772588722,1.118657683,0.135977951
227,14797-65-0,Rat,0.406085771,2.190547306,0.486591174,22.77643967,Fitted geometric mean,137,137,nitrite,-393.4234033,796.8468067,1compartment,analytic,0.889550091,0.022792007,1.706898469,0.180011347,0.424326756
228,14797-65-0,Rat,0.117705333,0.1045085,0.098571502,0.279138381,Fitted geometric std dev,137,137,nitrite,-393.4234033,796.8468067,1compartment,analytic,0.012301208,0.333881516,5.888834098,5.349111196,5.098100167
229,116714-46-6,rat,0.25,5.56,1,2.19,Predicted,192,192,novaluron,143.4521761,-276.9043521,1compartment,analytic,1.39,0.029976019,2.772588722,1.118657683,0.135977951
230,116714-46-6,rat,0.033875395,3.855822946,0.410166262,0.53977426,Fitted geometric mean,192,192,novaluron,143.4521761,-276.9043521,1compartment,analytic,0.130617525,0.13084202,20.46167079,5.472362692,0.215463683
231,116714-46-6,rat,0.146188399,0.121337614,0.112301668,0.199240666,Fitted geometric std dev,192,192,novaluron,143.4521761,-276.9043521,1compartment,analytic,0.017738152,0.263795027,4.74146502,5.836080051,3.511387374
232,140-66-9,rat,0.25,5.56,1,2.19,Predicted,60,60,octylphenol,108.6645091,-207.3290182,1compartment,analytic,1.39,0.029976019,2.772588722,1.118657683,0.135977951
233,140-66-9,rat,0.048038906,37.30507015,0.069045935,2.596393812,Fitted geometric mean,60,60,octylphenol,108.6645091,-207.3290182,1compartment,analytic,1.792094772,0.001605336,14.42887095,1.565664,0.024863808
234,140-66-9,rat,0.259721832,0.102059034,0.097996801,0.291391214,Fitted geometric std dev,60,60,octylphenol,108.6645091,-207.3290182,1compartment,analytic,0.026506959,0.154042566,2.668805984,3.633021976,3.813810209
235,99614-02-5,rat,0.25,5.56,1,2.19,Predicted,192,192,ondansetron,0,Inf,1compartment,analytic,1.39,0.029976019,2.772588722,1.118657683,0.135977951
236,99614-02-5,rat,0.997545283,0.749451308,0.268047731,28.53661221,Fitted geometric mean,192,192,ondansetron,0,Inf,1compartment,analytic,0.747611617,0.014939114,0.694852848,0.121777751,1.181677582
237,99614-02-5,rat,0.164107659,0.304302316,0.230331066,1.01011635,Fitted geometric std dev,192,192,ondansetron,0,Inf,1compartment,analytic,0.049938341,0.192179548,4.223734497,2.148084471,2.309928332
238,604-75-1,Rat,0.25,5.56,1,2.19,Predicted,159,159,oxazepam,-405.9636898,821.9273796,1compartment,analytic,1.39,0.029976019,2.772588722,1.118657683,0.135977951
239,604-75-1,Rat,0.031228057,8.880420135,0.150912433,1.746114511,Fitted geometric mean,159,159,oxazepam,-405.9636898,821.9273796,1compartment,analytic,0.277318266,0.022674374,22.19629547,2.346412706,0.104651157
240,604-75-1,Rat,0.226814253,0.124926722,0.093507448,0.201393605,Fitted geometric std dev,159,159,oxazepam,-405.9636898,821.9273796,1compartment,analytic,0.028335161,0.137502082,3.056012445,4.676127327,2.771574599
241,434-07-1,Rat,0.25,5.56,1,2.19,Predicted,168,168,oxymetholone,-85.91507604,181.8301521,1compartment,analytic,1.39,0.029976019,2.772588722,1.118657683,0.135977951
242,434-07-1,Rat,0.16306074,5.638665796,0.165901962,1.847394987,Fitted geometric mean,168,168,oxymetholone,-85.91507604,181.8301521,1compartment,analytic,0.919445018,0.007518211,4.25085266,1.441168251,0.140205589
243,434-07-1,Rat,0.364834518,0.216623098,0.190187961,0.741061199,Fitted geometric std dev,168,168,oxymetholone,-85.91507604,181.8301521,1compartment,analytic,0.079031584,0.100270019,1.899894736,1.883543543,2.321966855
244,87-86-5,Rat,0.25,5.56,1,2.19,Predicted,161,161,"pentachlorophenol, purified",-1426.982017,2863.964033,1compartment,analytic,1.39,0.029976019,2.772588722,1.118657683,0.135977951
245,87-86-5,Rat,0.07683489,0.082064579,0.287405468,0.463879802,Fitted geometric mean,161,161,"pentachlorophenol, purified",-1426.982017,2863.964033,1compartment,analytic,0.006305423,1.899195014,9.021255564,4.645369518,8.527722532
246,87-86-5,Rat,0.068624193,0.049195534,0.059687471,0.085622321,Fitted geometric std dev,161,161,"pentachlorophenol, purified",-1426.982017,2863.964033,1compartment,analytic,0.003376004,0.736663251,10.10062411,13.01913173,8.318858277
247,335-67-1,rat,0.25,5.56,1,2.19,Predicted,192,192,pentadecafluorooctanoic acid,74.62358382,-139.2471676,1compartment,analytic,1.39,0.029976019,2.772588722,1.118657683,0.135977951
248,335-67-1,rat,0.004931779,0.840254629,0.932440576,1.295763642,Fitted geometric mean,192,192,pentadecafluorooctanoic acid,74.62358382,-139.2471676,1compartment,analytic,0.00414395,9.37551997,140.5470763,4.315942133,1.165051193
249,335-67-1,rat,0.193877035,0.062418355,0.065793369,0.131568158,Fitted geometric std dev,192,192,pentadecafluorooctanoic acid,74.62358382,-139.2471676,1compartment,analytic,0.012101486,0.226533374,3.575189713,6.22221275,4.794894631
250,335-76-2,Rat,0.25,5.56,1,2.19,Predicted,147,147,perfluorodecanoic acid,-956.1910688,1922.382138,1compartment,analytic,1.39,0.029976019,2.772588722,1.118657683,0.135977951
251,335-76-2,Rat,0.000756194,0.161301825,0.666799195,0.883720426,Fitted geometric mean,147,147,perfluorodecanoic acid,-956.1910688,1922.382138,1compartment,analytic,0.000121976,227.7776115,916.6255357,7.999868139,6.162167133
252,335-76-2,Rat,0.057972907,0.074576143,0.075260594,0.099540991,Fitted geometric std dev,147,147,perfluorodecanoic acid,-956.1910688,1922.382138,1compartment,analytic,0.004323396,0.725322921,11.95639857,13.00501966,6.309117615
253,3871-99-6,Rat,0.25,5.56,1,2.19,Predicted,143,143,perfluorohexane-1-sulphonic acid – potassium salt,-1145.644226,2301.288453,1compartment,analytic,1.39,0.029976019,2.772588722,1.118657683,0.135977951
254,3871-99-6,Rat,0.002053276,0.219713434,0.999813423,3.625329068,Fitted geometric mean,143,143,perfluorohexane-1-sulphonic acid – potassium salt,-1145.644226,2301.288453,1compartment,analytic,0.000451132,92.34294263,337.5810518,2.063398992,4.532140866
255,3871-99-6,Rat,0.289584287,0.154959488,0.137459447,0.265994478,Fitted geometric std dev,143,143,perfluorohexane-1-sulphonic acid – potassium salt,-1145.644226,2301.288453,1compartment,analytic,0.044873833,0.127635119,2.393593889,3.60201527,2.27391847
256,307-24-4,Rat,0.25,5.56,1,2.19,Predicted,145,145,perfluorohexanoic acid,-1205.480456,2420.960912,1compartment,analytic,1.39,0.029976019,2.772588722,1.118657683,0.135977951
257,307-24-4,Rat,0.087153744,3.591829075,0.999881591,2.108115764,Fitted geometric mean,145,145,perfluorohexanoic acid,-1205.480456,2420.960912,1compartment,analytic,0.313041352,0.133086995,7.953154363,1.576415618,0.242670169
258,307-24-4,Rat,0.309015263,0.211174935,0.291342008,0.195614948,Fitted geometric std dev,145,145,perfluorohexanoic acid,-1205.480456,2420.960912,1compartment,analytic,0.065256278,0.186024252,2.24308396,4.032109562,1.362178171
259,45298-90-6,Rat,0.25,5.56,1,2.19,Predicted,148,148,perfluorooctane sulfonate,-538.760944,1087.521888,1compartment,analytic,1.39,0.029976019,2.772588722,1.118657683,0.135977951
260,45298-90-6,Rat,0.000849504,0.200898786,0.913087114,0.602272386,Fitted geometric mean,148,148,perfluorooctane sulfonate,-538.760944,1087.521888,1compartment,analytic,0.000170664,222.924659,815.9431718,10.91380518,4.93169492
261,45298-90-6,Rat,0.053430479,0.074272726,0.076397363,0.108445858,Fitted geometric std dev,148,148,perfluorooctane sulfonate,-538.760944,1087.521888,1compartment,analytic,0.003968427,0.802137261,12.97287976,12.86676024,6.770224905
262,335-67-1,Rat,0.25,5.56,1,2.19,Predicted,146,146,perfluorooctanoic acid,-1663.746722,3337.493444,1compartment,analytic,1.39,0.029976019,2.772588722,1.118657683,0.135977951
263,335-67-1,Rat,0.004052628,0.318880175,0.999165583,4.175442589,Fitted geometric mean,146,146,perfluorooctanoic acid,-1663.746722,3337.493444,1compartment,analytic,0.001292303,32.21528692,171.0364839,1.66314112,3.114908515
264,335-67-1,Rat,0.152722177,0.226858608,0.193383383,0.314940513,Fitted geometric std dev,146,146,perfluorooctanoic acid,-1663.746722,3337.493444,1compartment,analytic,0.03464634,0.232568314,4.538615109,4.46166171,2.230071481
265,52645-53-1,rat,0.25,5.56,1,2.19,Predicted,192,192,permethrin,94.57806702,-179.156134,1compartment,analytic,1.39,0.029976019,2.772588722,1.118657683,0.135977951
266,52645-53-1,rat,0.125040604,100.2799742,0.999102772,2.887123616,Fitted geometric mean,192,192,permethrin,94.57806702,-179.156134,1compartment,analytic,12.53906853,0.003319966,5.54337678,1.136597802,0.008650943
267,52645-53-1,rat,0.201572343,0.315604551,0.27900585,0.554486027,Fitted geometric std dev,192,192,permethrin,94.57806702,-179.156134,1compartment,analytic,0.063617149,0.182737578,3.438701803,2.867254269,1.777674603
268,62-44-2,human,0.25,5.56,1,2.19,Predicted,14,14,phenacetin,-77.53317326,165.0663465,1compartment,analytic,1.39,0.029976019,2.772588722,1.118657683,0.135977951
269,62-44-2,human,0.639403217,1.369718176,0.17103061,0.401193975,Fitted geometric mean,14,14,phenacetin,-77.53317326,165.0663465,1compartment,analytic,0.875802208,0.008136855,1.084053321,1.956642091,0.208944157
270,62-44-2,human,0.14374432,0.09926399,0.309787425,0.58399973,Fitted geometric std dev,14,14,phenacetin,-77.53317326,165.0663465,1compartment,analytic,0.014268635,0.904628198,4.822083968,3.184206994,6.374213687
271,62-44-2,human,0.25,5.56,1,2.19,Predicted,14,14,phenacetin,-77.53317326,165.0663465,1compartment,analytic,1.39,0.029976019,2.772588722,1.118657683,0.135977951
272,62-44-2,human,0.639403217,1.369718176,0.17103061,0.401193975,Fitted geometric mean,14,14,phenacetin,-77.53317326,165.0663465,1compartment,analytic,0.875802208,0.008136855,1.084053321,1.956642091,0.208944157
273,62-44-2,human,0.14374432,0.09926399,0.309787425,0.58399973,Fitted geometric std dev,14,14,phenacetin,-77.53317326,165.0663465,1compartment,analytic,0.014268635,0.904628198,4.822083968,3.184206994,6.374213687
274,62-44-2,rat,0.25,5.56,1,2.19,Predicted,"1, 192, 62, 63, 67",Joint Analysis,phenacetin,-124.7298392,267.4596785,1compartment,analytic,1.39,0.029976019,2.772588722,1.118657683,0.135977951
275,62-44-2,rat,1.004758108,0.876634886,0.536914172,0.893124136,Fitted geometric mean,"1, 192, 62, 63, 67",Joint Analysis,phenacetin,-124.7298392,267.4596785,1compartment,analytic,0.88080601,0.025398809,0.689864729,1.055024018,0.395193705
276,62-44-2,rat,0.061032317,0.021307094,0.220956253,0.299125778,Fitted geometric std dev,"1, 192, 62, 63, 67",Joint Analysis,phenacetin,-124.7298392,267.4596785,1compartment,analytic,0.001300421,7.079636715,11.35705178,6.675784512,31.226797
277,62-44-2,rat,0.25,5.56,1,2.19,Predicted,67,67,phenacetin,0,Inf,1compartment,analytic,1.39,0.029976019,2.772588722,1.118657683,0.135977951
278,62-44-2,rat,0.424334428,7.729639538,NA,191.7344428,Fitted geometric mean,67,67,phenacetin,0,Inf,1compartment,analytic,3.279952171,0.012703437,1.633492677,0.031955158,0.127629735
279,62-44-2,rat,0.379685008,0.656364106,NA,101.8868192,Fitted geometric std dev,67,67,phenacetin,0,Inf,1compartment,analytic,0.249211611,0.167193922,1.825584801,0.055092442,1.492006459
280,62-44-2,rat,0.25,5.56,1,2.19,Predicted,63,63,phenacetin,-22.28573634,52.57147268,1compartment,analytic,1.39,0.029976019,2.772588722,1.118657683,0.135977951
281,62-44-2,rat,0.512810024,10.20607611,NA,6.491519262,Fitted geometric mean,63,63,phenacetin,-22.28573634,52.57147268,1compartment,analytic,5.23377814,0.007961107,1.351664647,0.424564286,0.078810892
282,62-44-2,rat,0.187504927,0.084740476,NA,0.168753224,Fitted geometric std dev,63,63,phenacetin,-22.28573634,52.57147268,1compartment,analytic,0.015889257,2.622316918,3.696687824,5.619099651,4.114647017
283,62-44-2,rat,0.25,5.56,1,2.19,Predicted,1,1,phenacetin,-43.42093271,94.84186543,1compartment,analytic,1.39,0.029976019,2.772588722,1.118657683,0.135977951
284,62-44-2,rat,0.477195479,3.829739804,NA,12.05068608,Fitted geometric mean,1,1,phenacetin,-43.42093271,94.84186543,1compartment,analytic,1.827534521,0.022799387,1.452543477,0.278995402,0.228565557
285,62-44-2,rat,0.195900659,0.128586482,NA,0.409919825,Fitted geometric std dev,1,1,phenacetin,-43.42093271,94.84186543,1compartment,analytic,0.025190176,1.654083952,3.538258553,3.449942908,3.956293107
286,62-44-2,rat,0.25,5.56,1,2.19,Predicted,62,62,phenacetin,-8.729560538,25.45912108,1compartment,analytic,1.39,0.029976019,2.772588722,1.118657683,0.135977951
287,62-44-2,rat,1.190899833,7.368016213,NA,6.463149177,Fitted geometric mean,62,62,phenacetin,-8.729560538,25.45912108,1compartment,analytic,8.774569278,0.004748571,0.582036508,0.320813261,0.092624188
288,62-44-2,rat,0.204182325,0.185178952,NA,0.661455216,Fitted geometric std dev,62,62,phenacetin,-8.729560538,25.45912108,1compartment,analytic,0.037810269,1.101993394,3.394746241,2.570519616,3.194970775
289,62-44-2,rat,0.25,5.56,1,2.19,Predicted,192,192,phenacetin,-10.69676603,27.39353206,1compartment,analytic,1.39,0.029976019,2.772588722,1.118657683,0.135977951
290,62-44-2,rat,0.995340287,0.878804261,NA,NA,Fitted geometric mean,192,192,phenacetin,-10.69676603,27.39353206,1compartment,analytic,0.874709285,0.047634874,0.696392168,NA,0
291,62-44-2,rat,0.054085224,0.020178539,NA,NA,Fitted geometric std dev,192,192,phenacetin,-10.69676603,27.39353206,1compartment,analytic,0.001091361,38.17863594,12.81583273,NA,0
292,77-09-8,Rat,0.25,5.56,1,2.19,Predicted,139,139,phenolphthalein,0,Inf,1compartment,analytic,1.39,0.029976019,2.772588722,1.118657683,0.135977951
293,77-09-8,Rat,0.217689089,0.938721467,NA,NA,Fitted geometric mean,139,139,phenolphthalein,0,Inf,1compartment,analytic,0.204349421,0.203899118,3.184115406,NA,0
294,77-09-8,Rat,0.149482942,0.495223242,NA,NA,Fitted geometric std dev,139,139,phenolphthalein,0,Inf,1compartment,analytic,0.074027427,0.562854449,4.636965071,NA,0
295,57-41-0,rat,0.25,5.56,1,2.19,Predicted,192,192,phenytoin,-109.1915467,228.3830935,1compartment,analytic,1.39,0.029976019,2.772588722,1.118657683,0.135977951
296,57-41-0,rat,0.211210975,1.272673391,0.643186028,48.56054417,Fitted geometric mean,192,192,phenytoin,-109.1915467,228.3830935,1compartment,analytic,0.268802588,0.099699255,3.281776336,0.112467096,0.76730262
297,57-41-0,rat,0.308568781,0.228959346,0.653278202,140.2220154,Fitted geometric std dev,192,192,phenytoin,-109.1915467,228.3830935,1compartment,analytic,0.070649706,0.385280088,2.246329578,0.043734449,4.309042552
298,29420-49-3,Rat,0.25,5.56,1,2.19,Predicted,144,144,potassium perfluorobutane sulfonate,-994.8289722,1999.657944,1compartment,analytic,1.39,0.029976019,2.772588722,1.118657683,0.135977951
299,29420-49-3,Rat,0.196398597,0.142693153,0.309111061,3.600908973,Fitted geometric mean,144,144,potassium perfluorobutane sulfonate,-994.8289722,1999.657944,1compartment,analytic,0.028024735,0.45958071,3.529287849,0.854394616,5.925451208
300,29420-49-3,Rat,0.051175334,0.104327359,0.100200474,0.099571044,Fitted geometric std dev,144,144,potassium perfluorobutane sulfonate,-994.8289722,1999.657944,1compartment,analytic,0.005338987,0.78198718,13.54455595,13.75356906,4.741616668
301,125-33-7,Rat,0.25,5.56,1,2.19,Predicted,140,140,primidone,-351.6820931,711.3641863,1compartment,analytic,1.39,0.029976019,2.772588722,1.118657683,0.135977951
302,125-33-7,Rat,0.21587788,1.108867109,NA,1.117935189,Fitted geometric mean,140,140,primidone,-351.6820931,711.3641863,1compartment,analytic,0.23937988,0.174060855,3.21083004,1.823083511,0.608412438
303,125-33-7,Rat,0.090994242,0.101836127,NA,0.177902196,Fitted geometric std dev,140,140,primidone,-351.6820931,711.3641863,1compartment,analytic,0.009266501,4.496483165,7.617483941,7.714342329,4.866765861
304,25606-41-1,rat,0.25,5.56,1,2.19,Predicted,192,192,propamocarb hydrochloride,116.3181644,-222.6363288,1compartment,analytic,1.39,0.029976019,2.772588722,1.118657683,0.135977951
305,25606-41-1,rat,2.530365675,7.578664531,0.019107649,4.819827754,Fitted geometric mean,192,192,propamocarb hydrochloride,116.3181644,-222.6363288,1compartment,analytic,19.17679259,4.15E-05,0.273931625,0.281452298,0.064731053
306,25606-41-1,rat,0.121413723,0.069864795,0.2135319,0.487364061,Fitted geometric std dev,192,192,propamocarb hydrochloride,116.3181644,-222.6363288,1compartment,analytic,0.008482545,1.04887892,5.708968987,3.797803539,9.025807169
307,94-13-3,rat,0.25,5.56,1,2.19,Predicted,64,64,propylparaben,-65.94681951,139.893639,1compartment,analytic,1.39,0.029976019,2.772588722,1.118657683,0.135977951
308,94-13-3,rat,343.9715686,0.038447176,NA,0.22373185,Fitted geometric mean,64,64,propylparaben,-65.94681951,139.893639,1compartment,analytic,13.22473535,0.003150662,0.002015129,0.021346654,0.016837076
309,94-13-3,rat,28.70294704,28.72166042,NA,0.221836146,Fitted geometric std dev,64,64,propylparaben,-65.94681951,139.893639,1compartment,analytic,824.3962978,5.05E-05,0.02414899,0.170738286,0.000259088
310,23950-58-5,rat,0.25,5.56,1,2.19,Predicted,192,192,propyzamide,138.9727502,-267.9455003,1compartment,analytic,1.39,0.029976019,2.772588722,1.118657683,0.135977951
311,23950-58-5,rat,0.108300369,10.50239064,0.999647859,4.132283476,Fitted geometric mean,192,192,propyzamide,138.9727502,-267.9455003,1compartment,analytic,1.13741278,0.036619946,6.400229182,0.904993082,0.086326903
312,23950-58-5,rat,0.086486574,0.314094176,0.156300574,0.37904904,Fitted geometric std dev,192,192,propyzamide,138.9727502,-267.9455003,1compartment,analytic,0.027164929,0.23974014,8.0145062,5.050806499,2.05697296
313,110-86-1,Rat,0.25,5.56,1,2.19,Predicted,"149, 162",Joint Analysis,pyridine,-1417.432178,2846.864357,1compartment,analytic,1.39,0.029976019,2.772588722,1.118657683,0.135977951
314,110-86-1,Rat,0.097292983,0.801149186,0.644204845,8.729589185,Fitted geometric mean,"149, 162",Joint Analysis,pyridine,-1417.432178,2846.864357,1compartment,analytic,0.077946194,0.344364068,7.124328574,0.520921272,1.186521734
315,110-86-1,Rat,0.078152124,0.097512694,0.088542543,0.133027164,Fitted geometric std dev,"149, 162",Joint Analysis,pyridine,-1417.432178,2846.864357,1compartment,analytic,0.007620824,0.484104151,8.869204628,9.6928606,4.807874361
316,110-86-1,Rat,0.25,5.56,1,2.19,Predicted,162,162,pyridine,-99999,200008,1compartment,analytic,1.39,0.029976019,2.772588722,1.118657683,0.135977951
317,110-86-1,Rat,0.261742716,0.841231723,1.103180045,2.264348058,Fitted geometric mean,162,162,pyridine,-99999,200008,1compartment,analytic,0.220186276,0.208758856,2.648200456,1.077436525,0.896620092
318,110-86-1,Rat,0,0,0,0,Fitted geometric std dev,162,162,pyridine,-99999,200008,1compartment,analytic,0,NA,Inf,NA,0
319,110-86-1,Rat,0.25,5.56,1,2.19,Predicted,149,149,pyridine,-739.6632352,1489.32647,1compartment,analytic,1.39,0.029976019,2.772588722,1.118657683,0.135977951
320,110-86-1,Rat,0.16351509,0.622593357,0.511563002,32.74519342,Fitted geometric mean,149,149,pyridine,-739.6632352,1489.32647,1compartment,analytic,0.101803409,0.209375357,4.239041063,0.162656022,1.564028677
321,110-86-1,Rat,0.275821361,0.198027699,0.169717901,0.295028932,Fitted geometric std dev,149,149,pyridine,-739.6632352,1489.32647,1compartment,analytic,0.05462027,0.129468039,2.513029367,3.504868611,1.920586736
322,123343-16-8,rat,0.25,5.56,1,2.19,Predicted,192,192,pyrithiobac sodium,0.859717525,8.280564949,1compartment,analytic,1.39,0.029976019,2.772588722,1.118657683,0.135977951
323,123343-16-8,rat,0.125132705,1.05175583,0.999936471,2.94944851,Fitted geometric mean,192,192,pyrithiobac sodium,0.859717525,8.280564949,1compartment,analytic,0.131609052,0.316574118,5.539296693,1.118854579,0.826573623
324,123343-16-8,rat,0.151048116,0.345221335,0.301111974,0.49420942,Fitted geometric std dev,192,192,pyrithiobac sodium,0.859717525,8.280564949,1compartment,analytic,0.052145032,0.240604555,4.58891644,3.454238303,1.719121371
325,10453-86-8,rat,0.25,5.56,1,2.19,Predicted,192,192,resmethrin,125.9172906,-241.8345812,1compartment,analytic,1.39,0.029976019,2.772588722,1.118657683,0.135977951
326,10453-86-8,rat,0.332601667,50.09253314,0.513733421,2.359388683,Fitted geometric mean,192,192,resmethrin,125.9172906,-241.8345812,1compartment,analytic,16.66086001,0.001284781,2.084015957,0.96665917,0.014474245
327,10453-86-8,rat,0.214483738,0.26040793,0.191205162,0.355094873,Fitted geometric std dev,192,192,resmethrin,125.9172906,-241.8345812,1compartment,analytic,0.055853266,0.142639496,3.231700398,3.585427851,1.779780331
328,28434-00-6,rat,0.25,5.56,1,2.19,Predicted,192,192,s-bioallethrin,95.2584564,-180.5169128,1compartment,analytic,1.39,0.029976019,2.772588722,1.118657683,0.135977951
329,28434-00-6,rat,0.414051604,27.22152073,0.056431419,57.33886902,Fitted geometric mean,192,192,s-bioallethrin,95.2584564,-180.5169128,1compartment,analytic,11.27111433,0.000208614,1.674059885,0.086618519,0.03544148
330,28434-00-6,rat,0.230637924,0.252725443,1.033097002,134.2809915,Fitted geometric std dev,192,192,s-bioallethrin,95.2584564,-180.5169128,1compartment,analytic,0.058288072,0.738499442,3.005347808,0.047495889,3.913754845
331,122-34-9,rat,0.25,5.56,1,2.19,Predicted,192,192,simazine,102.6690804,-195.3381608,1compartment,analytic,1.39,0.029976019,2.772588722,1.118657683,0.135977951
332,122-34-9,rat,1.939020728,3.592395222,0.109907367,0.769109313,Fitted geometric mean,192,192,simazine,102.6690804,-195.3381608,1compartment,analytic,6.9657288,0.000657429,0.357472806,0.7904062,0.06011877
333,122-34-9,rat,0.132567948,0.115203734,0.270408472,0.394014949,Fitted geometric std dev,192,192,simazine,102.6690804,-195.3381608,1compartment,analytic,0.015272323,0.737741073,5.228618157,4.166402816,4.996419949
334,1229-55-6,rat,0.25,5.56,1,2.19,Predicted,66,66,solvent red1,31.43497141,-54.86994282,1compartment,analytic,1.39,0.029976019,2.772588722,1.118657683,0.135977951
335,1229-55-6,rat,0.194649829,52.11543436,NA,3.643034717,Fitted geometric mean,66,66,solvent red1,31.43497141,-54.86994282,1compartment,analytic,10.14426039,0.004107413,3.560995578,0.849490479,0.016263787
336,1229-55-6,rat,0.277334397,0.375731434,NA,0.451371265,Fitted geometric std dev,66,66,solvent red1,31.43497141,-54.86994282,1compartment,analytic,0.104203251,0.399859566,2.499319188,2.798638143,1.224731993
337,10540-29-1,Rat,0.25,5.56,1,2.19,Predicted,141,141,tamoxifen,23.86306533,-39.72613066,1compartment,analytic,1.39,0.029976019,2.772588722,1.118657683,0.135977951
338,10540-29-1,Rat,0.120047344,72051.20771,NA,14.42143345,Fitted geometric mean,141,141,tamoxifen,23.86306533,-39.72613066,1compartment,analytic,8649.556132,4.82E-06,5.77394848,0.334833601,1.33E-05
339,10540-29-1,Rat,0.343116584,0.306105964,NA,3.85323163,Fitted geometric std dev,141,141,tamoxifen,23.86306533,-39.72613066,1compartment,analytic,0.105030033,0.396711927,2.020150624,0.68903644,2.579006168
340,994-05-8,human,0.25,5.56,1,2.19,Predicted,51,51,tert-amyl methyl ether,78.6966016,-149.3932032,1compartment,analytic,1.39,0.029976019,2.772588722,1.118657683,0.135977951
341,994-05-8,human,0.267186617,12.72165683,NA,17.62875584,Fitted geometric mean,51,51,tert-amyl methyl ether,78.6966016,-149.3932032,1compartment,analytic,3.399056456,0.012258304,2.59424363,0.241299579,0.073698132
342,994-05-8,human,0.210345562,1.410630423,NA,91.08706742,Fitted geometric std dev,51,51,tert-amyl methyl ether,78.6966016,-149.3932032,1compartment,analytic,0.296719849,0.140424265,3.295278365,0.066802799,0.69901129
343,127-18-4,rat,0.25,5.56,1,2.19,Predicted,4,4,tetrachloroethylene,-31.03603067,70.07206133,1compartment,analytic,1.39,0.029976019,2.772588722,1.118657683,0.135977951
344,127-18-4,rat,0.086278371,12.73286998,NA,1.226834071,Fitted geometric mean,4,4,tetrachloroethylene,-31.03603067,70.07206133,1compartment,analytic,1.098571279,0.03792805,8.033846412,2.327473585,0.064248464
345,127-18-4,rat,0.199366358,0.111730408,NA,0.283874909,Fitted geometric std dev,4,4,tetrachloroethylene,-31.03603067,70.07206133,1compartment,analytic,0.022275284,1.870533543,3.476750984,4.181701721,3.888314383
346,119-64-2,Rat,0.25,5.56,1,2.19,Predicted,152,152,tetralin,0,Inf,1compartment,analytic,1.39,0.029976019,2.772588722,1.118657683,0.135977951
347,119-64-2,Rat,0.189543161,2.738920144,NA,NA,Fitted geometric mean,152,152,tetralin,0,Inf,1compartment,analytic,0.519143583,0.08026039,3.656935842,NA,0
348,119-64-2,Rat,0.106000144,0.187776669,NA,NA,Fitted geometric std dev,152,152,tetralin,0,Inf,1compartment,analytic,0.019904354,2.093344343,6.539115479,NA,0
349,123-93-3,Rat,0.25,5.56,1,2.19,Predicted,155,155,thiodiglycolic acid,-107.1097724,220.2195448,1compartment,analytic,1.39,0.029976019,2.772588722,1.118657683,0.135977951
350,123-93-3,Rat,0.486214699,1.412785127,NA,NA,Fitted geometric mean,155,155,thiodiglycolic acid,-107.1097724,220.2195448,1compartment,analytic,0.686916895,0.060657507,1.425598983,NA,0
351,123-93-3,Rat,0.126599676,0.201232014,NA,NA,Fitted geometric std dev,155,155,thiodiglycolic acid,-107.1097724,220.2195448,1compartment,analytic,0.025475908,1.635532167,5.475110209,NA,0
352,64-77-7,rat,0.25,5.56,1,2.19,Predicted,192,192,tolbutamide,-99999,200008,1compartment,analytic,1.39,0.029976019,2.772588722,1.118657683,0.135977951
353,64-77-7,rat,0.224809998,0.166808975,1.060449009,2.39340622,Fitted geometric mean,192,192,tolbutamide,-99999,200008,1compartment,analytic,0.037500325,1.178266457,3.08325781,1.090667415,4.691315551
354,64-77-7,rat,0,0,0,0,Fitted geometric std dev,192,192,tolbutamide,-99999,200008,1compartment,analytic,0,NA,Inf,NA,0
355,79-01-6,rat,0.25,5.56,1,2.19,Predicted,"18, 29",Joint Analysis,trichloroethylene,-35.33895611,80.67791223,1compartment,analytic,1.39,0.029976019,2.772588722,1.118657683,0.135977951
356,79-01-6,rat,0.8172729,2.564597404,NA,466.1949706,Fitted geometric mean,"18, 29",Joint Analysis,trichloroethylene,-35.33895611,80.67791223,1compartment,analytic,2.095975957,0.019879363,0.848122067,0.013637066,0.385603086
357,79-01-6,rat,0.24480687,0.470508236,NA,238.1640936,Fitted geometric std dev,"18, 29",Joint Analysis,trichloroethylene,-35.33895611,80.67791223,1compartment,analytic,0.115183649,0.36174116,2.831404119,0.028918402,2.110368111
358,79-01-6,rat,0.25,5.56,1,2.19,Predicted,18,18,trichloroethylene,-29.92382679,67.84765358,1compartment,analytic,1.39,0.029976019,2.772588722,1.118657683,0.135977951
359,79-01-6,rat,0.812689521,2.353347707,NA,421.8047219,Fitted geometric mean,18,18,trichloroethylene,-29.92382679,67.84765358,1compartment,analytic,1.912541021,0.021786025,0.852905276,0.014850515,0.419829027
360,79-01-6,rat,0.243621952,0.389577811,NA,166.1286831,Fitted geometric std dev,18,18,trichloroethylene,-29.92382679,67.84765358,1compartment,analytic,0.094909707,0.439013753,2.845175379,0.039333863,2.542401405
361,79-01-6,rat,0.25,5.56,1,2.19,Predicted,29,29,trichloroethylene,7.950992176,-7.901984352,1compartment,analytic,1.39,0.029976019,2.772588722,1.118657683,0.135977951
362,79-01-6,rat,6.243448857,2.32912279,NA,27.64348997,Fitted geometric mean,29,29,trichloroethylene,7.950992176,-7.901984352,1compartment,analytic,14.54175902,0.002865311,0.111019918,0.069525919,0.278155983
363,79-01-6,rat,0.078989798,0.053547185,NA,0.095462277,Fitted geometric std dev,29,29,trichloroethylene,7.950992176,-7.901984352,1compartment,analytic,0.004229681,9.851018053,8.775148187,11.4987222,7.530115025
364,3380-34-5,rat,0.25,5.56,1,2.19,Predicted,192,192,triclosan,0,Inf,1compartment,analytic,1.39,0.029976019,2.772588722,1.118657683,0.135977951
365,3380-34-5,rat,0.064983966,0.617875748,NA,NA,Fitted geometric mean,192,192,triclosan,0,Inf,1compartment,analytic,0.040152017,1.037722888,10.66643394,NA,0
366,3380-34-5,rat,0.375459892,1.798882485,NA,NA,Fitted geometric std dev,192,192,triclosan,0,Inf,1compartment,analytic,0.675408223,0.061691086,1.846128431,NA,0
367,99-66-1,rat,0.25,5.56,1,2.19,Predicted,192,192,valproic acid,-211.3929251,432.7858501,1compartment,analytic,1.39,0.029976019,2.772588722,1.118657683,0.135977951
368,99-66-1,rat,0.889738622,0.221344783,0.561816968,2.143092126,Fitted geometric mean,192,192,valproic acid,-211.3929251,432.7858501,1compartment,analytic,0.196939002,0.11886442,0.779045849,0.701380133,2.420535259
369,99-66-1,rat,0.100130611,0.056370165,0.11139267,0.273466275,Fitted geometric std dev,192,192,valproic acid,-211.3929251,432.7858501,1compartment,analytic,0.005644379,0.82229793,6.922430326,5.796284719,9.928701628
370,50892-23-4,Rat,0.25,5.56,1,2.19,Predicted,173,173,wyeth-14643,-154.0674231,318.1348461,1compartment,analytic,1.39,0.029976019,2.772588722,1.118657683,0.135977951
371,50892-23-4,Rat,0.327268245,0.448898741,0.852959135,3.181708467,Fitted geometric mean,173,173,wyeth-14643,-154.0674231,318.1348461,1compartment,analytic,0.146910303,0.241916075,2.117978726,0.796791403,1.716338795
372,50892-23-4,Rat,0.124499842,0.271370129,0.172919869,0.319964395,Fitted geometric std dev,173,173,wyeth-14643,-154.0674231,318.1348461,1compartment,analytic,0.033785538,0.213256764,5.567454288,4.829035556,2.019919051
