"","CAS","Species","kelim","Vdist","Fgutabs","kgutabs","param.value.type","Reference","Data.Analyzed","Compound","LogLikelihood","AIC","model","model.type","CLtot","Css","halflife","tpeak.oral","Cpeak.oral.1mgkg"
"1","107-06-2","rat",0.25,5.56,1,2.19,"Predicted","18","18","1,2-dichloroethane",-139.325239787894,286.650479575789,"1compartment","analytic",1.39,0.0299760191846523,2.77258872223978,1.11865768296304,0.135977951324513
"2","107-06-2","rat",0.343115359253152,3.64982151356099,NA,21.0505893975501,"Fitted geometric mean","18","18","1,2-dichloroethane",-139.325239787894,286.650479575789,"1compartment","analytic",1.25230981983536,0.0332718517468341,2.02015783283119,0.198798613293634,0.255920322387007
"3","107-06-2","rat",0.177212281553204,0.136914939003535,NA,0.48645630328271,"Fitted geometric std dev","18","18","1,2-dichloroethane",-139.325239787894,286.650479575789,"1compartment","analytic",0.0242630087195341,1.71729183088167,3.91139470969366,3.26537835282765,4.09485079657592
"4","123-91-1","rat",0.25,5.56,1,2.19,"Predicted","24, 6","Joint Analysis","1,4-dioxane",-682.701864036147,1373.40372807229,"1compartment","analytic",1.39,0.0299760191846523,2.77258872223978,1.11865768296304,0.135977951324513
"5","123-91-1","rat",0.0515600403536237,1.19850974347972,NA,NA,"Fitted geometric mean","24, 6","Joint Analysis","1,4-dioxane",-682.701864036147,1373.40372807229,"1compartment","analytic",0.0617952107380257,0.674270160568076,13.4434956956202,NA,0
"6","123-91-1","rat",0.0646294594192356,0.0541249164580911,NA,NA,"Fitted geometric std dev","24, 6","Joint Analysis","1,4-dioxane",-682.701864036147,1373.40372807229,"1compartment","analytic",0.00349806409179772,11.9113502706731,10.7249416409886,NA,0
"7","123-91-1","rat",0.25,5.56,1,2.19,"Predicted","24","24","1,4-dioxane",-233.334829013905,472.66965802781,"1compartment","analytic",1.39,0.0299760191846523,2.77258872223978,1.11865768296304,0.135977951324513
"8","123-91-1","rat",0.0640361496872397,1.08502026767284,NA,NA,"Fitted geometric mean","24","24","1,4-dioxane",-233.334829013905,472.66965802781,"1compartment","analytic",0.0694805202743872,0.599688466668353,10.8243107048965,NA,0
"9","123-91-1","rat",0.103404741029424,0.0950102237465628,NA,NA,"Fitted geometric std dev","24","24","1,4-dioxane",-233.334829013905,472.66965802781,"1compartment","analytic",0.00982450758166097,4.24109466254006,6.70324371648209,NA,0
"10","123-91-1","rat",0.25,5.56,1,2.19,"Predicted","6","6","1,4-dioxane",-446.376587561073,898.753175122146,"1compartment","analytic",1.39,0.0299760191846523,2.77258872223978,1.11865768296304,0.135977951324513
"11","123-91-1","rat",0.0468870201778022,1.25798886552694,NA,NA,"Fitted geometric mean","6","6","1,4-dioxane",-446.376587561073,898.753175122146,"1compartment","analytic",0.0589833493214122,0.706414049829835,14.7833489509769,NA,0
"12","123-91-1","rat",0.0757289750503585,0.0614164470449749,NA,NA,"Fitted geometric std dev","6","6","1,4-dioxane",-446.376587561073,898.753175122146,"1compartment","analytic",0.00465100458595057,8.95863805263285,9.15299830875849,NA,0
"13","127-00-4","Rat",0.25,5.56,1,2.19,"Predicted","176","176","1-chloro-2-propanol",-73.9932296968123,155.986459393625,"1compartment","analytic",1.39,0.0299760191846523,2.77258872223978,1.11865768296304,0.135977951324513
"14","127-00-4","Rat",1.37164370627824,2.82807983811572,NA,20.5241093689699,"Fitted geometric mean","176","176","1-chloro-2-propanol",-73.9932296968123,155.986459393625,"1compartment","analytic",3.87911791080381,0.0107412735639254,0.505340546810587,0.141265908174527,0.291310819730169
"15","127-00-4","Rat",0.076772979165282,0.0702112221508664,NA,0.244182736630837,"Fitted geometric std dev","176","176","1-chloro-2-propanol",-73.9932296968123,155.986459393625,"1compartment","analytic",0.00539032469535745,7.72989922157252,9.02853045558766,6.91156918609204,8.37813523356911
"16","1746-01-6","Rat",0.25,5.56,1,2.19,"Predicted","177","177","2,3,7,8-tetrachlorodibenzo-p-dioxin",23.512228044296,-39.0244560885921,"1compartment","analytic",1.39,0.0299760191846523,2.77258872223978,1.11865768296304,0.135977951324513
"17","1746-01-6","Rat",0.00188772406741084,1.45195013932386,NA,11.9203443706283,"Fitted geometric mean","177","177","2,3,7,8-tetrachlorodibenzo-p-dioxin",23.512228044296,-39.0244560885921,"1compartment","analytic",0.00274088122268217,15.2019234988565,367.186705157948,0.734208310987475,0.687774979515709
"18","1746-01-6","Rat",1.15059193961715,0.991155207935628,NA,417.148319452528,"Fitted geometric std dev","177","177","2,3,7,8-tetrachlorodibenzo-p-dioxin",23.512228044296,-39.0244560885921,"1compartment","analytic",1.14041519316029,0.0365364008797541,0.602426591646892,0.0141663401285466,0.992611889915758
"19","94-75-7","rat",0.25,5.56,1,2.19,"Predicted","192","192","2,4-d",-99999,200008,"1compartment","analytic",1.39,0.0299760191846523,2.77258872223978,1.11865768296304,0.135977951324513
"20","94-75-7","rat",0.274932361087425,1.19520765312504,1.08100358828281,1.82917072968266,"Fitted geometric mean","192","192","2,4-d",-99999,200008,"1compartment","analytic",0.328601262063428,0.137071342622404,2.52115530459339,1.21930645936444,0.598369548178909
"21","94-75-7","rat",0,0,0,0,"Fitted geometric std dev","192","192","2,4-d",-99999,200008,"1compartment","analytic",0,NA,Inf,NA,0
"22","94-75-7","Rat",0.25,5.56,1,2.19,"Predicted","164","164","2,4-dichlorophenoxyacetic acid",-359.297371506469,728.594743012938,"1compartment","analytic",1.39,0.0299760191846523,2.77258872223978,1.11865768296304,0.135977951324513
"23","94-75-7","Rat",0.297097666691357,0.256405689390969,0.586228338888776,16.943439644108,"Fitted geometric mean","164","164","2,4-dichlorophenoxyacetic acid",-359.297371506469,728.594743012938,"1compartment","analytic",0.0761775320444457,0.320648098349798,2.33306167725655,0.242910729150276,3.62852472500453
"24","94-75-7","Rat",0.124733448536664,0.16317434260182,0.125248174845722,0.239763004879392,"Fitted geometric std dev","164","164","2,4-dichlorophenoxyacetic acid",-359.297371506469,728.594743012938,"1compartment","analytic",0.0203532984654282,0.256404334696386,5.55702731457954,5.68090435016625,3.01722420968974
"25","131-57-7","Rat",0.25,5.56,1,2.19,"Predicted","129","129","2-hydroxy-4-methoxybenzophenone",266.055820020079,-522.111640040157,"1compartment","analytic",1.39,0.0299760191846523,2.77258872223978,1.11865768296304,0.135977951324513
"26","131-57-7","Rat",0.176960966184248,12.1913792678785,0.0335399146939754,2.99191821718874,"Fitted geometric mean","129","129","2-hydroxy-4-methoxybenzophenone",266.055820020079,-522.111640040157,"1compartment","analytic",2.15739825436239,0.000647769341036818,3.91694957089157,1.00454130366045,0.0686665097369014
"27","131-57-7","Rat",0.0879433659892965,0.145103915788462,0.0999856797545873,0.152396374719312,"Fitted geometric std dev","129","129","2-hydroxy-4-methoxybenzophenone",266.055820020079,-522.111640040157,"1compartment","analytic",0.0127609267726648,0.326470801376169,7.88174494758715,8.53011871557155,3.25482262306742
"28","693-98-1","Rat",0.25,5.56,1,2.19,"Predicted","150","150","2-methylimidazole",-73.5864960294281,153.172992058856,"1compartment","analytic",1.39,0.0299760191846523,2.77258872223978,1.11865768296304,0.135977951324513
"29","693-98-1","Rat",0.0166717012015757,1.53966160964698,NA,NA,"Fitted geometric mean","150","150","2-methylimidazole",-73.5864960294281,153.172992058856,"1compartment","analytic",0.0256687783075715,1.62324307637096,41.5762718020903,NA,0
"30","693-98-1","Rat",0.110108310062301,0.0616048879882502,NA,NA,"Fitted geometric std dev","150","150","2-methylimidazole",-73.5864960294281,153.172992058856,"1compartment","analytic",0.00678321010796361,6.14261772869888,6.29513957818215,NA,0
"31","96-47-9","Rat",0.25,5.56,1,2.19,"Predicted","175","175","2-methyltetrahydrofuran",-1262.37631701298,2534.75263402595,"1compartment","analytic",1.39,0.0299760191846523,2.77258872223978,1.11865768296304,0.135977951324513
"32","96-47-9","Rat",0.38357056842444,0.812732615596672,0.477437256007488,34.7088665425346,"Fitted geometric mean","175","175","2-methyltetrahydrofuran",-1262.37631701298,2534.75263402595,"1compartment","analytic",0.311740311341497,0.0638134314895191,1.80709167391838,0.13125092471846,1.17000628177497
"33","96-47-9","Rat",0.055205639759407,0.0609413766880955,0.0581857440862769,0.225383971471931,"Fitted geometric std dev","175","175","2-methyltetrahydrofuran",-1262.37631701298,2534.75263402595,"1compartment","analytic",0.00336430768788533,0.720625527898359,12.5557313271029,8.26627195025512,10.396800175396
"34","57465-28-8","Rat",0.25,5.56,1,2.19,"Predicted","179","179","3,3',4,4',5-pentachlorobiphenyl",0,Inf,"1compartment","analytic",1.39,0.0299760191846523,2.77258872223978,1.11865768296304,0.135977951324513
"35","57465-28-8","Rat",2.9978273207144e-05,576.59947535308,NA,620.183230658369,"Fitted geometric mean","179","179","3,3',4,4',5-pentachlorobiphenyl",0,Inf,"1compartment","analytic",0.0172854566032305,2.41050425355147,23121.6513296291,0.0271614139408076,0.00173430470975662
"36","57465-28-8","Rat",1.94095474907354,1.71742631310935,NA,207137.862397466,"Fitted geometric std dev","179","179","3,3',4,4',5-pentachlorobiphenyl",0,Inf,"1compartment","analytic",3.33344675861345,0.0124995746696725,0.357116610209898,5.58954708634458e-05,0.582203444580392
"37","822-36-6","Rat",0.25,5.56,1,2.19,"Predicted","151","151","4-methylimidazole",-80.8629263050424,167.725852610085,"1compartment","analytic",1.39,0.0299760191846523,2.77258872223978,1.11865768296304,0.135977951324513
"38","822-36-6","Rat",0.483825315403481,1.15538189699759,NA,NA,"Fitted geometric mean","151","151","4-methylimidazole",-80.8629263050424,167.725852610085,"1compartment","analytic",0.559003010726331,0.0745374637831159,1.43263934005169,NA,0
"39","822-36-6","Rat",0.0739910043658703,0.0301685969302472,NA,NA,"Fitted geometric std dev","151","151","4-methylimidazole",-80.8629263050424,167.725852610085,"1compartment","analytic",0.0022322047871781,18.6661487807938,9.36799258910549,NA,0
"40","107-13-1","rat",0.25,5.56,1,2.19,"Predicted","43","43","acrylonitrile",-94.6864983817814,195.372996763563,"1compartment","analytic",1.39,0.0299760191846523,2.77258872223978,1.11865768296304,0.135977951324513
"41","107-13-1","rat",2.83719969879266,0.899834215989294,NA,NA,"Fitted geometric mean","43","43","acrylonitrile",-94.6864983817814,195.372996763563,"1compartment","analytic",2.55300936656815,0.0163206086167543,0.244306800418352,NA,0
"42","107-13-1","rat",0.153639982021709,0.147753442344137,NA,NA,"Fitted geometric std dev","43","43","acrylonitrile",-94.6864983817814,195.372996763563,"1compartment","analytic",0.0227008362253988,1.83546836129534,4.51150261435207,NA,0
"43","15972-60-8","rat",0.25,5.56,1,2.19,"Predicted","192","192","alachlor",204.598361897525,-399.196723795049,"1compartment","analytic",1.39,0.0299760191846523,2.77258872223978,1.11865768296304,0.135977951324513
"44","15972-60-8","rat",0.0737147022061002,173.090239925695,0.124667124276539,46.7410981483794,"Fitted geometric mean","192","192","alachlor",204.598361897525,-399.196723795049,"1compartment","analytic",12.7592954909051,0.000407112094490257,9.40310629787207,0.138258808608723,0.0057187514037618
"45","15972-60-8","rat",0.294203745977452,0.484224466169082,0.306354511021997,73.6496650026553,"Fitted geometric std dev","192","192","alachlor",204.598361897525,-399.196723795049,"1compartment","analytic",0.142460651840876,0.089602083997489,2.35601072398673,0.0752882230977572,2.01991742009231
"46","546-80-5","Rat",0.25,5.56,1,2.19,"Predicted","130","130","alpha-thujone",137.47694090236,-264.95388180472,"1compartment","analytic",1.39,0.0299760191846523,2.77258872223978,1.11865768296304,0.135977951324513
"47","546-80-5","Rat",0.165908820509165,8.25272132313929,0.146571437426991,11.8928568092804,"Fitted geometric mean","130","130","alpha-thujone",137.47694090236,-264.95388180472,"1compartment","analytic",1.36919926071287,0.00446037578412433,4.17788022621531,0.364310890729669,0.114065162445998
"48","546-80-5","Rat",0.123554290841083,0.138574349921774,0.116500210000767,0.173752321922803,"Fitted geometric std dev","130","130","alpha-thujone",137.47694090236,-264.95388180472,"1compartment","analytic",0.0171214555333489,0.283514179460021,5.61006158378975,6.79210278111398,3.11788482874676
"49","28981-97-7","rat",0.25,5.56,1,2.19,"Predicted","192","192","alprazolam",48.5024990547763,-87.0049981095526,"1compartment","analytic",1.39,0.0299760191846523,2.77258872223978,1.11865768296304,0.135977951324513
"50","28981-97-7","rat",2.27293362081278,2.67052473810541,0.394330326127075,0.435499034297488,"Fitted geometric mean","192","192","alprazolam",48.5024990547763,-87.0049981095526,"1compartment","analytic",6.06992546245202,0.00270685865204307,0.304957071430921,0.899261423171901,0.0484978162970504
"51","28981-97-7","rat",0.270527143558998,0.223625578593312,0.21104278158599,0.226577898008055,"Fitted geometric std dev","192","192","alprazolam",48.5024990547763,-87.0049981095526,"1compartment","analytic",0.0604967890035769,0.145353982873862,2.56220936443215,4.03382653200948,1.50158704757272
"52","84-65-1","Rat",0.25,5.56,1,2.19,"Predicted","166","166","anthraquinone",-7.97771823596837,25.9554364719367,"1compartment","analytic",1.39,0.0299760191846523,2.77258872223978,1.11865768296304,0.135977951324513
"53","84-65-1","Rat",0.133051400277107,3.78593664901991,0.354677197923803,0.0114763036080602,"Fitted geometric mean","166","166","anthraquinone",-7.97771823596837,25.9554364719367,"1compartment","analytic",0.503724172512517,0.0293379142526484,5.20961958398276,20.1558644431871,0.0180780043740719
"54","84-65-1","Rat",0.2049166642603,0.130458149769299,0.84234550910543,0.88987363690834,"Fitted geometric std dev","166","166","anthraquinone",-7.97771823596837,25.9554364719367,"1compartment","analytic",0.0267330488762952,1.31289662127471,3.38258083139329,2.14389538262805,4.94008681406943
"55","60-80-0","rat",0.25,5.56,1,2.19,"Predicted","192","192","antipyrine",5.2191965390016,-4.4383930780032,"1compartment","analytic",1.39,0.0299760191846523,2.77258872223978,1.11865768296304,0.135977951324513
"56","60-80-0","rat",0.582481523386758,1.13288027155404,NA,NA,"Fitted geometric mean","192","192","antipyrine",5.2191965390016,-4.4383930780032,"1compartment","analytic",0.6598818263896,0.0631426188756202,1.1899899872012,NA,0
"57","60-80-0","rat",0.020730260491826,0.0130902943198188,NA,NA,"Fitted geometric std dev","192","192","antipyrine",5.2191965390016,-4.4383930780032,"1compartment","analytic",0.000271365211164514,153.54461424094,33.4364915883839,NA,0
"58","741-58-2","rat",0.25,5.56,1,2.19,"Predicted","192","192","bensulide",0,Inf,"1compartment","analytic",1.39,0.0299760191846523,2.77258872223978,1.11865768296304,0.135977951324513
"59","741-58-2","rat",0.394629012209014,0.0586210745412041,0.022963564483514,8.89202420757418,"Fitted geometric mean","192","192","bensulide",0,Inf,"1compartment","analytic",0.0231335767408264,0.0413604518459303,1.75645266596066,0.366578676393523,14.7611456139393
"60","741-58-2","rat",0.144800429455481,1.29936097562436,0.435659715357407,1.95299963995595,"Fitted geometric std dev","192","192","bensulide",0,Inf,"1compartment","analytic",0.188148027288101,0.0964798217740335,4.78691384525937,1.43887094166036,0.624863710212518
"61","50-32-8","rat",0.25,5.56,1,2.19,"Predicted","36, 46, 59","Joint Analysis","benzo(a)pyrene",0,Inf,"1compartment","analytic",1.39,0.0299760191846523,2.77258872223978,1.11865768296304,0.135977951324513
"62","50-32-8","rat",0.136591246963594,0.369421484833356,NA,NA,"Fitted geometric mean","36, 46, 59","Joint Analysis","benzo(a)pyrene",0,Inf,"1compartment","analytic",0.0504597412685306,0.825740790959074,5.07460906879847,NA,0
"63","50-32-8","rat",0.204418266142458,0.862736305875043,NA,NA,"Fitted geometric std dev","36, 46, 59","Joint Analysis","benzo(a)pyrene",0,Inf,"1compartment","analytic",0.176359059785125,0.236260426413211,3.39082800006187,NA,0
"64","50-32-8","rat",0.25,5.56,1,2.19,"Predicted","36","36","benzo(a)pyrene",27.9112238141118,-49.8224476282236,"1compartment","analytic",1.39,0.0299760191846523,2.77258872223978,1.11865768296304,0.135977951324513
"65","50-32-8","rat",0.56411727702006,1.01461784059657,NA,NA,"Fitted geometric mean","36","36","benzo(a)pyrene",27.9112238141118,-49.8224476282236,"1compartment","analytic",0.572363453453312,0.0727975666777358,1.22872886329857,NA,0
"66","50-32-8","rat",0.401511199106564,0.786592460089332,NA,NA,"Fitted geometric std dev","36","36","benzo(a)pyrene",27.9112238141118,-49.8224476282236,"1compartment","analytic",0.31582568185865,0.131929317531925,1.72634582074504,NA,0
"67","50-32-8","rat",0.25,5.56,1,2.19,"Predicted","59","59","benzo(a)pyrene",30.3273544834331,-54.6547089668662,"1compartment","analytic",1.39,0.0299760191846523,2.77258872223978,1.11865768296304,0.135977951324513
"68","50-32-8","rat",0.0446077492526889,201.326242742876,NA,NA,"Fitted geometric mean","59","59","benzo(a)pyrene",30.3273544834331,-54.6547089668662,"1compartment","analytic",8.9807105542602,0.00463957349643132,15.5387167515107,NA,0
"69","50-32-8","rat",0.352060607930803,0.414923400585073,NA,NA,"Fitted geometric std dev","59","59","benzo(a)pyrene",30.3273544834331,-54.6547089668662,"1compartment","analytic",0.146078184654697,0.285235381074589,1.96882913039843,NA,0
"70","50-32-8","rat",0.25,5.56,1,2.19,"Predicted","46","46","benzo[a]pyrene",-55.4669471790487,116.933894358097,"1compartment","analytic",1.39,0.0299760191846523,2.77258872223978,1.11865768296304,0.135977951324513
"71","50-32-8","rat",0.517396514901841,0.77687265555304,NA,NA,"Fitted geometric mean","46","46","benzo[a]pyrene",-55.4669471790487,116.933894358097,"1compartment","analytic",0.401951204505681,0.103661007106343,1.33968273963238,NA,0
"72","50-32-8","rat",0.131385132470832,0.1451199552313,NA,NA,"Fitted geometric std dev","46","46","benzo[a]pyrene",-55.4669471790487,116.933894358097,"1compartment","analytic",0.0190666045422255,2.18532180569384,5.2756896273163,NA,0
"73","119-61-9","Rat",0.25,5.56,1,2.19,"Predicted","171","171","benzophenone",0,Inf,"1compartment","analytic",1.39,0.0299760191846523,2.77258872223978,1.11865768296304,0.135977951324513
"74","119-61-9","Rat",0.149508499721716,2.72894043160366,0.282945684339146,37.4421228475782,"Fitted geometric mean","171","171","benzophenone",0,Inf,"1compartment","analytic",0.407999789758997,0.0288956117381703,4.63617240391092,0.148104349346854,0.358417678602464
"75","119-61-9","Rat",0.0861174198166729,0.150649593541882,0.100881896508186,0.252775733482313,"Fitted geometric std dev","171","171","benzophenone",0,Inf,"1compartment","analytic",0.0129735542922574,0.323998517277285,8.04886145027939,6.46106954575932,3.80527428032852
"76","111-91-1","Rat",0.25,5.56,1,2.19,"Predicted","155","155","bis 2-chloroethoxy methane",0,Inf,"1compartment","analytic",1.39,0.0299760191846523,2.77258872223978,1.11865768296304,0.135977951324513
"77","111-91-1","Rat",0.655363958182493,2.86331957824994,NA,NA,"Fitted geometric mean","155","155","bis 2-chloroethoxy methane",0,Inf,"1compartment","analytic",1.87651645234331,0.0222042639778805,1.05765227383306,NA,0
"78","111-91-1","Rat",0.0660025644402229,0.0984659710379915,NA,NA,"Fitted geometric std dev","155","155","bis 2-chloroethoxy methane",0,Inf,"1compartment","analytic",0.00649900659860416,6.41123624580036,10.5018219585652,NA,0
"79","80-05-7","rat",0.25,5.56,1,2.19,"Predicted","192","192","bisphenol a",21.060581952767,-36.121163905534,"1compartment","analytic",1.39,0.0299760191846523,2.77258872223978,1.11865768296304,0.135977951324513
"80","80-05-7","rat",2.16107708512827,1.71880565535304,NA,NA,"Fitted geometric mean","192","192","bisphenol a",21.060581952767,-36.121163905534,"1compartment","analytic",3.71447151557235,0.0112173875858209,0.320741534547715,NA,0
"81","80-05-7","rat",0.194643998540607,0.114904351153247,NA,NA,"Fitted geometric std dev","192","192","bisphenol a",21.060581952767,-36.121163905534,"1compartment","analytic",0.0223654423581819,1.86299318383138,3.56110224695852,NA,0
"82","188425-85-6","rat",0.25,5.56,1,2.19,"Predicted","192","192","boscalid",86.2922715815605,-162.584543163121,"1compartment","analytic",1.39,0.0299760191846523,2.77258872223978,1.11865768296304,0.135977951324513
"83","188425-85-6","rat",0.228700282581201,5.90207927530507,0.1320362905907,4.4026763740963,"Fitted geometric mean","192","192","boscalid",86.2922715815605,-162.584543163121,"1compartment","analytic",1.34980719807892,0.00407577624106297,3.03081033716624,0.708570317691463,0.144084558454981
"84","188425-85-6","rat",0.202361726041912,0.217037261020834,0.181059206799433,0.643152218966165,"Fitted geometric std dev","192","192","boscalid",86.2922715815605,-162.584543163121,"1compartment","analytic",0.0439200347555851,0.171769755161309,3.4252879441065,2.62329752634385,2.70968181092743
"85","147536-97-8","rat",0.25,5.56,1,2.19,"Predicted","192","192","bosentan",14.110396584632,-18.2207931692641,"1compartment","analytic",1.39,0.0299760191846523,2.77258872223978,1.11865768296304,0.135977951324513
"86","147536-97-8","rat",0.243947016302919,3.15601021098612,0.313376292659196,1.74342661089311,"Fitted geometric mean","192","192","bosentan",14.110396584632,-18.2207931692641,"1compartment","analytic",0.76989927439161,0.0169598101489116,2.84138412949161,1.31155950633352,0.230095769712155
"87","147536-97-8","rat",0.278510555864371,0.288367323205227,0.258945627657438,0.855103667687668,"Fitted geometric std dev","192","192","bosentan",14.110396584632,-18.2207931692641,"1compartment","analytic",0.0803133434790083,0.134341327169542,2.48876448653348,1.9455084116126,2.01712968837067
"88","5589-96-8","Rat",0.25,5.56,1,2.19,"Predicted","132","132","bromochloroacetic acid",-565.140004079,1140.280008158,"1compartment","analytic",1.39,0.0299760191846523,2.77258872223978,1.11865768296304,0.135977951324513
"89","5589-96-8","Rat",2.07984284954367,0.42771069133998,0.995960188131144,0.627368465123838,"Fitted geometric mean","132","132","bromochloroacetic acid",-565.140004079,1140.280008158,"1compartment","analytic",0.889571023056837,0.0466498346917035,0.333269016316317,0.825152992639646,0.420260599656567
"90","5589-96-8","Rat",0.0794167456814921,0.198925499884725,0.102527263905651,0.0816583294585367,"Fitted geometric std dev","132","132","bromochloroacetic acid",-565.140004079,1140.280008158,"1compartment","analytic",0.0157980158339089,0.270411764003473,8.72797260340878,12.4173719856868,1.87512931261315
"91","75-27-4","Rat",0.25,5.56,1,2.19,"Predicted","154","154","bromodichloromethane",0,Inf,"1compartment","analytic",1.39,0.0299760191846523,2.77258872223978,1.11865768296304,0.135977951324513
"92","75-27-4","Rat",0.366981535687064,9.07865205905579,NA,NA,"Fitted geometric mean","154","154","bromodichloromethane",0,Inf,"1compartment","analytic",3.33169767460082,0.0125061367315265,1.88877944298269,NA,0
"93","75-27-4","Rat",0.1299275618964,0.215234778729424,NA,NA,"Fitted geometric std dev","154","154","bromodichloromethane",0,Inf,"1compartment","analytic",0.0279649300356251,1.48996141286914,5.33487406707932,NA,0
"94","63-25-2","rat",0.25,5.56,1,2.19,"Predicted","192","192","carbaryl",99.7717177162086,-189.543435432417,"1compartment","analytic",1.39,0.0299760191846523,2.77258872223978,1.11865768296304,0.135977951324513
"95","63-25-2","rat",4.48497730442418,41.6434861962051,0.134629613664496,6.46489937999937,"Fitted geometric mean","192","192","carbaryl",99.7717177162086,-189.543435432417,"1compartment","analytic",186.770090467082,3.00346121908066e-05,0.154548648412601,0.184681012267807,0.0104889274047288
"96","63-25-2","rat",0.133159384556529,0.085398178950523,0.119653084548184,0.334854198205722,"Fitted geometric std dev","192","192","carbaryl",99.7717177162086,-189.543435432417,"1compartment","analytic",0.0113715689513,0.438421928483114,5.20539489476003,4.57199865630082,6.3701688411831
"97","10605-21-7","rat",0.25,5.56,1,2.19,"Predicted","192","192","carbendazim",-10.0671580786904,28.1343161573808,"1compartment","analytic",1.39,0.0299760191846523,2.77258872223978,1.11865768296304,0.135977951324513
"98","10605-21-7","rat",0.245019132038016,33.1452948977287,NA,1.03480546448498,"Fitted geometric mean","192","192","carbendazim",-10.0671580786904,28.1343161573808,"1compartment","analytic",8.12123138698557,0.00513058484375144,2.82895125288583,1.82407870886242,0.0192964342337349
"99","10605-21-7","rat",0.199547451497789,0.154527995999988,NA,0.266257694583039,"Fitted geometric std dev","192","192","carbendazim",-10.0671580786904,28.1343161573808,"1compartment","analytic",0.030835667786858,1.35124904557523,3.47359575558211,4.32336239448334,2.73098963577708
"100","1698-60-8","rat",0.25,5.56,1,2.19,"Predicted","192","192","chloridazon",84.3886430154656,-158.777286030931,"1compartment","analytic",1.39,0.0299760191846523,2.77258872223978,1.11865768296304,0.135977951324513
"101","1698-60-8","rat",0.0857894851203022,9.602042686221,0.999829553980231,2.98886851508289,"Fitted geometric mean","192","192","chloridazon",84.3886430154656,-158.777286030931,"1compartment","analytic",0.823754298154062,0.0505728041025467,8.07962863500053,1.22309922917349,0.0937705058693888
"102","1698-60-8","rat",0.126976454952209,0.293993729715434,0.285996365291307,0.463671700407504,"Fitted geometric std dev","192","192","chloridazon",84.3886430154656,-158.777286030931,"1compartment","analytic",0.0373302815774438,0.319218465999236,5.45886385645928,3.84672816697969,2.08705281317673
"103","2921-88-2","rat",0.25,5.56,1,2.19,"Predicted","192","192","chlorpyrifos",48.0714462377204,-88.1428924754409,"1compartment","analytic",1.39,0.0299760191846523,2.77258872223978,1.11865768296304,0.135977951324513
"104","2921-88-2","rat",0.17877586242444,100.323442451282,NA,0.325556975426397,"Fitted geometric mean","192","192","chlorpyrifos",48.0714462377204,-88.1428924754409,"1compartment","analytic",17.9354099456167,0.00232315106222871,3.87718549450659,4.08366320287517,0.00480326299235666
"105","2921-88-2","rat",1.34907176616309,1.12108634297043,NA,1.23269740523416,"Fitted geometric std dev","192","192","chlorpyrifos",48.0714462377204,-88.1428924754409,"1compartment","analytic",1.51242593273243,0.0275495584708663,0.513795631889423,0.775187884945919,0.313460396656581
"106","113136-77-9","rat",0.25,5.56,1,2.19,"Predicted","192","192","cyclanilide",56.8356725618319,-103.671345123664,"1compartment","analytic",1.39,0.0299760191846523,2.77258872223978,1.11865768296304,0.135977951324513
"107","113136-77-9","rat",0.0738353315637196,0.226766494920244,0.256627489994858,3.82767725132552,"Fitted geometric mean","192","192","cyclanilide",56.8356725618319,-103.671345123664,"1compartment","analytic",0.0167433793399787,0.638629267485297,9.38774386029217,1.05176940219653,4.08032525715865
"108","113136-77-9","rat",0.091696400060392,0.11057271659129,0.109472797201528,0.306768668409089,"Fitted geometric std dev","192","192","cyclanilide",56.8356725618319,-103.671345123664,"1compartment","analytic",0.0101391200563193,0.449877950426357,7.55915368655076,5.6149071613069,5.4044091647261
"109","59865-13-3","rat",0.25,5.56,1,2.19,"Predicted","192","192","cyclosporin a",-53.5244844474894,113.048968894979,"1compartment","analytic",1.39,0.0299760191846523,2.77258872223978,1.11865768296304,0.135977951324513
"110","59865-13-3","rat",0.0772747990805437,1.02812946501688,NA,NA,"Fitted geometric mean","192","192","cyclosporin a",-53.5244844474894,113.048968894979,"1compartment","analytic",0.0794484978379666,0.524448766188694,8.9698994860857,NA,0
"111","59865-13-3","rat",0.262047437924561,0.143964265737509,NA,NA,"Fitted geometric std dev","192","192","cyclosporin a",-53.5244844474894,113.048968894979,"1compartment","analytic",0.0377254669892048,1.10447053388602,2.64512099812817,NA,0
"112","84-74-2","Rat",0.25,5.56,1,2.19,"Predicted","135","135","di-n-butyl phthalate",-18.6263954870444,47.2527909740889,"1compartment","analytic",1.39,0.0299760191846523,2.77258872223978,1.11865768296304,0.135977951324513
"113","84-74-2","Rat",5.34906631678133,1.91643372108939,0.055258503945435,6.43327133101402e-08,"Fitted geometric mean","135","135","di-n-butyl phthalate",-18.6263954870444,47.2527909740889,"1compartment","analytic",10.2511310658231,0.000224603280321852,0.129582835491378,3.40921550401888,6.27566839086771e-09
"114","84-74-2","Rat",0.385660418212611,0.504300132373646,684063.287022182,684066.198988829,"Fitted geometric std dev","135","135","di-n-butyl phthalate",-18.6263954870444,47.2527909740889,"1compartment","analytic",0.194488599955895,146551.710309608,1.79729925039344,2.10339527805711e-05,1.98293005271108
"115","962-58-3","rat",0.25,5.56,1,2.19,"Predicted","192","192","diazinon-o-analog",74.3155086567089,-138.631017313418,"1compartment","analytic",1.39,0.0299760191846523,2.77258872223978,1.11865768296304,0.135977951324513
"116","962-58-3","rat",0.0976592312988437,2.0474528490846,0.430035702930289,73.588623734546,"Fitted geometric mean","192","192","diazinon-o-analog",74.3155086567089,-138.631017313418,"1compartment","analytic",0.19995267136223,0.0896119775079271,7.0976104495321,0.0901438915834097,0.484130930586495
"117","962-58-3","rat",0.074957454795621,0.114482708302601,0.29261760967447,201.557533376319,"Fitted geometric std dev","192","192","diazinon-o-analog",74.3155086567089,-138.631017313418,"1compartment","analytic",0.00858133243247248,1.42080504386077,9.24720806556039,0.0391940068551855,8.70931901543225
"118","631-64-1","Rat",0.25,5.56,1,2.19,"Predicted","133, 153","Joint Analysis","dibromoacetic acid",-1266.19908897691,2544.39817795382,"1compartment","analytic",1.39,0.0299760191846523,2.77258872223978,1.11865768296304,0.135977951324513
"119","631-64-1","Rat",1.00120315306371,0.579535111634262,0.97904176345125,0.779918970685612,"Fitted geometric mean","133, 153","Joint Analysis","dibromoacetic acid",-1266.19908897691,2544.39817795382,"1compartment","analytic",0.580232381079351,0.0703052917084439,0.692314220584401,1.12871907789373,0.557357690892903
"120","631-64-1","Rat",0.10635609266646,0.121191765380989,0.0664977991782119,0.101531075117542,"Fitted geometric std dev","133, 153","Joint Analysis","dibromoacetic acid",-1266.19908897691,2544.39817795382,"1compartment","analytic",0.0128894826292724,0.21496143112316,6.51723059001145,9.62233151289897,2.96532775602932
"121","631-64-1","Rat",0.25,5.56,1,2.19,"Predicted","133","133","dibromoacetic acid",-284.905534975261,579.811069950522,"1compartment","analytic",1.39,0.0299760191846523,2.77258872223978,1.11865768296304,0.135977951324513
"122","631-64-1","Rat",1.76655204759721,0.372932740007277,0.999632164003817,1.22586001241936,"Fitted geometric mean","133","133","dibromoacetic acid",-284.905534975261,579.811069950522,"1compartment","analytic",0.658805095475893,0.0632225531539621,0.392372917346384,0.675776557939725,0.812664222784161
"123","631-64-1","Rat",0.123155560651793,0.172939594398249,0.113764210886639,0.159416137560109,"Fitted geometric std dev","133","133","dibromoacetic acid",-284.905534975261,579.811069950522,"1compartment","analytic",0.02129847270701,0.22255940690291,5.62822479871398,7.11708818780258,2.40681410495714
"124","631-64-1","Rat",0.25,5.56,1,2.19,"Predicted","153","153","dibromoacetic acid",-811.032918281132,1632.06583656226,"1compartment","analytic",1.39,0.0299760191846523,2.77258872223978,1.11865768296304,0.135977951324513
"125","631-64-1","Rat",2.13371014827708,0.362866990984968,0.999601595620922,0.908444500973115,"Fitted geometric mean","153","153","dibromoacetic acid",-811.032918281132,1632.06583656226,"1compartment","analytic",0.774252981139394,0.053793872931445,0.324855361033758,0.696896874267834,0.622969944183625
"126","631-64-1","Rat",0.08049560006487,0.060823535684108,0.0651822114249113,0.0644710259933391,"Fitted geometric std dev","153","153","dibromoacetic acid",-811.032918281132,1632.06583656226,"1compartment","analytic",0.0048960270029593,0.554720281239541,8.61099463823303,13.8528868779421,5.39073652943283
"127","79-43-6","Rat",0.25,5.56,1,2.19,"Predicted","134","134","dichloroacetic acid",-334.134256160258,678.268512320516,"1compartment","analytic",1.39,0.0299760191846523,2.77258872223978,1.11865768296304,0.135977951324513
"128","79-43-6","Rat",2.83182711374143,0.34917425992142,0.99947175276284,0.585070805148775,"Fitted geometric mean","134","134","dichloroacetic acid",-334.134256160258,678.268512320516,"1compartment","analytic",0.988801136666075,0.0421163111781313,0.244770302959687,0.701876089169682,0.39242589171702
"129","79-43-6","Rat",0.131880739932185,0.161734428179184,0.169828568079586,0.183527829077084,"Fitted geometric std dev","134","134","dichloroacetic acid",-334.134256160258,678.268512320516,"1compartment","analytic",0.0213296560607795,0.331753607113288,5.25586360007059,6.39858489080173,2.65899840187157
"130","15307-86-5","rat",0.25,5.56,1,2.19,"Predicted","192","192","diclofenac",-99999,200008,"1compartment","analytic",1.39,0.0299760191846523,2.77258872223978,1.11865768296304,0.135977951324513
"131","15307-86-5","rat",3.83487224167307,0.39086457825743,1.05882962026101,0.661658811423079,"Fitted geometric mean","192","192","diclofenac",-99999,200008,"1compartment","analytic",1.49891572141267,0.0294332097622069,0.180748441376378,0.553741941920061,0.306010618710703
"132","15307-86-5","rat",0,0,0,0,"Fitted geometric std dev","192","192","diclofenac",-99999,200008,"1compartment","analytic",0,NA,Inf,NA,0
"133","34933-06-7","rat",0.25,5.56,1,2.19,"Predicted","192","192","diltiazem",-1.1974843825479,12.3949687650958,"1compartment","analytic",1.39,0.0299760191846523,2.77258872223978,1.11865768296304,0.135977951324513
"134","34933-06-7","rat",0.431879542707647,3.86287935037348,0.286486770594275,122.302600431716,"Fitted geometric mean","192","192","diltiazem",-1.1974843825479,12.3949687650958,"1compartment","analytic",1.66829856737411,0.00715516335517216,1.60495488212823,0.0463286573670376,0.253746066443172
"135","34933-06-7","rat",0.218706022307956,0.20511898973166,2.96680291055765,833.763488519137,"Fitted geometric std dev","192","192","diltiazem",-1.1974843825479,12.3949687650958,"1compartment","analytic",0.0448607583440379,2.75556616747053,3.16930998627893,0.00989266175401679,4.8646824726732
"136","87674-68-8","rat",0.25,5.56,1,2.19,"Predicted","192","192","dimethenamid",156.807101919799,-303.614203839598,"1compartment","analytic",1.39,0.0299760191846523,2.77258872223978,1.11865768296304,0.135977951324513
"137","87674-68-8","rat",0.0671553955578447,40.1338691106071,0.146938878610689,53.3145165499597,"Fitted geometric mean","192","192","dimethenamid",156.807101919799,-303.614203839598,"1compartment","analytic",2.69520585538959,0.0022716087764511,10.3215411777732,0.125395033918754,0.0247076702491116
"138","87674-68-8","rat",0.23356787856426,0.538673285299993,0.338091478995919,123.115934709292,"Fitted geometric std dev","192","192","dimethenamid",156.807101919799,-303.614203839598,"1compartment","analytic",0.12581677648676,0.111965553017055,2.96764771260807,0.0510033227331764,1.83442907753562
"139","76-22-2","Rat",0.25,5.56,1,2.19,"Predicted","165","165","dl-camphor",-6.21824480759412,18.4364896151882,"1compartment","analytic",1.39,0.0299760191846523,2.77258872223978,1.11865768296304,0.135977951324513
"140","76-22-2","Rat",0.227600621703754,5.62313229494525,NA,NA,"Fitted geometric mean","165","165","dl-camphor",-6.21824480759412,18.4364896151882,"1compartment","analytic",1.279828406252,0.0325564477730951,3.04545381014885,NA,0
"141","76-22-2","Rat",0.157250044739335,0.173029275732131,NA,NA,"Fitted geometric std dev","165","165","dl-camphor",-6.21824480759412,18.4364896151882,"1compartment","analytic",0.0272088613500924,1.53136384983362,4.4079299418257,NA,0
"142","518-82-1","Rat",0.25,5.56,1,2.19,"Predicted","160","160","emodin",-59.5360668258652,129.07213365173,"1compartment","analytic",1.39,0.0299760191846523,2.77258872223978,1.11865768296304,0.135977951324513
"143","518-82-1","Rat",2.15209034356182,0.715274485218624,0.208297786091176,0.111974972123807,"Fitted geometric mean","160","160","emodin",-59.5360668258652,129.07213365173,"1compartment","analytic",1.53933531263516,0.00563819614168933,0.322080893413029,1.44889821421364,0.0618482830107424
"144","518-82-1","Rat",0.104772543653274,0.0889139530727633,0.206654221350546,0.339967545004218,"Fitted geometric std dev","160","160","emodin",-59.5360668258652,129.07213365173,"1compartment","analytic",0.00931574102970124,0.924305702447041,6.61573305744864,5.00460639427842,6.65747880062676
"145","153233-91-1","rat",0.25,5.56,1,2.19,"Predicted","192","192","etoxazole",256.386078267122,-502.772156534245,"1compartment","analytic",1.39,0.0299760191846523,2.77258872223978,1.11865768296304,0.135977951324513
"146","153233-91-1","rat",0.0838359953689945,22.2954411940513,0.417531705492043,7.43737863057621,"Fitted geometric mean","192","192","etoxazole",256.386078267122,-502.772156534245,"1compartment","analytic",1.86916050469417,0.00930746950398907,8.26789468544076,0.609966039415546,0.0426162630482649
"147","153233-91-1","rat",0.129630661252489,0.240985017306641,0.16845900866549,0.630878287907351,"Fitted geometric std dev","192","192","etoxazole",256.386078267122,-502.772156534245,"1compartment","analytic",0.0312390471454023,0.22469076372245,5.34709283947773,3.15696979394095,2.75600022373773
"148","60168-88-9","rat",0.25,5.56,1,2.19,"Predicted","192","192","fenarimol",104.072928921461,-198.145857842922,"1compartment","analytic",1.39,0.0299760191846523,2.77258872223978,1.11865768296304,0.135977951324513
"149","60168-88-9","rat",0.134584990359177,5.27872568566211,0.133458861536115,3.42263178549146,"Fitted geometric mean","192","192","fenarimol",104.072928921461,-198.145857842922,"1compartment","analytic",0.710437245513577,0.00782727247544322,5.15025619654978,0.984161529809934,0.165938491706498
"150","60168-88-9","rat",0.215186729131722,0.165288959761976,0.160945208503724,0.443386492881661,"Fitted geometric std dev","192","192","fenarimol",104.072928921461,-198.145857842922,"1compartment","analytic",0.0355679906127643,0.188541726389099,3.22114278773972,3.16799484562327,3.05980019092369
"151","142459-58-3","rat",0.25,5.56,1,2.19,"Predicted","192","192","flufenacet",318.115206057741,-626.230412115483,"1compartment","analytic",1.39,0.0299760191846523,2.77258872223978,1.11865768296304,0.135977951324513
"152","142459-58-3","rat",0.0311749079359229,62.4343410451676,0.122366310820425,55.0859497934895,"Fitted geometric mean","192","192","flufenacet",318.115206057741,-626.230412115483,"1compartment","analytic",1.94638483412311,0.00261952117320181,22.2341372101128,0.135810861911072,0.0159491562254797
"153","142459-58-3","rat",0.265566075847935,0.654634722271538,0.326131199638555,67.4099339863206,"Fitted geometric std dev","192","192","flufenacet",318.115206057741,-626.230412115483,"1compartment","analytic",0.173848774307455,0.0781644854217248,2.61007426625096,0.082459395536716,1.49448169845896
"154","678-39-7","Rat",0.25,5.56,1,2.19,"Predicted","131","131","fluorotelomer alcohol 8+2",0,Inf,"1compartment","analytic",1.39,0.0299760191846523,2.77258872223978,1.11865768296304,0.135977951324513
"155","678-39-7","Rat",0.110623145338978,11.4154949867282,0.375597147757633,1.76485276789652,"Fitted geometric mean","131","131","fluorotelomer alcohol 8+2",0,Inf,"1compartment","analytic",1.2628179610332,0.0123928243337335,6.26584227410966,1.67431000666841,0.072789098484552
"156","678-39-7","Rat",0.0868374864583335,0.169039455944698,0.113919849351887,0.166012901445979,"Fitted geometric std dev","131","131","fluorotelomer alcohol 8+2",0,Inf,"1compartment","analytic",0.0146789614665217,0.323364864775186,7.98211934534209,8.184701083226,2.90631005637668
"157","75-12-7","Rat",0.25,5.56,1,2.19,"Predicted","172","172","formamide",-2480.62945582455,4971.2589116491,"1compartment","analytic",1.39,0.0299760191846523,2.77258872223978,1.11865768296304,0.135977951324513
"158","75-12-7","Rat",0.0330872932873577,0.460441089421541,0.579351112390798,2.96144889370883,"Fitted geometric mean","172","172","formamide",-2480.62945582455,4971.2589116491,"1compartment","analytic",0.015234749367241,1.58451111344548,20.9490445332012,1.5347437276694,2.06429722797893
"159","75-12-7","Rat",0.0394996077477606,0.0381228215641505,0.0399376652181508,0.0853612833437387,"Fitted geometric std dev","172","172","formamide",-2480.62945582455,4971.2589116491,"1compartment","analytic",0.00150583649802182,1.10507972563799,17.5482041489195,16.802741939348,13.5074376300849
"160","23422-53-9","rat",0.25,5.56,1,2.19,"Predicted","192","192","formetanate hydrochloride",0,Inf,"1compartment","analytic",1.39,0.0299760191846523,2.77258872223978,1.11865768296304,0.135977951324513
"161","23422-53-9","rat",1.10516399857052e-08,25.2393934928036,0.205364174001708,929.121630212926,"Fitted geometric mean","192","192","formetanate hydrochloride",0,Inf,"1compartment","analytic",2.78936690340016e-07,30676.6405415293,62718943.202683,0.0270738790740811,0.0396206034026102
"162","23422-53-9","rat",3368.58554954304,3.16273258647636,1.07042232454805,1721974.71053007,"Fitted geometric std dev","192","192","formetanate hydrochloride",0,Inf,"1compartment","analytic",10653.9352878732,4.18633387423228e-06,0.000205768020543214,3.6289490477789e-06,0.312340661886601
"163","75-15-0","Rat",0.25,5.56,1,2.19,"Predicted","167","167","free carbon disulfide",-70.0725807173279,146.145161434656,"1compartment","analytic",1.39,0.0299760191846523,2.77258872223978,1.11865768296304,0.135977951324513
"164","75-15-0","Rat",1.93372681284049,3.28174228954555,NA,NA,"Fitted geometric mean","167","167","free carbon disulfide",-70.0725807173279,146.145161434656,"1compartment","analytic",6.34599305812678,0.00656582291928411,0.358451450306865,NA,0
"165","75-15-0","Rat",0.161597041628914,0.0939612467078103,NA,NA,"Fitted geometric std dev","167","167","free carbon disulfide",-70.0725807173279,146.145161434656,"1compartment","analytic",0.0151838594957466,2.74414200673673,4.28935563159421,NA,0
"166","25812-30-0","Rat",0.25,5.56,1,2.19,"Predicted","163","163","gemfibrozil",-320.224223958247,650.448447916494,"1compartment","analytic",1.39,0.0299760191846523,2.77258872223978,1.11865768296304,0.135977951324513
"167","25812-30-0","Rat",0.0597134362571244,0.814642471475921,0.275031576621461,10.566623237614,"Fitted geometric mean","163","163","gemfibrozil",-320.224223958247,650.448447916494,"1compartment","analytic",0.0486451012928237,0.235576629944951,11.6078930305614,0.492618533996201,1.1919492614846
"168","25812-30-0","Rat",0.146261771049977,0.186368215358674,0.154200789480747,0.222511870073838,"Fitted geometric std dev","163","163","gemfibrozil",-320.224223958247,650.448447916494,"1compartment","analytic",0.0272585452457832,0.235707108985394,4.73908647204264,5.50271390485019,2.3993412689955
"169","563-96-2","Rat",0.25,5.56,1,2.19,"Predicted","156","156","glyoxylic acid monohydrate",-158.707347862336,323.414695724671,"1compartment","analytic",1.39,0.0299760191846523,2.77258872223978,1.11865768296304,0.135977951324513
"170","563-96-2","Rat",5.5210775242203,0.813021829470154,NA,NA,"Fitted geometric mean","156","156","glyoxylic acid monohydrate",-158.707347862336,323.414695724671,"1compartment","analytic",4.48875654938814,0.00928245187909472,0.125545634438059,NA,0
"171","563-96-2","Rat",0.159161537271,0.154196406108729,NA,NA,"Fitted geometric std dev","156","156","glyoxylic acid monohydrate",-158.707347862336,323.414695724671,"1compartment","analytic",0.0245421370379287,1.69776032960263,4.35499174263279,NA,0
"172","118-74-1","Rat",0.25,5.56,1,2.19,"Predicted","174, 180","Joint Analysis","hexachlorobenzene",0,Inf,"1compartment","analytic",1.39,0.0299760191846523,2.77258872223978,1.11865768296304,0.135977951324513
"173","118-74-1","Rat",0.000276852625372738,4.57726845709545,0.999081601083968,4.11142851538967,"Fitted geometric mean","174, 180","Joint Analysis","hexachlorobenzene",0,Inf,"1compartment","analytic",0.0012672287893827,32.8499481655903,2503.66843957767,2.33652186989379,0.218329631816473
"174","118-74-1","Rat",0.20043411939256,0.0945359727062118,0.13599291530789,0.27613366132204,"Fitted geometric std dev","174, 180","Joint Analysis","hexachlorobenzene",0,Inf,"1compartment","analytic",0.0189482344402887,0.299044825997823,3.45822948039292,4.23251461380747,4.52869814926515
"175","118-74-1","Rat",0.25,5.56,1,2.19,"Predicted","174","174","hexachlorobenzene",584.16926583126,-1158.33853166252,"1compartment","analytic",1.39,0.0299760191846523,2.77258872223978,1.11865768296304,0.135977951324513
"176","118-74-1","Rat",0.000558390410832001,3.55842020786444,0.999152912017724,2.40696164120002,"Fitted geometric mean","174","174","hexachlorobenzene",584.16926583126,-1158.33853166252,"1compartment","analytic",0.00198698772178232,20.9520023086649,1241.33073762344,3.4777285971582,0.280478385273547
"177","118-74-1","Rat",0.135886429882863,0.137617576672891,0.151497567963703,0.378349865823849,"Fitted geometric std dev","174","174","hexachlorobenzene",584.16926583126,-1158.33853166252,"1compartment","analytic",0.0187003611832102,0.337554906202655,5.10093010139022,4.22331669125658,4.0934379713303
"178","118-74-1","Rat",0.25,5.56,1,2.19,"Predicted","180","180","hexachlorobenzene",4.54176671864515,-1.08353343729031,"1compartment","analytic",1.39,0.0299760191846523,2.77258872223978,1.11865768296304,0.135977951324513
"179","118-74-1","Rat",0.000481634500121699,7.99400004576689,NA,5.37964796739516,"Fitted geometric mean","180","180","hexachlorobenzene",4.54176671864515,-1.08353343729031,"1compartment","analytic",0.00385018621601577,10.8219873868293,1439.15599979819,1.73278671669496,0.124989463669262
"180","118-74-1","Rat",0.145086769116456,0.0563430956599316,NA,0.404039990414782,"Fitted geometric std dev","180","180","hexachlorobenzene",4.54176671864515,-1.08353343729031,"1compartment","analytic",0.00817463771131889,5.09706584415032,4.77746651042716,3.95508456298314,9.99880045378206
"181","15687-27-1","rat",0.25,5.56,1,2.19,"Predicted","192","192","ibuprofen",-56.2214742541473,118.442948508295,"1compartment","analytic",1.39,0.0299760191846523,2.77258872223978,1.11865768296304,0.135977951324513
"182","15687-27-1","rat",0.180105119578393,0.504380936625794,NA,NA,"Fitted geometric mean","192","192","ibuprofen",-56.2214742541473,118.442948508295,"1compartment","analytic",0.0908415889040502,0.458673908826896,3.84857011384535,NA,0
"183","15687-27-1","rat",0.204897280387549,0.243065361052904,NA,NA,"Fitted geometric std dev","192","192","ibuprofen",-56.2214742541473,118.442948508295,"1compartment","analytic",0.0498034314361576,0.836622406632336,3.3829008332805,NA,0
"184","35554-44-0","rat",0.25,5.56,1,2.19,"Predicted","192","192","imazalil",55.8078180633346,-101.615636126669,"1compartment","analytic",1.39,0.0299760191846523,2.77258872223978,1.11865768296304,0.135977951324513
"185","35554-44-0","rat",0.668196941795969,11.398825051393,0.0163321252793867,68.8871754914177,"Fitted geometric mean","192","192","imazalil",55.8078180633346,-101.615636126669,"1compartment","analytic",7.61666003940808,8.93443079320275e-05,1.0373396482434,0.0679523858741497,0.0838340641334877
"186","35554-44-0","rat",0.230817173004901,0.187857354700045,2.78522118791881,280.595076594488,"Fitted geometric std dev","192","192","imazalil",55.8078180633346,-101.615636126669,"1compartment","analytic",0.0433607035400433,2.67640682358344,3.00301390722444,0.0253350479724525,5.29215000567434
"187","138261-41-3","rat",0.25,5.56,1,2.19,"Predicted","192","192","imidacloprid",-99999,200008,"1compartment","analytic",1.39,0.0299760191846523,2.77258872223978,1.11865768296304,0.135977951324513
"188","138261-41-3","rat",0.0487747659488671,3.90598351326587,1.01303113158298,2.13905377786135,"Fitted geometric mean","192","192","imidacloprid",-99999,200008,"1compartment","analytic",0.190513431659677,0.221557242000791,14.2111841456421,1.80880434664443,0.234398265693215
"189","138261-41-3","rat",0,0,0,0,"Fitted geometric std dev","192","192","imidacloprid",-99999,200008,"1compartment","analytic",0,NA,Inf,NA,0
"190","50-49-7","rat",0.25,5.56,1,2.19,"Predicted","192","192","imipramine",5.25457696827162,-0.509153936543246,"1compartment","analytic",1.39,0.0299760191846523,2.77258872223978,1.11865768296304,0.135977951324513
"191","50-49-7","rat",0.0692934060843612,11.6318511688074,0.102434495458574,6.64285120798808,"Fitted geometric mean","192","192","imipramine",5.25457696827162,-0.509153936543246,"1compartment","analytic",0.806010586553024,0.00529534481140441,10.0030756132275,0.694136559719028,0.0819335921019142
"192","50-49-7","rat",0.822046277633044,0.434241774092063,0.381347308724976,2.7974202678322,"Fitted geometric std dev","192","192","imipramine",5.25457696827162,-0.509153936543246,"1compartment","analytic",0.35696683398515,0.0445124579767963,0.8431972741921,0.619961714763488,1.38336176301053
"193","97-54-1","Rat",0.25,5.56,1,2.19,"Predicted","157","157","isoeugenol",-112.524869643534,235.049739287068,"1compartment","analytic",1.39,0.0299760191846523,2.77258872223978,1.11865768296304,0.135977951324513
"194","97-54-1","Rat",0.160923267713098,19.9911835670098,0.299665199444037,36.2158974488495,"Fitted geometric mean","157","157","isoeugenol",-112.524869643534,235.049739287068,"1compartment","analytic",3.2170465850556,0.00388121516015258,4.30731484893611,0.150224093267336,0.0488272897278198
"195","97-54-1","Rat",0.123520553513434,0.147305332582521,0.095594651382716,0.244701610657925,"Fitted geometric std dev","157","157","isoeugenol",-112.524869643534,235.049739287068,"1compartment","analytic",0.0181952362160734,0.218909522634348,5.6115938671256,5.64140964998127,3.38183246305293
"196","299-42-3","Rat",0.25,5.56,1,2.19,"Predicted","136","136","l-ephedrine",28.4911744226785,-46.982348845357,"1compartment","analytic",1.39,0.0299760191846523,2.77258872223978,1.11865768296304,0.135977951324513
"197","299-42-3","Rat",0.22547383014192,13.8168935329917,0.685453463149774,6.89706168428768,"Fitted geometric mean","136","136","l-ephedrine",28.4911744226785,-46.982348845357,"1compartment","analytic",3.11534790554676,0.00916769549677675,3.07418018367657,0.512718521016504,0.0644737818182728
"198","299-42-3","Rat",0.0951027983635518,0.16443000998736,0.134395169523288,0.152684346468979,"Fitted geometric std dev","136","136","l-ephedrine",28.4911744226785,-46.982348845357,"1compartment","analytic",0.0156377540847447,0.358094819741399,7.2883994213318,8.22163203804323,2.78255635291765
"199","67-56-1","rat",0.25,5.56,1,2.19,"Predicted","17","17","methanol",-20.1964749200469,46.3929498400937,"1compartment","analytic",1.39,0.0299760191846523,2.77258872223978,1.11865768296304,0.135977951324513
"200","67-56-1","rat",0.304645195201098,0.992035308886203,NA,NA,"Fitted geometric mean","17","17","methanol",-20.1964749200469,46.3929498400937,"1compartment","analytic",0.302218790322019,0.137869212639856,2.27526050460896,NA,0
"201","67-56-1","rat",0.054520315804272,0.0267407309722053,NA,NA,"Fitted geometric std dev","17","17","methanol",-20.1964749200469,46.3929498400937,"1compartment","analytic",0.00145791309744171,28.5796641375825,12.7135576956,NA,0
"202","1634-04-4","human",0.25,5.56,1,2.19,"Predicted","51","51","methyl tert-butyl ether",71.4411682015185,-134.882336403037,"1compartment","analytic",1.39,0.0299760191846523,2.77258872223978,1.11865768296304,0.135977951324513
"203","1634-04-4","human",0.185247079008892,5.64337604239654,NA,16.0019328168664,"Fitted geometric mean","51","51","methyl tert-butyl ether",71.4411682015185,-134.882336403037,"1compartment","analytic",1.04541892760272,0.0398564303424406,3.74174418440722,0.281903198474091,0.16818272874136
"204","1634-04-4","human",0.297592800337825,1.1382766951008,NA,93.6088618033952,"Fitted geometric std dev","51","51","methyl tert-butyl ether",71.4411682015185,-134.882336403037,"1compartment","analytic",0.33874294925433,0.123003790214341,2.32917993907477,0.0616340800694635,0.862554187296574
"205","75-09-2","rat",0.25,5.56,1,2.19,"Predicted","18","18","methylene chloride",-152.350631213731,312.701262427461,"1compartment","analytic",1.39,0.0299760191846523,2.77258872223978,1.11865768296304,0.135977951324513
"206","75-09-2","rat",0.490805931109638,1.88328520420372,NA,19.8622849150774,"Fitted geometric mean","18","18","methylene chloride",-152.350631213731,312.701262427461,"1compartment","analytic",0.924327548194213,0.0450778154865855,1.41226325238744,0.191029770510366,0.483465053317386
"207","75-09-2","rat",0.174460002130736,0.10287175072527,NA,0.363550108852722,"Fitted geometric std dev","18","18","methylene chloride",-152.350631213731,312.701262427461,"1compartment","analytic",0.0179470058507231,2.32165002971723,3.97310083740866,3.88291936591494,4.93749483583692
"208","93-15-2","Rat",0.25,5.56,1,2.19,"Predicted","158, 170","Joint Analysis","methyleugenol",0,Inf,"1compartment","analytic",1.39,0.0299760191846523,2.77258872223978,1.11865768296304,0.135977951324513
"209","93-15-2","Rat",0.227252330197765,2.28994985990526,0.0327407905085206,33.8283293709107,"Fitted geometric mean","158, 170","Joint Analysis","methyleugenol",0,Inf,"1compartment","analytic",0.520396441699516,0.00262146220690225,3.05012133409914,0.148893825174946,0.42216189933297
"210","93-15-2","Rat",0.0684952281336449,0.267367238712119,0.273915845494701,0.245195126516205,"Fitted geometric std dev","158, 170","Joint Analysis","methyleugenol",0,Inf,"1compartment","analytic",0.0183133800110493,0.623214295889661,10.1196418998343,7.21726644685866,2.28138753979148
"211","93-15-2","Rat",0.25,5.56,1,2.19,"Predicted","158","158","methyleugenol",-276.432689142368,558.865378284736,"1compartment","analytic",1.39,0.0299760191846523,2.77258872223978,1.11865768296304,0.135977951324513
"212","93-15-2","Rat",0.446430193890777,2.05087471540499,NA,NA,"Fitted geometric mean","158","158","methyleugenol",-276.432689142368,558.865378284736,"1compartment","analytic",0.915572396843943,0.0455088716198689,1.55264404165622,NA,0
"213","93-15-2","Rat",0.113330520201492,0.215332012863295,NA,NA,"Fitted geometric std dev","158","158","methyleugenol",-276.432689142368,558.865378284736,"1compartment","analytic",0.0244036890338316,1.70739213275922,6.11615634806572,NA,0
"214","93-15-2","Rat",0.25,5.56,1,2.19,"Predicted","170","170","methyleugenol",-95.1182045382445,198.236409076489,"1compartment","analytic",1.39,0.0299760191846523,2.77258872223978,1.11865768296304,0.135977951324513
"215","93-15-2","Rat",0.201141443089028,73.2141074927035,NA,36.9927731714587,"Fitted geometric mean","170","170","methyleugenol",-95.1182045382445,198.236409076489,"1compartment","analytic",14.7263912355576,0.00282938745821587,3.44606844772984,0.141729769797001,0.0132746927366917
"216","93-15-2","Rat",0.07550235132847,0.0644201562754405,NA,0.262145265103841,"Fitted geometric std dev","170","170","methyleugenol",-95.1182045382445,198.236409076489,"1compartment","analytic",0.00486387327174325,8.5665609152956,9.18047144710018,6.66907182652531,9.38204827249145
"217","59467-70-8","rat",0.25,5.56,1,2.19,"Predicted","192","192","midazolam",23.2898281114328,-36.5796562228656,"1compartment","analytic",1.39,0.0299760191846523,2.77258872223978,1.11865768296304,0.135977951324513
"218","59467-70-8","rat",1.17951952979092,3.28766167051617,0.217837283224525,0.928213792535159,"Fitted geometric mean","192","192","midazolam",23.2898281114328,-36.5796562228656,"1compartment","analytic",3.87786114771886,0.00234060816567086,0.587652143990199,0.953421807529966,0.0987902645775156
"219","59467-70-8","rat",0.192533698394032,0.148064908556637,0.270174698869028,0.471858909084573,"Fitted geometric std dev","192","192","midazolam",23.2898281114328,-36.5796562228656,"1compartment","analytic",0.0285074844467835,0.394888547271065,3.60013434708649,3.20919412269653,3.64088402701554
"220","91-20-3","Rat",0.25,5.56,1,2.19,"Predicted","169","169","naphthalene",0,Inf,"1compartment","analytic",1.39,0.0299760191846523,2.77258872223978,1.11865768296304,0.135977951324513
"221","91-20-3","Rat",0.408146498960001,2.00783120683069,NA,NA,"Fitted geometric mean","169","169","naphthalene",0,Inf,"1compartment","analytic",0.819489277570579,0.0508446758329649,1.6982803535646,NA,0
"222","91-20-3","Rat",0.100258006198529,0.153897857502191,NA,NA,"Fitted geometric std dev","169","169","naphthalene",0,Inf,"1compartment","analytic",0.015429492351395,2.70045609523243,6.91363420081771,NA,0
"223","75530-68-6","rat",0.25,5.56,1,2.19,"Predicted","192","192","nilvadipine",90.0590183002722,-170.118036600544,"1compartment","analytic",1.39,0.0299760191846523,2.77258872223978,1.11865768296304,0.135977951324513
"224","75530-68-6","rat",0.192303596594755,3.45550567147068,0.0272023755252445,57.2058382943524,"Fitted geometric mean","192","192","nilvadipine",90.0590183002722,-170.118036600544,"1compartment","analytic",0.664506168677387,0.00170567613511821,3.60444210526456,0.0998944533955671,0.28388703940898
"225","75530-68-6","rat",0.273098366443669,0.300463276391803,0.590949671719116,159.166547845544,"Fitted geometric std dev","192","192","nilvadipine",90.0590183002722,-170.118036600544,"1compartment","analytic",0.082056029958914,0.300074266335154,2.53808614671051,0.0400763806038587,3.29196597383656
"226","14797-65-0","Rat",0.25,5.56,1,2.19,"Predicted","137","137","nitrite",-393.423403336448,796.846806672896,"1compartment","analytic",1.39,0.0299760191846523,2.77258872223978,1.11865768296304,0.135977951324513
"227","14797-65-0","Rat",0.406085770755525,2.19054730623672,0.486591173505884,22.7764396671532,"Fitted geometric mean","137","137","nitrite",-393.423403336448,796.846806672896,"1compartment","analytic",0.889550091229579,0.0227920073633934,1.70689846943009,0.180011346985378,0.424326755529466
"228","14797-65-0","Rat",0.117705333350364,0.104508500072094,0.0985715021004469,0.279138380584819,"Fitted geometric std dev","137","137","nitrite",-393.423403336448,796.846806672896,"1compartment","analytic",0.0123012078389323,0.333881515915307,5.88883409808383,5.34911119554318,5.09810016714527
"229","116714-46-6","rat",0.25,5.56,1,2.19,"Predicted","192","192","novaluron",143.452176059484,-276.904352118968,"1compartment","analytic",1.39,0.0299760191846523,2.77258872223978,1.11865768296304,0.135977951324513
"230","116714-46-6","rat",0.0338753950059074,3.8558229463545,0.410166261679646,0.539774260115295,"Fitted geometric mean","192","192","novaluron",143.452176059484,-276.904352118968,"1compartment","analytic",0.1306175253806,0.130842020268873,20.4616707920032,5.47236269231709,0.215463683192196
"231","116714-46-6","rat",0.146188399087043,0.121337613757571,0.112301667786956,0.199240665669505,"Fitted geometric std dev","192","192","novaluron",143.452176059484,-276.904352118968,"1compartment","analytic",0.0177381515042613,0.263795027157465,4.74146501971908,5.83608005143824,3.51138737442398
"232","140-66-9","rat",0.25,5.56,1,2.19,"Predicted","60","60","octylphenol",108.664509091612,-207.329018183224,"1compartment","analytic",1.39,0.0299760191846523,2.77258872223978,1.11865768296304,0.135977951324513
"233","140-66-9","rat",0.0480389063562486,37.3050701536523,0.0690459351473599,2.59639381162287,"Fitted geometric mean","60","60","octylphenol",108.664509091612,-207.329018183224,"1compartment","analytic",1.79209477172459,0.00160533583930094,14.4288709534659,1.56566399985599,0.0248638078531894
"234","140-66-9","rat",0.259721832398348,0.10205903394127,0.0979968008703359,0.291391214392902,"Fitted geometric std dev","60","60","octylphenol",108.664509091612,-207.329018183224,"1compartment","analytic",0.026506959308032,0.15404256628661,2.66880598430721,3.63302197624697,3.81381020861963
"235","99614-02-5","rat",0.25,5.56,1,2.19,"Predicted","192","192","ondansetron",0,Inf,"1compartment","analytic",1.39,0.0299760191846523,2.77258872223978,1.11865768296304,0.135977951324513
"236","99614-02-5","rat",0.997545282737269,0.749451307883342,0.268047730837213,28.5366122080908,"Fitted geometric mean","192","192","ondansetron",0,Inf,"1compartment","analytic",0.747611616820305,0.0149391143747236,0.694852847840597,0.121777751069903,1.18167758206126
"237","99614-02-5","rat",0.164107659004394,0.304302315560099,0.230331065904937,1.0101163502447,"Fitted geometric std dev","192","192","ondansetron",0,Inf,"1compartment","analytic",0.0499383406361841,0.192179548294506,4.22373449700715,2.14808447062653,2.30992833172533
"238","604-75-1","Rat",0.25,5.56,1,2.19,"Predicted","159","159","oxazepam",-405.963689784677,821.927379569354,"1compartment","analytic",1.39,0.0299760191846523,2.77258872223978,1.11865768296304,0.135977951324513
"239","604-75-1","Rat",0.0312280570259,8.88042013518435,0.150912432914889,1.74611451096552,"Fitted geometric mean","159","159","oxazepam",-405.963689784677,821.927379569354,"1compartment","analytic",0.277318266395487,0.0226743738155097,22.1962954654867,2.34641270585563,0.104651156587699
"240","604-75-1","Rat",0.22681425321476,0.124926722463905,0.0935074477206687,0.201393604630675,"Fitted geometric std dev","159","159","oxazepam",-405.963689784677,821.927379569354,"1compartment","analytic",0.0283351612622182,0.13750208156475,3.05601244514222,4.67612732745209,2.77157459945179
"241","434-07-1","Rat",0.25,5.56,1,2.19,"Predicted","168","168","oxymetholone",-85.9150760357669,181.830152071534,"1compartment","analytic",1.39,0.0299760191846523,2.77258872223978,1.11865768296304,0.135977951324513
"242","434-07-1","Rat",0.16306074003479,5.63866579606789,0.165901962229394,1.8473949871884,"Fitted geometric mean","168","168","oxymetholone",-85.9150760357669,181.830152071534,"1compartment","analytic",0.919445017515686,0.00751821112504983,4.25085266025445,1.44116825099944,0.140205589368762
"243","434-07-1","Rat",0.364834518214137,0.216623098216641,0.190187961108324,0.741061199365001,"Fitted geometric std dev","168","168","oxymetholone",-85.9150760357669,181.830152071534,"1compartment","analytic",0.0790315836719219,0.100270018786539,1.89989473570893,1.88354354330446,2.32196685531737
"244","87-86-5","Rat",0.25,5.56,1,2.19,"Predicted","161","161","pentachlorophenol, purified",-1426.9820165213,2863.96403304259,"1compartment","analytic",1.39,0.0299760191846523,2.77258872223978,1.11865768296304,0.135977951324513
"245","87-86-5","Rat",0.0768348901813444,0.0820645794367242,0.287405467758179,0.463879801815554,"Fitted geometric mean","161","161","pentachlorophenol, purified",-1426.9820165213,2863.96403304259,"1compartment","analytic",0.00630542294879891,1.89919501364116,9.02125556402815,4.64536951806842,8.52772253216281
"246","87-86-5","Rat",0.0686241932189457,0.0491955340816886,0.0596874710775976,0.0856223213129008,"Fitted geometric std dev","161","161","pentachlorophenol, purified",-1426.9820165213,2863.96403304259,"1compartment","analytic",0.00337600383633103,0.736663251031541,10.100624110049,13.0191317270164,8.31885827724025
"247","335-67-1","rat",0.25,5.56,1,2.19,"Predicted","192","192","pentadecafluorooctanoic acid",74.6235838204854,-139.247167640971,"1compartment","analytic",1.39,0.0299760191846523,2.77258872223978,1.11865768296304,0.135977951324513
"248","335-67-1","rat",0.00493177943388923,0.840254629068487,0.932440575810907,1.29576364217775,"Fitted geometric mean","192","192","pentadecafluorooctanoic acid",74.6235838204854,-139.247167640971,"1compartment","analytic",0.00414395049887019,9.37551997046789,140.54707633454,4.31594213262315,1.16505119305463
"249","335-67-1","rat",0.19387703481712,0.06241835529935,0.0657933690674265,0.131568158021488,"Fitted geometric std dev","192","192","pentadecafluorooctanoic acid",74.6235838204854,-139.247167640971,"1compartment","analytic",0.0121014856435994,0.226533374376177,3.57518971348915,6.22221275040478,4.79489463121748
"250","335-76-2","Rat",0.25,5.56,1,2.19,"Predicted","147","147","perfluorodecanoic acid",-956.191068789983,1922.38213757997,"1compartment","analytic",1.39,0.0299760191846523,2.77258872223978,1.11865768296304,0.135977951324513
"251","335-76-2","Rat",0.000756194491189954,0.161301825053797,0.666799194977571,0.883720426136682,"Fitted geometric mean","147","147","perfluorodecanoic acid",-956.191068789983,1922.38213757997,"1compartment","analytic",0.000121975551524567,227.777611525178,916.625535672976,7.99986813943437,6.16216713338262
"252","335-76-2","Rat",0.0579729068574136,0.0745761430333496,0.0752605936200348,0.0995409907328215,"Fitted geometric std dev","147","147","perfluorodecanoic acid",-956.191068789983,1922.38213757997,"1compartment","analytic",0.00432339579385753,0.725322921384326,11.9563985684686,13.0050196648794,6.30911761536619
"253","3871-99-6","Rat",0.25,5.56,1,2.19,"Predicted","143","143","perfluorohexane-1-sulphonic acid  potassium salt",-1145.64422637128,2301.28845274255,"1compartment","analytic",1.39,0.0299760191846523,2.77258872223978,1.11865768296304,0.135977951324513
"254","3871-99-6","Rat",0.00205327632253606,0.219713434222006,0.99981342273695,3.62532906772944,"Fitted geometric mean","143","143","perfluorohexane-1-sulphonic acid  potassium salt",-1145.64422637128,2301.28845274255,"1compartment","analytic",0.000451132392231128,92.3429426293481,337.581051781584,2.06339899234588,4.53214086568262
"255","3871-99-6","Rat",0.289584287382646,0.154959487596882,0.13745944746604,0.265994477875853,"Fitted geometric std dev","143","143","perfluorohexane-1-sulphonic acid  potassium salt",-1145.64422637128,2301.28845274255,"1compartment","analytic",0.0448738327889229,0.127635118771612,2.39359388875974,3.6020152701436,2.27391846968046
"256","307-24-4","Rat",0.25,5.56,1,2.19,"Predicted","145","145","perfluorohexanoic acid",-1205.48045595505,2420.9609119101,"1compartment","analytic",1.39,0.0299760191846523,2.77258872223978,1.11865768296304,0.135977951324513
"257","307-24-4","Rat",0.0871537441486907,3.59182907478436,0.999881591300209,2.10811576431291,"Fitted geometric mean","145","145","perfluorohexanoic acid",-1205.48045595505,2420.9609119101,"1compartment","analytic",0.313041352209585,0.133086995301979,7.95315436336717,1.5764156178398,0.242670168781448
"258","307-24-4","Rat",0.309015263275883,0.21117493512699,0.291342008175255,0.195614947895862,"Fitted geometric std dev","145","145","perfluorohexanoic acid",-1205.48045595505,2420.9609119101,"1compartment","analytic",0.0652562781755345,0.186024252072451,2.24308396035802,4.03210956198906,1.36217817076806
"259","45298-90-6","Rat",0.25,5.56,1,2.19,"Predicted","148","148","perfluorooctane sulfonate",-538.760943972046,1087.52188794409,"1compartment","analytic",1.39,0.0299760191846523,2.77258872223978,1.11865768296304,0.135977951324513
"260","45298-90-6","Rat",0.000849504235764539,0.200898786035413,0.913087113851078,0.60227238619846,"Fitted geometric mean","148","148","perfluorooctane sulfonate",-538.760943972046,1087.52188794409,"1compartment","analytic",0.000170664369697037,222.92465895488,815.943171767854,10.9138051781811,4.93169491976963
"261","45298-90-6","Rat",0.0534304790917586,0.0742727262313182,0.0763973625556271,0.108445858411266,"Fitted geometric std dev","148","148","perfluorooctane sulfonate",-538.760943972046,1087.52188794409,"1compartment","analytic",0.00396842734599036,0.802137260502974,12.9728797559455,12.8667602355615,6.77022490498321
"262","335-67-1","Rat",0.25,5.56,1,2.19,"Predicted","146","146","perfluorooctanoic acid",-1663.74672201815,3337.4934440363,"1compartment","analytic",1.39,0.0299760191846523,2.77258872223978,1.11865768296304,0.135977951324513
"263","335-67-1","Rat",0.00405262763110435,0.318880174867116,0.999165583074915,4.17544258881914,"Fitted geometric mean","146","146","perfluorooctanoic acid",-1663.74672201815,3337.4934440363,"1compartment","analytic",0.00129230260767786,32.2152869207596,171.036483895033,1.66314112009916,3.11490851454599
"264","335-67-1","Rat",0.152722177115159,0.226858607729027,0.193383383345007,0.314940513416596,"Fitted geometric std dev","146","146","perfluorooctanoic acid",-1663.74672201815,3337.4934440363,"1compartment","analytic",0.0346463404696907,0.23256831352095,4.53861510916836,4.4616617102711,2.23007148065448
"265","52645-53-1","rat",0.25,5.56,1,2.19,"Predicted","192","192","permethrin",94.5780670233877,-179.156134046775,"1compartment","analytic",1.39,0.0299760191846523,2.77258872223978,1.11865768296304,0.135977951324513
"266","52645-53-1","rat",0.12504060396033,100.279974161093,0.999102772092248,2.88712361640394,"Fitted geometric mean","192","192","permethrin",94.5780670233877,-179.156134046775,"1compartment","analytic",12.5390685342294,0.00331996607697534,5.54337678007257,1.1365978019685,0.00865094347925087
"267","52645-53-1","rat",0.201572343354768,0.315604551275278,0.279005849863711,0.554486027239809,"Fitted geometric std dev","192","192","permethrin",94.5780670233877,-179.156134046775,"1compartment","analytic",0.0636171489739877,0.182737578338739,3.43870180315365,2.86725426863935,1.77767460257257
"268","62-44-2","human",0.25,5.56,1,2.19,"Predicted","14","14","phenacetin",-77.5331732563607,165.066346512721,"1compartment","analytic",1.39,0.0299760191846523,2.77258872223978,1.11865768296304,0.135977951324513
"269","62-44-2","human",0.639403216526935,1.36971817621016,0.171030609965817,0.401193975333059,"Fitted geometric mean","14","14","phenacetin",-77.5331732563607,165.066346512721,"1compartment","analytic",0.875802207604183,0.00813685482106376,1.0840533213532,1.95664209104163,0.208944156920538
"270","62-44-2","human",0.143744319918168,0.0992639903117425,0.309787424707046,0.583999729654355,"Fitted geometric std dev","14","14","phenacetin",-77.5331732563607,165.066346512721,"1compartment","analytic",0.014268634779725,0.90462819758586,4.82208396794076,3.18420699353473,6.37421368727574
"271","62-44-2","human",0.25,5.56,1,2.19,"Predicted","14","14","phenacetin",-77.5331732563607,165.066346512721,"1compartment","analytic",1.39,0.0299760191846523,2.77258872223978,1.11865768296304,0.135977951324513
"272","62-44-2","human",0.639403216526935,1.36971817621016,0.171030609965817,0.401193975333059,"Fitted geometric mean","14","14","phenacetin",-77.5331732563607,165.066346512721,"1compartment","analytic",0.875802207604183,0.00813685482106376,1.0840533213532,1.95664209104163,0.208944156920538
"273","62-44-2","human",0.143744319918168,0.0992639903117425,0.309787424707046,0.583999729654355,"Fitted geometric std dev","14","14","phenacetin",-77.5331732563607,165.066346512721,"1compartment","analytic",0.014268634779725,0.90462819758586,4.82208396794076,3.18420699353473,6.37421368727574
"274","62-44-2","rat",0.25,5.56,1,2.19,"Predicted","1, 192, 62, 63, 67","Joint Analysis","phenacetin",-124.72983923679,267.45967847358,"1compartment","analytic",1.39,0.0299760191846523,2.77258872223978,1.11865768296304,0.135977951324513
"275","62-44-2","rat",1.00475810833843,0.876634885783546,0.536914172103307,0.893124136308417,"Fitted geometric mean","1, 192, 62, 63, 67","Joint Analysis","phenacetin",-124.72983923679,267.45967847358,"1compartment","analytic",0.880806009543353,0.0253988092670213,0.689864729438415,1.05502401752561,0.395193705344552
"276","62-44-2","rat",0.0610323166633097,0.0213070942443626,0.22095625305309,0.299125778059191,"Fitted geometric std dev","1, 192, 62, 63, 67","Joint Analysis","phenacetin",-124.72983923679,267.45967847358,"1compartment","analytic",0.00130042132309692,7.07963671493302,11.3570517793672,6.67578451238996,31.2267969960159
"277","62-44-2","rat",0.25,5.56,1,2.19,"Predicted","67","67","phenacetin",0,Inf,"1compartment","analytic",1.39,0.0299760191846523,2.77258872223978,1.11865768296304,0.135977951324513
"278","62-44-2","rat",0.424334427860464,7.72963953828624,NA,191.734442778568,"Fitted geometric mean","67","67","phenacetin",0,Inf,"1compartment","analytic",3.27995217104631,0.0127034372740182,1.63349267711993,0.0319551577619956,0.127629734838442
"279","62-44-2","rat",0.379685008473065,0.656364105725179,NA,101.886819194782,"Fitted geometric std dev","67","67","phenacetin",0,Inf,"1compartment","analytic",0.24921161104368,0.167193922033447,1.82558480079973,0.0550924417419199,1.49200645859697
"280","62-44-2","rat",0.25,5.56,1,2.19,"Predicted","63","63","phenacetin",-22.2857363415557,52.5714726831114,"1compartment","analytic",1.39,0.0299760191846523,2.77258872223978,1.11865768296304,0.135977951324513
"281","62-44-2","rat",0.512810024333179,10.2060761135466,NA,6.49151926162083,"Fitted geometric mean","63","63","phenacetin",-22.2857363415557,52.5714726831114,"1compartment","analytic",5.23377814013411,0.0079611067857758,1.35166464708108,0.424564286472463,0.0788108924652671
"282","62-44-2","rat",0.187504926981557,0.0847404756673884,NA,0.16875322356456,"Fitted geometric std dev","63","63","phenacetin",-22.2857363415557,52.5714726831114,"1compartment","analytic",0.015889256702396,2.62231691809621,3.69668782425181,5.6190996509523,4.11464701669476
"283","62-44-2","rat",0.25,5.56,1,2.19,"Predicted","1","1","phenacetin",-43.4209327126869,94.8418654253738,"1compartment","analytic",1.39,0.0299760191846523,2.77258872223978,1.11865768296304,0.135977951324513
"284","62-44-2","rat",0.477195479109471,3.82973980401687,NA,12.0506860767062,"Fitted geometric mean","1","1","phenacetin",-43.4209327126869,94.8418654253738,"1compartment","analytic",1.82753452064244,0.0227993869314268,1.45254347726319,0.278995401560317,0.228565556851627
"285","62-44-2","rat",0.195900658506073,0.128586481879886,NA,0.409919824798807,"Fitted geometric std dev","1","1","phenacetin",-43.4209327126869,94.8418654253738,"1compartment","analytic",0.0251901764752489,1.65408395243309,3.53825855331904,3.44994290796486,3.95629310709806
"286","62-44-2","rat",0.25,5.56,1,2.19,"Predicted","62","62","phenacetin",-8.72956053815136,25.4591210763027,"1compartment","analytic",1.39,0.0299760191846523,2.77258872223978,1.11865768296304,0.135977951324513
"287","62-44-2","rat",1.19089983304343,7.36801621306983,NA,6.463149177345,"Fitted geometric mean","62","62","phenacetin",-8.72956053815136,25.4591210763027,"1compartment","analytic",8.77456927800612,0.00474857116589257,0.582036508300249,0.320813260851084,0.0926241883453805
"288","62-44-2","rat",0.204182325083032,0.185178952149897,NA,0.661455215631094,"Fitted geometric std dev","62","62","phenacetin",-8.72956053815136,25.4591210763027,"1compartment","analytic",0.0378102690064055,1.10199339390068,3.39474624102783,2.57051961580812,3.19497077505491
"289","62-44-2","rat",0.25,5.56,1,2.19,"Predicted","192","192","phenacetin",-10.6967660299121,27.3935320598241,"1compartment","analytic",1.39,0.0299760191846523,2.77258872223978,1.11865768296304,0.135977951324513
"290","62-44-2","rat",0.995340287169203,0.878804260856739,NA,NA,"Fitted geometric mean","192","192","phenacetin",-10.6967660299121,27.3935320598241,"1compartment","analytic",0.874709285366665,0.0476348740818507,0.696392168080818,NA,0
"291","62-44-2","rat",0.0540852237211355,0.0201785390744835,NA,NA,"Fitted geometric std dev","192","192","phenacetin",-10.6967660299121,27.3935320598241,"1compartment","analytic",0.00109136080020911,38.1786359366059,12.815832733425,NA,0
"292","77-09-8","Rat",0.25,5.56,1,2.19,"Predicted","139","139","phenolphthalein",0,Inf,"1compartment","analytic",1.39,0.0299760191846523,2.77258872223978,1.11865768296304,0.135977951324513
"293","77-09-8","Rat",0.217689088519469,0.938721467303479,NA,NA,"Fitted geometric mean","139","139","phenolphthalein",0,Inf,"1compartment","analytic",0.204349420590953,0.203899118217081,3.18411540639968,NA,0
"294","77-09-8","Rat",0.149482941948175,0.495223241901331,NA,NA,"Fitted geometric std dev","139","139","phenolphthalein",0,Inf,"1compartment","analytic",0.0740274271205237,0.562854448511757,4.63696507124041,NA,0
"295","57-41-0","rat",0.25,5.56,1,2.19,"Predicted","192","192","phenytoin",-109.19154674962,228.38309349924,"1compartment","analytic",1.39,0.0299760191846523,2.77258872223978,1.11865768296304,0.135977951324513
"296","57-41-0","rat",0.211210975281587,1.27267339061975,0.643186028243449,48.5605441657645,"Fitted geometric mean","192","192","phenytoin",-109.19154674962,228.38309349924,"1compartment","analytic",0.268802588047722,0.0996992552717505,3.28177633589277,0.112467096361386,0.767302620111355
"297","57-41-0","rat",0.308568781391667,0.228959346065389,0.653278201972523,140.222015380913,"Fitted geometric std dev","192","192","phenytoin",-109.19154674962,228.38309349924,"1compartment","analytic",0.0706497064036299,0.385280087742727,2.24632957823472,0.0437344490154789,4.30904255165134
"298","29420-49-3","Rat",0.25,5.56,1,2.19,"Predicted","144","144","potassium perfluorobutane sulfonate",-994.828972166035,1999.65794433207,"1compartment","analytic",1.39,0.0299760191846523,2.77258872223978,1.11865768296304,0.135977951324513
"299","29420-49-3","Rat",0.196398596621968,0.142693152517624,0.309111061259104,3.60090897316161,"Fitted geometric mean","144","144","potassium perfluorobutane sulfonate",-994.828972166035,1999.65794433207,"1compartment","analytic",0.0280247349020257,0.459580709594212,3.52928784870153,0.854394615677224,5.92545120776287
"300","29420-49-3","Rat",0.0511753344234323,0.104327358784784,0.100200474286892,0.0995710437848317,"Fitted geometric std dev","144","144","potassium perfluorobutane sulfonate",-994.828972166035,1999.65794433207,"1compartment","analytic",0.00533898747532472,0.781987180387592,13.5445559539434,13.7535690586717,4.74161666774221
"301","125-33-7","Rat",0.25,5.56,1,2.19,"Predicted","140","140","primidone",-351.682093140973,711.364186281946,"1compartment","analytic",1.39,0.0299760191846523,2.77258872223978,1.11865768296304,0.135977951324513
"302","125-33-7","Rat",0.215877879500177,1.108867109353,NA,1.11793518876507,"Fitted geometric mean","140","140","primidone",-351.682093140973,711.364186281946,"1compartment","analytic",0.239379880214616,0.174060855195142,3.21083004041355,1.82308351069767,0.608412438394007
"303","125-33-7","Rat",0.0909942424431383,0.10183612671977,NA,0.177902195552148,"Fitted geometric std dev","140","140","primidone",-351.682093140973,711.364186281946,"1compartment","analytic",0.00926650120420892,4.49648316537652,7.6174839412844,7.71434232942001,4.86676586101515
"304","25606-41-1","rat",0.25,5.56,1,2.19,"Predicted","192","192","propamocarb hydrochloride",116.318164384795,-222.63632876959,"1compartment","analytic",1.39,0.0299760191846523,2.77258872223978,1.11865768296304,0.135977951324513
"305","25606-41-1","rat",2.53036567491691,7.57866453074396,0.0191076494832887,4.81982775421479,"Fitted geometric mean","192","192","propamocarb hydrochloride",116.318164384795,-222.63632876959,"1compartment","analytic",19.1767925903048,4.15164349332435e-05,0.273931624757243,0.281452298238567,0.0647310532292561
"306","25606-41-1","rat",0.121413723238052,0.0698647949729257,0.213531900318249,0.487364061424091,"Fitted geometric std dev","192","192","propamocarb hydrochloride",116.318164384795,-222.63632876959,"1compartment","analytic",0.00848254488092605,1.048878919965,5.70896898698109,3.79780353898401,9.02580716944365
"307","94-13-3","rat",0.25,5.56,1,2.19,"Predicted","64","64","propylparaben",-65.9468195107377,139.893639021475,"1compartment","analytic",1.39,0.0299760191846523,2.77258872223978,1.11865768296304,0.135977951324513
"308","94-13-3","rat",343.971568641585,0.0384471757374344,NA,0.223731849536661,"Fitted geometric mean","64","64","propylparaben",-65.9468195107377,139.893639021475,"1compartment","analytic",13.224735348244,0.00315066166312351,0.00201512928320596,0.0213466537495794,0.0168370757061532
"309","94-13-3","rat",28.70294703663,28.7216604169063,NA,0.22183614640588,"Fitted geometric std dev","64","64","propylparaben",-65.9468195107377,139.893639021475,"1compartment","analytic",824.396297750533,5.05420351599823e-05,0.0241489899861282,0.170738285782364,0.000259087807038836
"310","23950-58-5","rat",0.25,5.56,1,2.19,"Predicted","192","192","propyzamide",138.972750173112,-267.945500346223,"1compartment","analytic",1.39,0.0299760191846523,2.77258872223978,1.11865768296304,0.135977951324513
"311","23950-58-5","rat",0.108300368766751,10.5023906440599,0.999647858970651,4.13228347642584,"Fitted geometric mean","192","192","propyzamide",138.972750173112,-267.945500346223,"1compartment","analytic",1.13741277968417,0.0366199456061527,6.4002291816087,0.904993081865127,0.0863269025871777
"312","23950-58-5","rat",0.0864865736294336,0.314094176339624,0.156300574075999,0.379049039791896,"Fitted geometric std dev","192","192","propyzamide",138.972750173112,-267.945500346223,"1compartment","analytic",0.0271649291085732,0.239740140451092,8.01450619988545,5.05080649938432,2.05697295993763
"313","110-86-1","Rat",0.25,5.56,1,2.19,"Predicted","149, 162","Joint Analysis","pyridine",-1417.43217836185,2846.8643567237,"1compartment","analytic",1.39,0.0299760191846523,2.77258872223978,1.11865768296304,0.135977951324513
"314","110-86-1","Rat",0.0972929832448597,0.801149186076942,0.644204844951376,8.7295891847622,"Fitted geometric mean","149, 162","Joint Analysis","pyridine",-1417.43217836185,2846.8643567237,"1compartment","analytic",0.0779461943376169,0.344364067646171,7.12432857378301,0.520921272038548,1.18652173448963
"315","110-86-1","Rat",0.0781521240767652,0.0975126944494183,0.0885425430807552,0.133027163805127,"Fitted geometric std dev","149, 162","Joint Analysis","pyridine",-1417.43217836185,2846.8643567237,"1compartment","analytic",0.00762082419567064,0.484104151157386,8.8692046281314,9.69286060026081,4.80787436114466
"316","110-86-1","Rat",0.25,5.56,1,2.19,"Predicted","162","162","pyridine",-99999,200008,"1compartment","analytic",1.39,0.0299760191846523,2.77258872223978,1.11865768296304,0.135977951324513
"317","110-86-1","Rat",0.261742716285782,0.841231723017492,1.10318004478192,2.26434805768159,"Fitted geometric mean","162","162","pyridine",-99999,200008,"1compartment","analytic",0.220186276208367,0.208758856322854,2.6482004557603,1.07743652543795,0.896620091873197
"318","110-86-1","Rat",0,0,0,0,"Fitted geometric std dev","162","162","pyridine",-99999,200008,"1compartment","analytic",0,NA,Inf,NA,0
"319","110-86-1","Rat",0.25,5.56,1,2.19,"Predicted","149","149","pyridine",-739.66323517421,1489.32647034842,"1compartment","analytic",1.39,0.0299760191846523,2.77258872223978,1.11865768296304,0.135977951324513
"320","110-86-1","Rat",0.163515089918998,0.622593356555826,0.51156300166256,32.7451934229306,"Fitted geometric mean","149","149","pyridine",-739.66323517421,1489.32647034842,"1compartment","analytic",0.101803408680197,0.209375357324549,4.23904106283594,0.162656021929035,1.56402867673808
"321","110-86-1","Rat",0.275821361073041,0.198027699490481,0.169717900587144,0.295028931981354,"Fitted geometric std dev","149","149","pyridine",-739.66323517421,1489.32647034842,"1compartment","analytic",0.0546202696036274,0.1294680389249,2.51302936749845,3.50486861086817,1.92058673600203
"322","123343-16-8","rat",0.25,5.56,1,2.19,"Predicted","192","192","pyrithiobac sodium",0.859717525259562,8.28056494948088,"1compartment","analytic",1.39,0.0299760191846523,2.77258872223978,1.11865768296304,0.135977951324513
"323","123343-16-8","rat",0.125132705286021,1.0517558304586,0.999936470708499,2.94944851044147,"Fitted geometric mean","192","192","pyrithiobac sodium",0.859717525259562,8.28056494948088,"1compartment","analytic",0.131609052365631,0.31657411753946,5.5392966928637,1.11885457852456,0.826573623301176
"324","123343-16-8","rat",0.151048115539774,0.345221335411541,0.301111973916905,0.494209420294907,"Fitted geometric std dev","192","192","pyrithiobac sodium",0.859717525259562,8.28056494948088,"1compartment","analytic",0.0521450321580376,0.240604554783151,4.58891643952635,3.45423830320092,1.71912137086766
"325","10453-86-8","rat",0.25,5.56,1,2.19,"Predicted","192","192","resmethrin",125.917290616352,-241.834581232705,"1compartment","analytic",1.39,0.0299760191846523,2.77258872223978,1.11865768296304,0.135977951324513
"326","10453-86-8","rat",0.332601666593584,50.0925331448821,0.513733420988919,2.35938868274304,"Fitted geometric mean","192","192","resmethrin",125.917290616352,-241.834581232705,"1compartment","analytic",16.6608600078821,0.00128478116962418,2.08401595716272,0.966659169694234,0.0144742451006059
"327","10453-86-8","rat",0.214483737740907,0.260407930493632,0.19120516161848,0.355094873444557,"Fitted geometric std dev","192","192","resmethrin",125.917290616352,-241.834581232705,"1compartment","analytic",0.0558532662696483,0.142639495703632,3.23170039771154,3.58542785122355,1.77978033099676
"328","28434-00-6","rat",0.25,5.56,1,2.19,"Predicted","192","192","s-bioallethrin",95.2584563994788,-180.516912798958,"1compartment","analytic",1.39,0.0299760191846523,2.77258872223978,1.11865768296304,0.135977951324513
"329","28434-00-6","rat",0.414051604074807,27.2215207341913,0.0564314185227109,57.3388690155746,"Fitted geometric mean","192","192","s-bioallethrin",95.2584563994788,-180.516912798958,"1compartment","analytic",11.2711143253475,0.000208613721522202,1.67405988465803,0.0866185194032185,0.0354414797364915
"330","28434-00-6","rat",0.230637924421786,0.25272544302279,1.03309700156441,134.280991527833,"Fitted geometric std dev","192","192","s-bioallethrin",95.2584563994788,-180.516912798958,"1compartment","analytic",0.0582880716273526,0.73849944245397,3.0053478078147,0.0474958894913274,3.91375484495384
"331","122-34-9","rat",0.25,5.56,1,2.19,"Predicted","192","192","simazine",102.669080394133,-195.338160788266,"1compartment","analytic",1.39,0.0299760191846523,2.77258872223978,1.11865768296304,0.135977951324513
"332","122-34-9","rat",1.9390207280931,3.59239522242414,0.109907367017461,0.769109312943196,"Fitted geometric mean","192","192","simazine",102.669080394133,-195.338160788266,"1compartment","analytic",6.96572879978304,0.000657429216289643,0.357472805998113,0.790406200359278,0.060118769661938
"333","122-34-9","rat",0.132567948122067,0.115203733985587,0.270408472313316,0.394014948692009,"Fitted geometric std dev","192","192","simazine",102.669080394133,-195.338160788266,"1compartment","analytic",0.0152723226304697,0.737741072680245,5.22861815679387,4.16640281605669,4.99641994912639
"334","1229-55-6","rat",0.25,5.56,1,2.19,"Predicted","66","66","solvent red1",31.4349714083929,-54.8699428167858,"1compartment","analytic",1.39,0.0299760191846523,2.77258872223978,1.11865768296304,0.135977951324513
"335","1229-55-6","rat",0.19464982904745,52.1154343572855,NA,3.64303471693199,"Fitted geometric mean","66","66","solvent red1",31.4349714083929,-54.8699428167858,"1compartment","analytic",10.1442603883792,0.00410741296767166,3.56099557832634,0.849490479215247,0.0162637865583636
"336","1229-55-6","rat",0.277334397231309,0.375731434190843,NA,0.451371265082956,"Fitted geometric std dev","66","66","solvent red1",31.4349714083929,-54.8699428167858,"1compartment","analytic",0.104203250822173,0.399859566164329,2.49931918824274,2.79863814332655,1.22473199323278
"337","10540-29-1","Rat",0.25,5.56,1,2.19,"Predicted","141","141","tamoxifen",23.8630653302532,-39.7261306605064,"1compartment","analytic",1.39,0.0299760191846523,2.77258872223978,1.11865768296304,0.135977951324513
"338","10540-29-1","Rat",0.120047344205315,72051.2077066447,NA,14.4214334520381,"Fitted geometric mean","141","141","tamoxifen",23.8630653302532,-39.7261306605064,"1compartment","analytic",8649.55613196825,4.81720287503183e-06,5.77394847964704,0.334833601232029,1.33322019758626e-05
"339","10540-29-1","Rat",0.343116583591483,0.306105964478865,NA,3.85323163029165,"Fitted geometric std dev","141","141","tamoxifen",23.8630653302532,-39.7261306605064,"1compartment","analytic",0.105030032748964,0.396711926828164,2.02015062432894,0.689036440185313,2.57900616794831
"340","994-05-8","human",0.25,5.56,1,2.19,"Predicted","51","51","tert-amyl methyl ether",78.6966016049602,-149.39320320992,"1compartment","analytic",1.39,0.0299760191846523,2.77258872223978,1.11865768296304,0.135977951324513
"341","994-05-8","human",0.267186617494683,12.721656826179,NA,17.6287558351056,"Fitted geometric mean","51","51","tert-amyl methyl ether",78.6966016049602,-149.39320320992,"1compartment","analytic",3.39905645631491,0.0122583037975897,2.59424363038594,0.241299579163301,0.073698132345326
"342","994-05-8","human",0.210345562299079,1.4106304227218,NA,91.0870674193797,"Fitted geometric std dev","51","51","tert-amyl methyl ether",78.6966016049602,-149.39320320992,"1compartment","analytic",0.296719849463606,0.140424264645555,3.2952783647244,0.0668027991742682,0.699011290068375
"343","127-18-4","rat",0.25,5.56,1,2.19,"Predicted","4","4","tetrachloroethylene",-31.0360306655969,70.0720613311939,"1compartment","analytic",1.39,0.0299760191846523,2.77258872223978,1.11865768296304,0.135977951324513
"344","127-18-4","rat",0.086278370905095,12.7328699844008,NA,1.22683407131187,"Fitted geometric mean","4","4","tetrachloroethylene",-31.0360306655969,70.0720613311939,"1compartment","analytic",1.09857127920048,0.0379280502372051,8.03384641235748,2.32747358464091,0.0642484636965666
"345","127-18-4","rat",0.199366357784982,0.111730407566059,NA,0.28387490856077,"Fitted geometric std dev","4","4","tetrachloroethylene",-31.0360306655969,70.0720613311939,"1compartment","analytic",0.0222752844102767,1.87053354288234,3.47675098377185,4.18170172135302,3.88831438288131
"346","119-64-2","Rat",0.25,5.56,1,2.19,"Predicted","152","152","tetralin",0,Inf,"1compartment","analytic",1.39,0.0299760191846523,2.77258872223978,1.11865768296304,0.135977951324513
"347","119-64-2","Rat",0.189543161433183,2.7389201437144,NA,NA,"Fitted geometric mean","152","152","tetralin",0,Inf,"1compartment","analytic",0.519143582952655,0.0802603904486028,3.65693584151962,NA,0
"348","119-64-2","Rat",0.106000143725404,0.187776669069183,NA,NA,"Fitted geometric std dev","152","152","tetralin",0,Inf,"1compartment","analytic",0.019904353909611,2.09334434344777,6.53911547851823,NA,0
"349","123-93-3","Rat",0.25,5.56,1,2.19,"Predicted","155","155","thiodiglycolic acid",-107.10977240818,220.219544816361,"1compartment","analytic",1.39,0.0299760191846523,2.77258872223978,1.11865768296304,0.135977951324513
"350","123-93-3","Rat",0.486214698967213,1.41278512694841,NA,NA,"Fitted geometric mean","155","155","thiodiglycolic acid",-107.10977240818,220.219544816361,"1compartment","analytic",0.686916895204577,0.0606575074183574,1.42559898339619,NA,0
"351","123-93-3","Rat",0.126599676369157,0.201232013508114,NA,NA,"Fitted geometric std dev","155","155","thiodiglycolic acid",-107.10977240818,220.219544816361,"1compartment","analytic",0.0254759077852411,1.63553216701488,5.4751102091191,NA,0
"352","64-77-7","rat",0.25,5.56,1,2.19,"Predicted","192","192","tolbutamide",-99999,200008,"1compartment","analytic",1.39,0.0299760191846523,2.77258872223978,1.11865768296304,0.135977951324513
"353","64-77-7","rat",0.22480999753092,0.166808975020191,1.06044900890889,2.39340622022228,"Fitted geometric mean","192","192","tolbutamide",-99999,200008,"1compartment","analytic",0.0375003252624245,1.17826645667732,3.08325780958478,1.0906674152895,4.69131555140762
"354","64-77-7","rat",0,0,0,0,"Fitted geometric std dev","192","192","tolbutamide",-99999,200008,"1compartment","analytic",0,NA,Inf,NA,0
"355","79-01-6","rat",0.25,5.56,1,2.19,"Predicted","18, 29","Joint Analysis","trichloroethylene",-35.3389561130409,80.6779122260818,"1compartment","analytic",1.39,0.0299760191846523,2.77258872223978,1.11865768296304,0.135977951324513
"356","79-01-6","rat",0.817272899659549,2.56459740390617,NA,466.194970583799,"Fitted geometric mean","18, 29","Joint Analysis","trichloroethylene",-35.3389561130409,80.6779122260818,"1compartment","analytic",2.09597595674974,0.0198793628965476,0.848122066507637,0.013637065513457,0.385603086126692
"357","79-01-6","rat",0.244806870189044,0.470508235734985,NA,238.164093580315,"Fitted geometric std dev","18, 29","Joint Analysis","trichloroethylene",-35.3389561130409,80.6779122260818,"1compartment","analytic",0.11518364858845,0.361741160115019,2.83140411878427,0.0289184019685828,2.11036811090098
"358","79-01-6","rat",0.25,5.56,1,2.19,"Predicted","18","18","trichloroethylene",-29.9238267880019,67.8476535760039,"1compartment","analytic",1.39,0.0299760191846523,2.77258872223978,1.11865768296304,0.135977951324513
"359","79-01-6","rat",0.812689521161061,2.35334770722721,NA,421.804721928481,"Fitted geometric mean","18","18","trichloroethylene",-29.9238267880019,67.8476535760039,"1compartment","analytic",1.91254102131196,0.0217860250851426,0.85290527626057,0.0148505152510996,0.419829027134937
"360","79-01-6","rat",0.243621952348897,0.38957781111334,NA,166.128683060992,"Fitted geometric std dev","18","18","trichloroethylene",-29.9238267880019,67.8476535760039,"1compartment","analytic",0.0949097069352418,0.439013753304458,2.84517537880688,0.0393338633053037,2.54240140456953
"361","79-01-6","rat",0.25,5.56,1,2.19,"Predicted","29","29","trichloroethylene",7.9509921761658,-7.9019843523316,"1compartment","analytic",1.39,0.0299760191846523,2.77258872223978,1.11865768296304,0.135977951324513
"362","79-01-6","rat",6.24344885744291,2.32912278968069,NA,27.6434899727235,"Fitted geometric mean","29","29","trichloroethylene",7.9509921761658,-7.9019843523316,"1compartment","analytic",14.5417590200762,0.0028653113154428,0.111019918059172,0.0695259189922204,0.278155983458173
"363","79-01-6","rat",0.0789897977535537,0.0535471846007218,NA,0.0954622765767903,"Fitted geometric std dev","29","29","trichloroethylene",7.9509921761658,-7.9019843523316,"1compartment","analytic",0.00422968128188322,9.8510180530943,8.77514818714371,11.4987222049518,7.53011502475483
"364","3380-34-5","rat",0.25,5.56,1,2.19,"Predicted","192","192","triclosan",0,Inf,"1compartment","analytic",1.39,0.0299760191846523,2.77258872223978,1.11865768296304,0.135977951324513
"365","3380-34-5","rat",0.0649839660357373,0.617875748334573,NA,NA,"Fitted geometric mean","192","192","triclosan",0,Inf,"1compartment","analytic",0.0401520166440796,1.03772288789411,10.6664339350842,NA,0
"366","3380-34-5","rat",0.375459891574762,1.79888248540926,NA,NA,"Fitted geometric std dev","192","192","triclosan",0,Inf,"1compartment","analytic",0.675408222927498,0.061691085853332,1.84612843106286,NA,0
"367","99-66-1","rat",0.25,5.56,1,2.19,"Predicted","192","192","valproic acid",-211.392925063575,432.785850127149,"1compartment","analytic",1.39,0.0299760191846523,2.77258872223978,1.11865768296304,0.135977951324513
"368","99-66-1","rat",0.889738622063274,0.221344782795612,0.561816968412851,2.14309212633616,"Fitted geometric mean","192","192","valproic acid",-211.392925063575,432.785850127149,"1compartment","analytic",0.196939002045462,0.118864420492654,0.779045849389521,0.701380132946526,2.42053525867696
"369","99-66-1","rat",0.100130611348269,0.0563701650202524,0.111392669674827,0.273466274822398,"Fitted geometric std dev","192","192","valproic acid",-211.392925063575,432.785850127149,"1compartment","analytic",0.00564437908528066,0.822297929732396,6.92243032601769,5.79628471872359,9.92870162769622
"370","50892-23-4","Rat",0.25,5.56,1,2.19,"Predicted","173","173","wyeth-14643",-154.067423050194,318.134846100388,"1compartment","analytic",1.39,0.0299760191846523,2.77258872223978,1.11865768296304,0.135977951324513
"371","50892-23-4","Rat",0.327268244917571,0.448898740693119,0.852959134727598,3.18170846710762,"Fitted geometric mean","173","173","wyeth-14643",-154.067423050194,318.134846100388,"1compartment","analytic",0.146910303012345,0.241916075443646,2.1179787263947,0.796791403149666,1.71633879479239
"372","50892-23-4","Rat",0.12449984223492,0.271370128602921,0.172919868973641,0.319964394999329,"Fitted geometric std dev","173","173","wyeth-14643",-154.067423050194,318.134846100388,"1compartment","analytic",0.0337855381983337,0.213256763834052,5.56745428843225,4.82903555612618,2.0199190510158
