nca_id	analyte_dtxsid	species	administration_route_normalized	conc_medium_normalized	design	AUC_infinity.nca	AUC_tlast.nca	AUMC_infinity.nca	CLtot.nca	CLtot/Fgutabs.nca	Cmax.nca	halflife.nca	MRT.nca	MTT.nca	tmax.nca	Vss.nca	sd_z_AUC_infinity.nca	sd_z_AUC_tlast.nca	sd_z_AUMC_infinity.nca	sd_z_CLtot.nca	sd_z_CLtot/Fgutabs.nca	sd_z_Cmax.nca	sd_z_halflife.nca	sd_z_MRT.nca	sd_z_MTT.nca	sd_z_tmax.nca	sd_z_Vss.nca	preprocess_data_flags	document_ids
1	DTXSID0020232	rat	oral	plasma	batch	-0.004543072350103349	0.0019863308147333334	0.19491760264305041	NA	-220.11535871253545	1.6e-4	NA	NA	-42.90435802516249	0.08333	NA	0.008154095274464434	3.8814997208204107e-4	0.5791659812346499	NA	395.0722040061939	NA	NA	NA	50.68224215066512	NA	NA	Adjusted loq and loq_units.	136
2	DTXSID0020365	rat	iv	plasma	complete	5.688623425114375	5.3358643351960104	64.69412598530036	0.17578945296065088	NA	2.8886694915254236	7.882847514132866	11.372545016723379	NA	0.03	1.9991734672601789	NA	NA	NA	NA	NA	NA	NA	NA	NA	NA	NA	NA	192
3	DTXSID0020442	hamster	iv	plasma	batch	6.534470064590257	6.530438318958333	7.089266213661388	0.15303459807994466	NA	15.875	0.7519974595746189	1.0849030056894016	NA	0.04166	0.1660276954314015	4.2127787759886335	4.255048275293278	6.4565275311545145	0.09866154415133396	NA	NA	0.199799634439049	0.28824994177664376	NA	NA	0.06278457477117734	NA	164
4	DTXSID0020442	hamster	oral	plasma	batch	2.589507052600302	2.587347690446597	13.955284511995991	NA	0.38617388548752213	2.0399997500000002	NA	NA	5.389166443081331	0.08333	NA	1.1047610001437032	1.1377480825838888	11.322362798342182	NA	0.16475330605188596	NA	NA	NA	2.1950797998378895	NA	NA	NA	164
5	DTXSID0020442	mouse	iv	plasma	batch	9.63643102821616	9.4866909	13.788895073119	0.10377285917077893	NA	8.34	0.9918333577009608	1.4309130665434255	NA	0.16666	0.14848994014003833	0.18161486633246776	0.6269310827686313	5.773502691896258e-5	0.0019557753168216035	NA	NA	0.05609288066330169	0.08092492076212178	NA	NA	0.01289453210197928	NA	164
6	DTXSID0020442	mouse	oral	plasma	batch	9.452125580887959	9.42746971933205	23.78200374749465	NA	0.1057963091415103	3.230769230769231	NA	NA	2.5160482204745	0.5	NA	2.371107243115457	1.4124785354264218	7.342154709805304	NA	0.026539469112380448	NA	NA	NA	0.3819795998387056	NA	NA	NA	164
7	DTXSID0020652	rat	iv	plasma	ssd	2.132937049331587	1.5389613480963482	39.26154612880562	0.4688370902992082	NA	3.613053613053613	12.758946642205919	18.40726904767737	NA	0.08333	8.630010460667735	0.5369742518048517	0.1104979712851586	38.76085615189246	0.1180313529931297	NA	NA	9.470289544784924	13.66273976204381	NA	NA	4.3490755034648965	NA	163
8	DTXSID0020652	rat	oral	plasma	ssd	1.9255680323798845	1.7477397497927256	19.052621796919873	NA	0.5193272754762454	0.504	NA	NA	9.894546168473724	0.16666	NA	0.13316426967283806	0.0982870208676092	3.801347103269715	NA	0.03591451259943623	NA	NA	NA	1.5148879585253885	NA	NA	NA	163
9	DTXSID0020868	mouse	iv	blood	batch	NA	NA	NA	NA	NA	1.0636452	NA	NA	NA	0.0324	NA	NA	NA	NA	NA	NA	NA	NA	NA	NA	NA	NA	NA	30
10	DTXSID0020868	rat	oral	blood	batch	NA	NA	NA	NA	NA	0.9098436000000001	NA	NA	NA	0.10268	NA	NA	NA	NA	NA	NA	NA	NA	NA	NA	NA	NA	NA	18
11	DTXSID0021125	rat	iv	plasma	batch	1.213323732213451	1.1725497305666666	3.150151753665668	0.8241823459397046	NA	7.24	1.7996176522534175	2.5962994624022446	NA	0.04166	2.139824181684676	0.16195098563877258	0.1597165754074347	16.136019944514995	0.11000950507043193	NA	NA	9.089148546562795	13.112869534029274	NA	NA	10.65941755710591	NA	139
12	DTXSID0021383	mouse	oral	blood	batch	NA	NA	NA	NA	NA	0.1619103	NA	NA	NA	0.15765	NA	NA	NA	NA	NA	NA	NA	NA	NA	NA	NA	NA	NA	45
13	DTXSID0021383	rat	oral	blood	batch	NA	NA	NA	NA	NA	0.7551477777777778	NA	NA	NA	0.07401	NA	NA	NA	NA	NA	NA	NA	NA	NA	NA	NA	NA	NA	18,29
14	DTXSID0021961	mouse	iv	plasma	ssd	0.134833923169297	0.11818156727777777	0.1650384449884491	7.416531214807149	NA	0.33999999999999997	0.8484210066639238	1.2240127789000652	NA	0.06666	9.077928982035177	0.01962979516498722	0.004262738957421865	0.15164567311163568	1.079735612221282	NA	NA	0.6592296414721303	0.9510673345588516	NA	NA	5.78133269992588	NA	171
15	DTXSID0021961	mouse	oral	plasma	ssd	0.04940978987665893	0.04864792101398148	0.10930241976042801	NA	20.23890412196223	0.04853333333333333	NA	NA	2.2121611938297723	0.125	NA	0.005515514579693101	0.0048993342195568805	0.013206372439477924	NA	2.2592277975751163	NA	NA	NA	0.32534633035710275	NA	NA	NA	171
16	DTXSID0021961	rat	iv	plasma	batch	0.2910141108590634	0.2878542555533333	0.9848313685291474	3.4362594894386227	NA	0.3356	2.3457044210257094	3.3841361356051083	NA	0.06666	11.628769909525202	0.008227497508759474	0.008250983233935756	0.03349801945033401	0.09714929734970569	NA	NA	0.07787795956308477	0.1123541460562136	NA	NA	0.5981929931065427	NA	171
17	DTXSID0021961	rat	oral	blood	batch	0.4967413227993329	0.2999790460183333	14.411022697161156	NA	2.0131202179126277	0.1609	NA	NA	29.01112115245289	0.25	NA	0.1592787774777329	0.010704771117120144	15.025322428901953	NA	0.6455016172559527	NA	NA	NA	21.076540679613892	NA	NA	NA	171
18	DTXSID0021961	rat	oral	plasma	batch	0.3176341432310138	0.2636351558348333	4.026771002939109	NA	3.1482761576821567	0.04235	NA	NA	12.677387140999063	0.25	NA	0.02049470712578814	0.010183380236741126	0.6603113972038724	NA	0.20313621560472528	NA	NA	NA	1.5505038921542393	NA	NA	NA	171
19	DTXSID0022985	rat	oral	plasma	batch	0.10009309648353057	0.09683331658920533	0.3227081393398465	NA	9.990699010541062	0.0385	NA	NA	3.224079888396152	0.25	NA	0.016915324905278674	0.01552706838605918	0.07895065416816748	NA	1.688387368672874	NA	NA	NA	0.398540363236114	NA	NA	Adjusted loq and loq_units.	136
20	DTXSID0023537	rat	oral	plasma	batch	0.004558802659060328	0.0020606160633816666	0.08127276239550583	NA	219.35584292348435	1.772e-4	NA	NA	17.827655301986244	0.08333	NA	0.0018835922194923441	3.5112441268048204e-4	0.06507921463854086	NA	90.6327801247762	NA	NA	NA	7.168956503757145	NA	NA	Adjusted loq and loq_units.	136
21	DTXSID0041436	human	oral	blood	batch	NA	NA	NA	NA	NA	0.5848258187561464	NA	NA	NA	1.01524	NA	NA	NA	NA	NA	NA	NA	NA	NA	NA	NA	NA	NA	51
22	DTXSID1020198	rat	iv	plasma	batch	0.07139437951371584	0.07110140588545238	0.08698406191402007	14.006704824822888	NA	0.27060000000000006	0.8445028541465461	1.2183600796937977	NA	0.03333	17.065210006618713	0.005358695640499311	0.004610533031920516	0.0074160541302039215	1.051310601671655	NA	NA	0.07454707972591573	0.10754870223333281	NA	NA	2.388081310457491	NA	154
23	DTXSID1021087	rat	iv	plasma	complete	0.6860656332658532	0.6860655312920472	1.2771230354665513	1.4575864924755617	NA	0.7375	1.2903054581641857	1.8615172857254327	NA	0.03361615114319336	2.7133224511831613	NA	NA	NA	NA	NA	NA	NA	NA	NA	NA	NA	NA	159
24	DTXSID1021087	rat	oral	plasma	batch	-0.044936547634798374	0.3133636042121205	7.546285093536261	NA	-22.25360096923892	0.014575000000000001	NA	NA	-167.93201727167175	3.5	NA	0.5898927209028023	0.02332791145792226	29.729836550350548	NA	292.1282990476997	NA	NA	NA	1548.2327971009174	NA	NA	NA	159
25	DTXSID1021116	dog	iv	plasma	complete	0.5426741310409527	0.529215923	0.4356475665614085	1.842726496068292	NA	1.24797	0.55644421800724	0.8027793138503824	NA	0.24224	1.4793027121276228	NA	NA	NA	NA	NA	NA	NA	NA	NA	NA	NA	NA	32
26	DTXSID1021116	human	iv	blood	batch	0.7608205762889211	0.6758695272307204	1.3106302848630476	1.314370340610045	NA	0.8273200926598503	1.1940524678505966	1.7226535739292843	NA	0.16666	2.264204764718545	0.13523401907464863	0.08809683241858884	0.12092666680961257	0.23362615214774596	NA	NA	0.1991262835806015	0.2872785018323832	NA	NA	0.751963450175966	NA	14
27	DTXSID1021116	human	oral	blood	batch	NA	NA	NA	NA	NA	0.014800001657600186	NA	NA	NA	0.33333	NA	NA	NA	NA	NA	NA	NA	NA	NA	NA	NA	NA	NA	14
28	DTXSID1021116	rat	iv	plasma	complete	1.2071486049768492	0.9525369195869565	1.5531880801104438	0.8283984224288427	NA	1.1426173913043478	0.8918437499486781	1.2866585552987746	NA	0.04166	1.0658659174140785	NA	NA	NA	NA	NA	NA	NA	NA	NA	NA	NA	NA	192
29	DTXSID1021116	rat	oral	plasma	batch	NA	NA	NA	NA	NA	0.31977672	NA	NA	NA	0.35991	NA	NA	NA	NA	NA	NA	NA	NA	NA	NA	NA	NA	NA	67,63,1,62
30	DTXSID1021378	mouse	oral	blood	batch	NA	NA	NA	NA	NA	0.17664426666666666	NA	NA	NA	4.05649	NA	NA	NA	NA	NA	NA	NA	NA	NA	NA	NA	NA	NA	45
31	DTXSID1021950	mouse	oral	blood	batch	NA	NA	NA	NA	NA	0.12350223333333332	NA	NA	NA	0.95881	NA	NA	NA	NA	NA	NA	NA	NA	NA	NA	NA	NA	NA	45
32	DTXSID1023815	rat	iv	plasma	batch	0.6955140358289801	0.6922392384736982	0.28708935008022185	1.4377855060942148	NA	2.7024	0.28611237635155906	0.412772906499351	NA	0.03333	0.5934789022731494	0.048527873416411973	0.027903654108399165	0.04784489712392419	0.10031813801791956	NA	NA	0.030043091123617163	0.043343018577017715	NA	NA	0.037602562366085925	NA	153,133
33	DTXSID1023815	rat	oral	plasma	batch	0.9537167974614551	0.953311742047257	1.3236723301806252	NA	1.0485292936663575	0.619	NA	NA	1.3879092134099924	0.66666	NA	0.10032155721162822	0.04039705507711066	0.21933927388696853	NA	0.11029489236490972	NA	NA	NA	0.13398646691877567	NA	NA	NA	153,133
34	DTXSID1026118	rat	iv	plasma	complete	0.2976116902867883	0.2976103096305791	0.5211695172987582	3.3600830633916545	NA	1.204375	1.2138205362877792	1.7511728682315613	NA	0.08373064271404454	5.884086295615855	NA	NA	NA	NA	NA	NA	NA	NA	NA	NA	NA	NA	152
35	DTXSID1034187	rat	iv	plasma	batch	NA	NA	NA	NA	NA	0.034	NA	NA	NA	0.25	NA	NA	NA	NA	NA	NA	NA	NA	NA	NA	NA	NA	Adjusted dose_level_original_units and adjusted dose_level_normalized.	141
36	DTXSID1034187	rat	iv	plasma	batch	NA	NA	NA	NA	NA	0.034	NA	NA	NA	0.25	NA	NA	NA	NA	NA	NA	NA	NA	NA	NA	NA	NA	NA	142
37	DTXSID1043881	rat	iv	plasma	complete	0.18065063602780912	0.17551570633	0.19364369070371568	5.535546522216846	NA	0.234437	0.7430008617508571	1.0719236586241878	NA	0.05789	5.93368328057908	NA	NA	NA	NA	NA	NA	NA	NA	NA	NA	NA	NA	192
38	DTXSID1043881	rat	oral	plasma	complete	0.04980597909008831	0.02061065	2.4038515308357455	NA	20.077910690024083	0.0024092	NA	NA	48.26431634819777	1	NA	NA	NA	NA	NA	NA	NA	NA	NA	NA	NA	NA	NA	192
39	DTXSID1051432	rat	iv	plasma	ssd	0.5314416900539345	0.5648412612672917	0.5345759597272672	1.8816739798838757	NA	1.80375	0.6972351364502042	1.0058976736902494	NA	0.16666	1.8927714790086636	0.04515693520269749	0.04376596446105598	0.08348334140967897	0.15988702349188044	NA	NA	0.11031200258502154	0.1591465790799411	NA	NA	0.3790970008312802	NA	155
40	DTXSID2020139	mouse	oral	blood	batch	NA	NA	NA	NA	NA	0.01881	NA	NA	NA	3.01439	NA	NA	NA	NA	NA	NA	NA	NA	NA	NA	NA	NA	NA	53
41	DTXSID2020139	rat	iv	blood	complete	1.605739986191051	1.6035203193973115	17.546775419963136	0.6227658329491335	NA	3.574771401828785	7.5743881418289	10.927532209984724	NA	0.02206	6.805293698829622	NA	NA	NA	NA	NA	NA	NA	NA	NA	NA	NA	Adjusted analyte_dtxsid and adjusted analyte_name_original.	46,31
42	DTXSID2020139	rat	iv	blood	complete	1.605739986191051	1.6035203193973115	17.546775419963136	0.6227658329491335	NA	3.574771401828785	7.5743881418289	10.927532209984724	NA	0.02206	6.805293698829622	NA	NA	NA	NA	NA	NA	NA	NA	NA	NA	NA	Adjusted conc.	38
43	DTXSID2020139	rat	iv	blood	complete	1.605739986191051	1.6035203193973115	17.546775419963136	0.6227658329491335	NA	3.574771401828785	7.5743881418289	10.927532209984724	NA	0.02206	6.805293698829622	NA	NA	NA	NA	NA	NA	NA	NA	NA	NA	NA	NA	36,59
44	DTXSID2020139	rat	oral	blood	complete	-0.046907182728328056	0.029703275187691267	3.568986660872692	NA	-21.3186966651076	0.0010588235294117646	NA	NA	-76.08614402496015	3.7731387006703296e-4	NA	NA	NA	NA	NA	NA	NA	NA	NA	NA	NA	NA	Adjusted analyte_dtxsid and adjusted analyte_name_original.	31
45	DTXSID2020420	rat	iv	plasma	ssd	0.38050372696463386	0.3229875239364035	12.957562054027768	2.628095151596099	NA	0.26083333333333336	23.604230308931168	34.05370601069596	NA	0.08333	89.496379660589	0.10473311315071653	0.0523734878295272	24.148294429422933	0.7233794766707945	NA	NA	38.7566783570032	55.91406766697714	NA	NA	128.77129107875342	NA	192
46	DTXSID2020420	rat	oral	plasma	batch	0.34549432109634365	0.3424169061703137	2.386927224118675	NA	2.8944035804314785	0.04323333333333334	NA	NA	6.908730703718464	0.5	NA	0.10528128871288184	0.07084940137043103	0.19336054938364455	NA	0.8820015855427914	NA	NA	NA	1.7380361593223694	NA	NA	NA	192
47	DTXSID2020428	mouse	oral	blood	batch	NA	NA	NA	NA	NA	0.0014692666666666666	NA	NA	NA	8.09659	NA	NA	NA	NA	NA	NA	NA	NA	NA	NA	NA	NA	NA	45
48	DTXSID2020428	rat	iv	plasma	batch	0.41576838204855665	0.4152033310515278	0.12861786919146112	2.4051852982971953	NA	2.352	0.2144249472757584	0.3093498080776141	NA	0.03333	0.7440436104193364	0.0382717868358168	0.025687876957328874	0.044088991512595786	0.22139908422935423	NA	NA	0.05506211866554519	0.07943784553962169	NA	NA	0.13168355383304348	NA	134
49	DTXSID2020428	rat	oral	plasma	ssd	8.118252265652336	2.328019987800868	155.03450387764562	NA	0.12317922223616018	0.4963	NA	NA	19.097029607417348	4	NA	5.923337623567163	0.23589849952368555	239.86493708792955	NA	0.0898755172465141	NA	NA	NA	15.667062624940062	NA	NA	NA	134
50	DTXSID2020682	rat	iv	blood	batch	-231.43794986417254	90.9878339375	2690311.20734439	-0.004320812557261611	NA	1.3914499999999999	-8057.371875675526	-11624.330447635288	NA	0.25	50.22655296790104	798.3524827732635	2.864255758635648	14614016.318701277	0.014904778731025657	NA	NA	15976.536385811783	23049.269814392745	NA	NA	73.7198958462292	NA	174
51	DTXSID2020682	rat	oral	blood	batch	241.0187862141816	131.43143774912426	577920.0721749874	NA	0.004149054170040293	0.32543333333333335	NA	NA	2397.8216854076186	3	NA	80.61725214911392	5.111390262552661	478941.55679166317	NA	0.0013877978204953289	NA	NA	NA	1189.9676546928335	NA	NA	NA	180,174
52	DTXSID2021319	rat	oral	blood	complete	0.7193011393188973	0.7045563101378001	6.93307310617576	NA	1.390238309572115	0.0833348	NA	NA	9.63862383526968	2.35488	NA	NA	NA	NA	NA	NA	NA	NA	NA	NA	NA	NA	NA	4
53	DTXSID2021731	rat	iv	blood	complete	2.7475435382115263	2.4365878030515	8.37531321307951	0.36396147543886986	NA	0.9091026999999999	2.112914557754892	3.0482913542950802	NA	0.37473	1.1094606188767882	NA	NA	NA	NA	NA	NA	NA	NA	NA	NA	NA	NA	17
54	DTXSID20230862	rat	oral	plasma	complete	0.006746779079092379	0.00667239957	0.004672955502428193	NA	148.2188742623727	0.025312666666666667	NA	NA	0.692620204048067	0.06666	NA	NA	NA	NA	NA	NA	NA	NA	NA	NA	NA	NA	NA	192
55	DTXSID2039336	rat	iv	plasma	complete	544258255.8392116	0.0900916453681969	3989455205120146e5	1.8373630335805632e-9	NA	0.095875	508082256489.67737	733007751801.3319	NA	0.16743517259482646	1346.8013464877638	NA	NA	NA	NA	NA	NA	NA	NA	NA	NA	NA	NA	192
56	DTXSID2046624	rat	iv	plasma	complete	0.176611974429104	0.16524023689949288	0.3105014972213591	5.6621302334254935	NA	0.2924	1.2186219991839917	1.7580999149409393	NA	0.08338089170470725	9.954590681769883	NA	NA	NA	NA	NA	NA	NA	NA	NA	NA	NA	NA	192
57	DTXSID2046624	rat	oral	plasma	complete	0.01972186671957612	0.017665636795945117	0.07915199388673484	NA	50.70513933690619	0.015255	NA	NA	4.013412878820837	0.25	NA	NA	NA	NA	NA	NA	NA	NA	NA	NA	NA	NA	NA	192
58	DTXSID301056085	rat	iv	plasma	ssd	3856.7900499506404	2702.5061666666666	6427.155367593579	2.5928297549222265e-4	NA	1700	1.1550964829224302	1.6664519676604732	NA	0.33333	4.320826246898766e-4	151.53961681702978	35.096343815799464	625.0604102468374	1.0187654045045466e-5	NA	NA	0.06836101352837545	0.0986240952075306	NA	NA	1.0884277332421459e-5	Adjusted analyte_dtxsid.	137
59	DTXSID301056085	rat	oral	plasma	batch	4299.905157726653	3282.728244791667	29184.60579114211	NA	2.3256326903003068e-4	825	NA	NA	6.787267328140773	1	NA	401.6040255251831	149.7055511694343	9143.040317900464	NA	2.1721024442580007e-5	NA	NA	NA	1.5515074984266541	NA	NA	Adjusted analyte_dtxsid.	137
60	DTXSID3020095	rat	iv	plasma	batch	0.630367127380215	0.5876074101375001	1.993415616305186	1.5863771389158043	NA	1.5875	2.1919455411143205	3.162308962064306	NA	0.03333	5.01661464360738	0.050715964501797745	0.028282045536374454	0.47115375373916135	0.12763141218687	NA	NA	0.36056431135455236	0.5201843439127569	NA	NA	0.530896548391138	NA	166
61	DTXSID3020095	rat	oral	plasma	ssd	0.13844407756269209	0.10767767777777777	2.4463563193156106	NA	7.223133106197098	0.0063749875	NA	NA	17.670357319603067	12	NA	0.014743913327873842	0.0037728165346255396	0.5464982787425178	NA	0.7692438011675917	NA	NA	NA	2.1065514577800344	NA	NA	NA	166
62	DTXSID3020209	rat	oral	plasma	complete	0.9350009845287394	0.9335320163487753	5.226569591399895	NA	1.069517590405556	0.181437329700272	NA	NA	5.589908115480967	0.5	NA	NA	NA	NA	NA	NA	NA	NA	NA	NA	NA	NA	Adjusted analyte_dtxsid and adjusted analyte_name_original.	61
63	DTXSID3020833	human	oral	blood	ssd	NA	NA	NA	NA	NA	0.30328758314410303	NA	NA	NA	1.01479	NA	NA	NA	NA	NA	NA	NA	NA	NA	NA	NA	NA	NA	51
64	DTXSID3022405	mouse	iv	plasma	ssd	1.8295857692850042	1.8283264859445	20.773432112029457	0.5465718070111556	NA	0.483	7.8701125362566335	11.354172327295508	NA	0.08333	6.205870486045964	1.7198380266946973	1.7198376951858136	20.638020039890712	0.5137856851523148	NA	NA	0.42112869142877063	0.6075602747003459	NA	NA	5.501837509921572	NA	129
65	DTXSID3022405	mouse	oral	plasma	batch	0.004179803148662298	0.004111945101816667	0.012252150182869303	NA	239.2457167079841	9.83e-4	NA	NA	2.9312744517144247	0.25	NA	0.0019232418432247836	0.001060025714158374	0.004244966818263419	NA	110.08350317463078	NA	NA	NA	0.6995088857071395	NA	NA	NA	129
66	DTXSID3022405	rat	iv	plasma	batch	0.19192365499597988	0.19064134140625	0.3484302364365461	5.210405147926901	NA	0.862499375	1.258382850268696	1.815462697622367	NA	0.08333	9.459296185560838	0.009985420728809093	0.010984200624035597	0.04838519780346132	0.27108741530945046	NA	NA	0.178875232809932	0.2580624113127477	NA	NA	1.5410670675387594	NA	129
67	DTXSID3022405	rat	oral	plasma	complete	0.006319416692805103	0.006319418757265811	0.020914039241617895	NA	158.24245315845974	0.0072	NA	NA	3.3094888750459086	1.0000277779882247	NA	NA	NA	NA	NA	NA	NA	NA	NA	NA	NA	NA	NA	129
68	DTXSID30242658	mouse	oral	blood	batch	NA	NA	NA	NA	NA	0.10334253333333333	NA	NA	NA	0.95813	NA	NA	NA	NA	NA	NA	NA	NA	NA	NA	NA	NA	NA	45
69	DTXSID3026148	rat	iv	plasma	ssd	0.12310008960094936	0.11212843892430555	0.5471094764470599	8.12347093525014	NA	0.2629229166666667	3.0806426891015253	4.4444279303176115	NA	0.08333	36.10418111574905	0.005301571147541958	0.004235456092738566	0.06417818116107964	0.3498548154418702	NA	NA	0.2757543119387318	0.39782937833775667	NA	NA	2.790571972167216	NA	130
70	DTXSID3026148	rat	oral	plasma	ssd	0.04884499316940644	0.048041306879723335	0.15448284289686268	NA	20.472927420252763	0.016324	NA	NA	3.16271603030178	0.16666	NA	0.003360362002405195	0.003347849209246023	0.011994798305123731	NA	1.4084646740027953	NA	NA	NA	0.19632387348682723	NA	NA	NA	130
71	DTXSID3031860	rat	iv	plasma	batch	2510.0597022125967	2222.1056836930543	3275378.1850442765	3.9839689833612654e-4	NA	3.71	904.488109278725	1304.9005097994514	NA	0.08333	0.5198683157413317	259.55738457061057	138.0689105668711	1329778.6032636513	4.119697107682983e-5	NA	NA	288.1285131743526	415.68157709534887	NA	NA	0.12681988446086168	NA	147
72	DTXSID3031860	rat	oral	plasma	batch	4301.396187717518	3878.4475297913195	5591501.331221947	NA	2.324826536219714e-4	4.8925	NA	NA	1299.927067213264	12	NA	319.11858822226475	142.5382485799184	895701.3632588754	NA	1.7247780249086298e-5	NA	NA	NA	160.66880681844927	NA	NA	NA	147
73	DTXSID3031862	rat	iv	plasma	batch	0.7421522299273811	0.6691225695153646	51.64561461600484	1.347432453444018	NA	0.51875	48.23540335231771	69.58897721166764	NA	0.08333	93.7664462969772	0.1346464917787185	0.12307907362687479	79.83337028257326	0.24446069882829963	NA	NA	71.258449882129	102.80421226638225	NA	NA	133.96547823400832	NA	145
74	DTXSID3031862	rat	oral	plasma	batch	5.6578223282202975	5.65602981793059	24.592315712142554	NA	0.17674644801272085	1.3587500000000001	NA	NA	4.346604450528622	0.5	NA	0.35663444999596344	0.35005039521201026	3.7480101412502096	NA	0.01114101302922754	NA	NA	NA	0.4898427300867665	NA	NA	NA	145
75	DTXSID3032179	rat	oral	plasma	ssd	0.03307945725955471	0.027931240725	175.0794847543221	NA	30.230242054868018	2.1200000000000005e-6	NA	NA	5292.695202964732	2880	NA	0.026343499830653806	0.006520619386274767	542.5530750310118	NA	24.074469245501742	NA	NA	NA	12302.81890369715	NA	NA	Adjusted dose_level_normalized.	179
76	DTXSID3037707	rat	iv	plasma	ssd	16.398148476512905	16.367607617068646	76.2791992048725	0.060982494543960354	NA	7.324999999999999	3.224309862784659	4.651695849328802	NA	0.08333	0.2836720167518567	2.4396316057912752	2.4432913619509664	16.264879964451314	0.009072659715365434	NA	NA	0.4229847896288034	0.6102380583689362	NA	NA	0.05170401683957611	NA	144
77	DTXSID3037707	rat	oral	plasma	batch	15.86750615186526	15.858615411907456	91.67568014607147	NA	0.06302187567656609	2.3949999999999996	NA	NA	5.777573316730354	0.75	NA	1.5114675953224204	1.5074641877824233	14.316310701991444	NA	0.006003181720548467	NA	NA	NA	0.45531132330113666	NA	NA	NA	144
78	DTXSID3037709	rat	iv	plasma	batch	107.26326478696865	144.95830739555416	51157.2346378494	0.009322856263848212	NA	1.35625	330.58375600345175	476.931545384627	NA	0.08333	4.446364245315877	20.12723578475825	15.866182890299799	9440.322096190495	0.001749371759125124	NA	NA	29.44582964984534	42.48135241069308	NA	NA	1.0162100419374185	NA	143
79	DTXSID3037709	rat	oral	plasma	batch	1248.922571341134	1532.8939731141493	536179.7749734264	NA	8.006901492109052e-4	6.53125	NA	NA	429.31386402734233	12	NA	112.31974337433682	127.34782135527423	72759.40659112018	NA	7.200871706974997e-5	NA	NA	NA	31.409944213738004	NA	NA	NA	143
80	DTXSID30575892	rat	iv	plasma	batch	0.16335239712455307	0.14969306605116667	0.027687352832815513	6.12173446856442	NA	1.6298999	0.11748471948410652	0.16949462217995145	NA	0.03333	1.0376010708353123	0.011023198751148069	0.006748792313708189	0.007459348744555899	0.413101349821554	NA	NA	0.02573209856334149	0.03712357098899879	NA	NA	0.18696316424991374	NA	156
81	DTXSID3061635	rat	oral	blood	complete	0.05311562798662323	0.052714945712499996	0.10621592063280436	NA	18.82685073876642	0.0495215	NA	NA	1.9997112838344682	0.76681	NA	NA	NA	NA	NA	NA	NA	NA	NA	NA	NA	NA	NA	66
82	DTXSID4020290	rat	iv	plasma	batch	-9197736162048.191	4.629466236108334	6372757100318865e12	-1.0872240542474049e-13	NA	14.65	-480254982166800.94	-692861481134261.25	NA	0.04166	75.32956685506532	0.40785092755146346	0.4078509275514634	0.27952080180381483	4.821026948030252e-27	NA	NA	21.295722826465987	30.72323371388838	NA	NA	6.680607743600854e-12	NA	173
83	DTXSID4020290	rat	oral	plasma	batch	2.108607012981126	2.324821235008889	6.291551002606353	NA	0.4742467391238592	0.755	NA	NA	2.983747547017509	1	NA	0.2776508762958943	0.14341429259172314	3.071650669823133	NA	0.062446450138686174	NA	NA	NA	1.5616748906173457	NA	NA	NA	173
84	DTXSID4020458	rat	oral	plasma	batch	0.03573772980104632	0.0326688531175	0.1940993753371373	NA	27.981631893437232	0.00705625	NA	NA	5.431217271429885	3	NA	0.007844047620485052	0.003354160926656651	0.09747507556771917	NA	6.141667483998348	NA	NA	NA	1.6843383009600161	NA	NA	NA	192
85	DTXSID4020533	mouse	oral	blood	batch	NA	NA	NA	NA	NA	0.868720995	NA	NA	NA	1.00334	NA	NA	NA	NA	NA	NA	NA	NA	NA	NA	NA	NA	NA	56
86	DTXSID4020533	rat	iv	blood	batch	NA	NA	NA	NA	NA	1.5175191000000001	NA	NA	NA	0.07127	NA	NA	NA	NA	NA	NA	NA	NA	NA	NA	NA	NA	NA	24
87	DTXSID4020533	rat	iv	plasma	complete	12.849406135920214	12.846453086276895	214.4821929207981	0.07782460834548013	NA	0.8098569000000001	11.570007650997063	16.691992661140826	NA	0.00139730877301991	1.2990477913589136	NA	NA	NA	NA	NA	NA	NA	NA	NA	NA	NA	NA	6
88	DTXSID4022107	rat	iv	plasma	batch	32.53457167568236	31.8311725	2696.541469482046	0.030736534968660432	NA	0.70955	57.44966110100943	82.8823411711779	NA	5	2.5475159776923535	1.518682162131146	1.362426621772938	458.53158866238397	0.0014347515574491053	NA	NA	8.219906099672318	11.858817766570198	NA	NA	0.32610838749003696	NA	150
89	DTXSID4022527	rat	oral	plasma	complete	0.42794139985296653	0.4245999798257651	2.9547774226048467	NA	2.336768539672916	0.313531	NA	NA	6.90463092287883	0.2507061446802188	NA	NA	NA	NA	NA	NA	NA	NA	NA	NA	NA	NA	Adjusted analyte_dtxsid and adjusted analyte_name_original.	61
90	DTXSID4022527	rat	oral	plasma	complete	0.42794139985296653	0.4245999798257651	2.9547774226048467	NA	2.336768539672916	0.313531	NA	NA	6.90463092287883	0.2507061446802188	NA	NA	NA	NA	NA	NA	NA	NA	NA	NA	NA	NA	NA	64
91	DTXSID4022577	rat	iv	plasma	complete	0.10390463904919285	0.10214530084	0.040553277072493205	9.624209363034867	NA	0.63296	0.2705306512056383	0.39029322890283624	NA	0.03333	3.756263747935787	NA	NA	NA	NA	NA	NA	NA	NA	NA	NA	NA	NA	192
92	DTXSID4022577	rat	oral	plasma	complete	0.0401993208063161	0.039986741251675284	0.0787701875380447	NA	24.876042180366404	0.01449257142857143	NA	NA	1.9594905077517717	0.16666	NA	NA	NA	NA	NA	NA	NA	NA	NA	NA	NA	NA	NA	192
93	DTXSID4023917	rat	iv	plasma	batch	121001125282.66393	0.22429579348489584	2564426459921928e11	8.264385952312064e-12	NA	0.52	1469015239565607	2119341001111614	NA	0.16666	17515.05199774581	0.015242516663776328	0.00877362822487278	0.01597688758685482	1.041065033897198e-24	NA	NA	185.05190936127767	266.9734719425492	NA	NA	4.4127436223239674e-9	NA	155
94	DTXSID4024642	rat	iv	plasma	batch	0.3296118878494786	0.339145275375	0.10076495289192242	3.0338711583626576	NA	2.402	0.21190055811393338	0.3057078843525753	NA	0.03333	0.9274783332213449	0.02414164961931441	0.016814728721263432	0.02892693589709337	0.22220877703531733	NA	NA	0.04676654392496212	0.06746986100005874	NA	NA	0.14878788793386696	NA	132
95	DTXSID4024642	rat	oral	plasma	batch	0.44613498990692224	0.4321122136004073	1.0014368006571148	NA	2.2414740440076923	0.2501125	NA	NA	2.2446945953870285	0.75	NA	0.05512905714084738	0.02991808822621555	0.15956651762789784	NA	0.2769797335949977	NA	NA	NA	0.23131253235873872	NA	NA	NA	132
96	DTXSID4024729	rat	oral	plasma	complete	0.12649363544286432	0.126355925	0.5463487676431662	NA	7.905536088823126	0.020226289999999997	NA	NA	4.319179899687091	2	NA	NA	NA	NA	NA	NA	NA	NA	NA	NA	NA	NA	NA	192
97	DTXSID4040002	rat	iv	plasma	ssd	0.9719769598979927	0.9632557830549999	1.5531978679916063	1.0288309715746229	NA	1.56	1.1076339949077463	1.597978071573437	NA	0.16666	1.6440493319318412	0.04221934402816671	0.042452213490476516	0.15901253927982087	0.04468888721426133	NA	NA	0.08136529812745719	0.11738531210893455	NA	NA	0.10507342731555033	NA	135
98	DTXSID4040002	rat	oral	plasma	ssd	1.3267163209176371	1.3249924728703888	6.130488417667652	NA	0.7537406333468029	0.42200000000000004	NA	NA	4.620798222658055	0.5	NA	0.1351997513264175	0.11848872425453018	0.6740448378353749	NA	0.07681035092914222	NA	NA	NA	0.388586815387428	NA	NA	NA	135
99	DTXSID5020029	rat	iv	blood	batch	NA	NA	NA	NA	NA	1.8604265476190478	NA	NA	NA	0.0521	NA	NA	NA	NA	NA	NA	NA	NA	NA	NA	NA	NA	NA	43
100	DTXSID5020285	rat	oral	plasma	batch	0.12968390424546958	0.12805956682736383	0.08196885362176479	NA	7.7110571725784105	0.20133333333333334	NA	NA	0.6320665166481392	0.08333	NA	0.018838696917754846	0.010253208982680059	0.013598914760798171	NA	1.12015650542661	NA	NA	NA	0.04627737707534414	NA	NA	NA	176
101	DTXSID5020732	rat	iv	plasma	ssd	NA	NA	NA	NA	NA	3.6011396	NA	NA	NA	0.22	NA	NA	NA	NA	NA	NA	NA	NA	NA	NA	NA	NA	NA	192
102	DTXSID5021122	rat	oral	plasma	ssd	1.3243696204613746	1.107834112346421	24.13382123293254	NA	0.7550762147893629	0.05346153846153846	NA	NA	18.22287438496586	9	NA	0.06346806422092865	0.06286193523927182	1.3873167857239412	NA	0.0361856878559717	NA	NA	NA	0.9207144582179166	NA	NA	NA	140
103	DTXSID5023320	rat	iv	plasma	complete	0.16204350271844434	0.16194676394	0.10743632227789651	6.171182325881534	NA	0.44244399999999995	0.4595629113624269	0.6630091331990675	NA	0.08333	4.091550244696121	NA	NA	NA	NA	NA	NA	NA	NA	NA	NA	NA	NA	192
104	DTXSID5023320	rat	oral	plasma	complete	0.023214951272087288	0.021455036233333332	0.04064744396625188	NA	43.07568808909624	0.010852666666666667	NA	NA	1.750916617909283	0.5	NA	NA	NA	NA	NA	NA	NA	NA	NA	NA	NA	NA	NA	192
105	DTXSID5023794	rat	iv	plasma	ssd	0.3326022026946942	0.2658143308325	0.7582428290813937	3.006594640378647	NA	1.0150000000000001	1.5801876081981483	2.279728826021661	NA	0.08333	6.8542204698334315	0.021283875691850352	0.012907811629169794	0.1730441869556953	0.19239796388342878	NA	NA	0.2842303596149226	0.4100577302865355	NA	NA	0.9888654483716917	NA	168
106	DTXSID5023794	rat	oral	plasma	complete	1714182608167.965	0.06992081086313612	7719992155389959e12	NA	5.83368420164262e-13	0.029166666666666667	NA	NA	4503599627370336.5	2.0013733256522905	NA	NA	NA	NA	NA	NA	NA	NA	NA	NA	NA	NA	NA	168
107	DTXSID5024219	rat	iv	plasma	ssd	0.42969334006190874	0.37763344375	0.3909482804375447	2.3272410967689736	NA	0.7275	0.6306467265492185	0.9098309049454157	NA	0.03333	2.1173958730994773	0.0691631854064306	0.03222371780468346	0.22030781851359837	0.3745913479555139	NA	NA	0.2655447581577937	0.38310010572830816	NA	NA	0.6311639773286754	NA	137
108	DTXSID5024219	rat	oral	plasma	batch	0.5118699422740115	0.45441138757234956	2.023126843195833	NA	1.953621256910384	0.17	NA	NA	3.952423606293381	0.16666	NA	0.08953110734410755	0.06431914490926455	1.7278764138729246	NA	0.34170764879282967	NA	NA	NA	2.9385236719710135	NA	NA	NA	137
109	DTXSID5025231	rat	oral	plasma	ssd	0.029564488213671376	0.027376214583333332	0.24422385134192293	NA	33.82436363425951	0.0025	NA	NA	8.260716355948539	0.5	NA	6.125998828293548e-4	6.266356238919767e-4	0.004805131478629253	NA	0.7008679145524	NA	NA	NA	0.10715850026925738	NA	NA	NA	160
110	DTXSID5025607	rat	iv	plasma	complete	0.22415030818080253	0.22415178582208176	0.1717830794364211	4.461292104017038	NA	1.5972972972972974	0.5312103210815853	0.7663744958934371	NA	0.033417972409330726	3.4190204872494285	NA	NA	NA	NA	NA	NA	NA	NA	NA	NA	NA	NA	158
111	DTXSID5025607	rat	oral	plasma	complete	0.037974558755621966	0.03797455830882026	0.13127399967286252	NA	26.33341986763584	0.10933326666666666	NA	NA	3.4568933510893785	0.08366128624333656	NA	NA	NA	NA	NA	NA	NA	NA	NA	NA	NA	NA	NA	170
112	DTXSID5030955	rat	iv	plasma	batch	0.3105715715776647	0.30086520643472225	0.7670606710240887	3.219869722525231	NA	0.5649166666666667	1.7119594647310081	2.4698354299703498	NA	0.08333	7.952548320581614	0.016797086294409028	0.015594950513557743	0.12859271442345274	0.1741448172840451	NA	NA	0.2286305771340353	0.32984419982685437	NA	NA	0.9211447403827993	NA	165
113	DTXSID5032442	rat	iv	plasma	complete	1.2045180003778335	1.2009576471224928	7.370375162170552	0.8302076014524645	NA	0.1976	4.241327038471033	6.118941485190433	NA	0.08333	5.079991733847931	NA	NA	NA	NA	NA	NA	NA	NA	NA	NA	NA	NA	192
114	DTXSID5032442	rat	oral	plasma	complete	6.87570371707491	6.839388572464959	62.74053372697695	NA	0.14543965841876386	0.53	NA	NA	9.124961794262463	2	NA	NA	NA	NA	NA	NA	NA	NA	NA	NA	NA	NA	NA	192
115	DTXSID5032498	rat	iv	plasma	batch	0.03675334087140057	0.15014214516666666	0.00518759523491541	27.208410889747032	NA	0.3695	0.09783510629821006	0.14114622268127225	NA	0.08333	3.8403644222477875	0.04335244742845944	0.03518911441224568	1.6645555788486657	32.093713788820295	NA	NA	31.448519805003524	45.37062356597694	NA	NA	1236.6712914183106	NA	192
116	DTXSID5032600	rat	iv	plasma	complete	21.2912475502077	21.10636665507124	141.77462962648215	0.046967656434497886	NA	8.225	4.615543761293966	6.6588220954247985	NA	0.08333	0.31274926843635525	NA	NA	NA	NA	NA	NA	NA	NA	NA	NA	NA	NA	192
117	DTXSID5032600	rat	oral	plasma	batch	8.594627484531243	8.575449062499999	71.29828627502927	NA	0.11635175600103868	1.09	NA	NA	8.29568080796441	0.5	NA	1.2816049660615159	1.1119249116246357	13.365500606500001	NA	0.0173500234383971	NA	NA	NA	0.5248320927047563	NA	NA	NA	192
118	DTXSID5034773	rat	iv	plasma	complete	3.317121083334872	3.0087478682552824	63.426276610287715	0.30146623378446247	NA	0.63	13.253584569676645	19.120880732674983	NA	0.08333	5.76429990112142	NA	NA	NA	NA	NA	NA	NA	NA	NA	NA	NA	NA	192
119	DTXSID5034773	rat	oral	plasma	complete	2.6764180802914668	2.261230498051818	98.16548624112374	NA	0.3736337037041306	0.08474999999999999	NA	NA	36.67793420018794	8	NA	NA	NA	NA	NA	NA	NA	NA	NA	NA	NA	NA	NA	192
120	DTXSID50881104	rat	iv	plasma	complete	0.3432350131714875	0.339245625	0.5619276278088243	2.9134556837894	NA	0.3933595	1.1347867669310971	1.6371512411179139	NA	0.16	4.769767588657857	NA	NA	NA	NA	NA	NA	NA	NA	NA	NA	NA	NA	192
121	DTXSID50881104	rat	oral	plasma	complete	0.050011911607679475	0.048572365	0.09462533437067161	NA	19.99523649174904	0.061112	NA	NA	1.8920559388524076	0.16	NA	NA	NA	NA	NA	NA	NA	NA	NA	NA	NA	NA	NA	192
122	DTXSID6020438	rat	oral	blood	batch	NA	NA	NA	NA	NA	0.5818181	NA	NA	NA	0.0687	NA	NA	NA	NA	NA	NA	NA	NA	NA	NA	NA	NA	NA	18
123	DTXSID6021117	rat	iv	plasma	complete	1.1746788268292265	0.9954259166666667	2.722820481358209	0.8512965222155816	NA	0.6555186666666667	1.6066649851165586	2.3179276063975993	NA	0.5	1.9732437100737639	NA	NA	NA	NA	NA	NA	NA	NA	NA	NA	NA	NA	192
124	DTXSID60221219	rat	iv	blood	complete	0.034452319322468644	0.128991086091	0.2602184385486682	29.025622067418656	NA	0.035838100000000005	5.235342077306526	7.553002052287449	NA	1.45682	219.23058304413297	NA	NA	NA	NA	NA	NA	NA	NA	NA	NA	NA	NA	17
125	DTXSID6022896	rat	iv	plasma	complete	5.817527444431694	0.140040409995	1097.4340048884715	0.1718943330395734	NA	0.056999	130.75714615960237	188.64268632525173	NA	0.16666	32.426608748672606	NA	NA	NA	NA	NA	NA	NA	NA	NA	NA	NA	NA	192
126	DTXSID6022923	rat	iv	plasma	complete	0.76478261318293	0.7486628773325	0.3668523324427488	1.3075611065975004	NA	2.1438751666666667	0.33249011618640006	0.4796818417667147	NA	0.03333	0.6272133198352126	NA	NA	NA	NA	NA	NA	NA	NA	NA	NA	NA	NA	192
127	DTXSID6022923	rat	oral	plasma	complete	1.752652456930357	1.2866266928444445	10.521528148015037	NA	0.5705637738079729	0.5611111111111111	NA	NA	6.003202806358271	0.125	NA	NA	NA	NA	NA	NA	NA	NA	NA	NA	NA	NA	NA	192
128	DTXSID60230861	rat	oral	plasma	complete	0.00488237068986625	0.00481931346	0.002835179419265935	NA	204.81853253698657	0.028339999999999997	NA	NA	0.5806972881331146	0.06666	NA	NA	NA	NA	NA	NA	NA	NA	NA	NA	NA	NA	NA	192
129	DTXSID6023733	rat	iv	plasma	complete	3.047727614354984	3.0196198228364923	2.0377191550646527	0.3281133114684983	NA	5.8000198	0.4634401317405737	0.6686027798110535	NA	0.017	0.219377472140848	NA	NA	NA	NA	NA	NA	NA	NA	NA	NA	NA	NA	192
130	DTXSID6023733	rat	oral	plasma	complete	3.585009825571909	2.871770759940208	8.388163638906544	NA	0.278939263392527	1.532561175	NA	NA	2.3397881866525707	0.5	NA	NA	NA	NA	NA	NA	NA	NA	NA	NA	NA	NA	NA	192
131	DTXSID6023947	rat	iv	plasma	complete	NA	0.09878110691991321	5503.666951093405	NA	NA	0.43254990000000004	NA	NA	NA	0.05	8.85778508141117	NA	NA	NA	NA	NA	NA	NA	NA	NA	NA	NA	NA	167
132	DTXSID70158385	mouse	oral	blood	batch	NA	NA	NA	NA	NA	0.578726	NA	NA	NA	1.00502	NA	NA	NA	NA	NA	NA	NA	NA	NA	NA	NA	NA	NA	56
133	DTXSID7020261	mouse	oral	blood	batch	NA	NA	NA	NA	NA	0.009849033333333333	NA	NA	NA	0.47229	NA	NA	NA	NA	NA	NA	NA	NA	NA	NA	NA	NA	NA	45
134	DTXSID7021106	rat	iv	plasma	batch	76.83232636036513	69.8886505	620.0042872058439	0.013015354960224945	NA	13.6	5.593403765963582	8.069575874845311	NA	0.08333	0.10502839438957946	2.7756699209928715	2.0288115844587096	56.369805087380776	4.7019699891292046e-4	NA	NA	0.383632006986425	0.5534639940055955	NA	NA	0.006433606572925554	Adjusted loq and loq_units.	161
135	DTXSID7021106	rat	oral	plasma	complete	606839.81608262	55.36561767189002	27982276478798.9	NA	1.6478813246885767e-6	5.653333333333333	NA	NA	46111470.83168513	6.001915036608698	NA	NA	NA	NA	NA	NA	NA	NA	NA	NA	NA	NA	Adjusted loq and loq_units.	138,161
136	DTXSID7022413	rat	iv	plasma	ssd	0.1361672858018803	0.13271914032696078	0.10363370518936649	7.3439078565094755	NA	0.5908823529411764	0.5275379481934127	0.7610763817393754	NA	0.03333	5.589274819259604	0.0036633428090039246	0.0026356658055609523	0.0314158923695154	0.19757500399380004	NA	NA	0.15001326012622274	0.21642338645168763	NA	NA	1.4922243646138056	NA	157
137	DTXSID7022413	rat	oral	plasma	ssd	0.035661611915874504	0.03240739367887255	0.1639718665739201	NA	28.041357254377427	0.014285714285714285	NA	NA	4.597993690266402	0.08333	NA	0.0018374057924215805	0.0015013888170551646	0.019288153843862642	NA	1.4447847272888064	NA	NA	NA	0.3790283170471752	NA	NA	NA	157
138	DTXSID7023510	rat	oral	plasma	ssd	4.080984019017614	4.080141143629808	20.768998219913435	NA	0.24503894044670207	0.5641665	NA	NA	5.08921331794703	3	NA	0.31041468406003475	0.2949558019724478	2.1932840074123234	NA	0.018638564847768983	NA	NA	NA	0.2633744747191615	NA	NA	NA	140
139	DTXSID7029904	rat	iv	plasma	batch	0.3311936332188336	0.33070390729166665	1.936300815855045	3.0193817141987687	NA	0.4383333333333333	4.052437355699519	5.84643127658088	NA	0.08333	17.65260768982807	0.03227708089873519	0.028516471836018326	0.19622017984463055	0.2942593639442385	NA	NA	0.289566041453249	0.4177554920144504	NA	NA	2.4292656075593917	NA	131
140	DTXSID7029904	rat	oral	plasma	batch	0.0873204347728249	0.08688473871970949	0.7524239112993235	NA	11.452073075467682	0.017724999999999998	NA	NA	8.616813615929066	0.75	NA	0.011567018781084064	0.004888260606205211	0.16742502237847015	NA	1.5170142554936843	NA	NA	NA	1.580106882794798	NA	NA	NA	131
141	DTXSID7031290	rat	oral	blood	complete	1.9433333804262773	1.187088	95.77864825335067	NA	0.5145797473929287	0.0412225	NA	NA	49.285752623845354	8	NA	NA	NA	NA	NA	NA	NA	NA	NA	NA	NA	NA	Adjusted analyte_dtxsid and adjusted analyte_name_original.	65
142	DTXSID7038319	rat	iv	blood	complete	0.05143598756278944	0.04708196266497562	1.324156924005543	19.44164090908666	NA	0.002731758550988863	17.844230897150418	25.743783423796526	NA	2	500.5013929667497	NA	NA	NA	NA	NA	NA	NA	NA	NA	NA	NA	NA	59
143	DTXSID7046627	rat	iv	plasma	complete	0.6432115387252595	0.6107076517500001	1.3841444501584523	1.5546984775519375	NA	1.94795	1.4916023195361714	2.1519272693733096	NA	0.0333	3.345598049497182	NA	NA	NA	NA	NA	NA	NA	NA	NA	NA	NA	NA	192
144	DTXSID7046627	rat	oral	plasma	complete	0.24500829690248255	0.231618	0.874586717075966	NA	4.081494433627352	0.062150000000000004	NA	NA	3.569620817469975	1	NA	NA	NA	NA	NA	NA	NA	NA	NA	NA	NA	NA	NA	192
145	DTXSID70904607	rat	iv	plasma	batch	18.161587374206977	13.523449991277667	323.1582303819748	0.055061266363764905	NA	0.9199999999999999	12.333515328187984	17.79350140070482	NA	0.08333	0.979732720168232	3.1802436440104236	1.183011655661285	162.46105194539416	0.009641681576425217	NA	NA	4.21724510985575	6.084198606202123	NA	NA	0.20180259141522747	NA	139
146	DTXSID80108992	rat	iv	plasma	batch	2080.2828950592734	2024.1876834510938	1966655.2437772034	4.807038515651051e-4	NA	2.755	655.2866153902396	945.3787503844122	NA	0.08333	0.454447206497593	145.51956278226086	133.81475003289228	251495.13445784483	3.362610656158367e-5	NA	NA	49.64363874001034	71.62063142189615	NA	NA	0.03185044296572801	NA	148
147	DTXSID80108992	rat	oral	plasma	batch	4031.3280331143264	3749.9914023872684	4870869.541634406	NA	2.4805721384758383e-4	4.1075	NA	NA	1208.2543275128885	24	NA	205.94321758445196	163.0539541588125	542870.278899764	NA	1.2672176599169131e-5	NA	NA	NA	99.89604873574595	NA	NA	NA	148
148	DTXSID8020204	human	oral	blood	ssd	NA	NA	NA	NA	NA	0.7016759439744388	NA	NA	NA	1.01479	NA	NA	NA	NA	NA	NA	NA	NA	NA	NA	NA	NA	NA	51
149	DTXSID8020541	rat	iv	plasma	complete	1.8463023979965762	1.7949749505569754	1.5741713770057961	0.5416230846502179	NA	18.4276512	0.5909825242461487	0.8526075569819604	NA	0.01666	0.4617919350086559	NA	NA	NA	NA	NA	NA	NA	NA	NA	NA	NA	NA	192
150	DTXSID8020541	rat	oral	plasma	complete	0.6687897516412233	0.48401795000000003	6.295929875694082	NA	1.4952382232921186	0.164694	NA	NA	9.413915001304588	0.25	NA	NA	NA	NA	NA	NA	NA	NA	NA	NA	NA	NA	NA	192
151	DTXSID8020913	rat	iv	blood	ssd	0.3123751834929366	0.3030596500652778	0.5624580731002458	3.2012786317342394	NA	1.315	1.248070423499025	1.8005850106622316	NA	0.03333	5.76417431925397	0.017414808074536978	0.01694702303233515	0.0750532410865657	0.17847017276271157	NA	NA	0.1570208438891648	0.22653319279509812	NA	NA	0.816544147266046	NA	169
152	DTXSID8021359	rat	iv	plasma	complete	33.7595041696199	18.597305863765	256.40496888488843	0.029621288126023416	NA	6.416379000000001	5.264484347020015	7.595045460283349	NA	0.16666	0.2249750299092992	NA	NA	NA	NA	NA	NA	NA	NA	NA	NA	NA	NA	192
153	DTXSID8021359	rat	oral	plasma	complete	33.59097939199029	25.6882015	276.30805928810486	NA	0.029769897100364043	4.295455	NA	NA	8.22566249300817	1	NA	NA	NA	NA	NA	NA	NA	NA	NA	NA	NA	NA	NA	192
154	DTXSID8022406	mouse	iv	plasma	batch	-0.06229426945042494	0.04467647422025758	3.9326600077896825	-16.05284095667613	NA	0.0754	-43.758634952282534	-63.130365641728474	NA	0.08333	1013.4217191834783	0.37431507080627396	0.0019862290404584005	32.61668488159854	96.45863660255333	NA	NA	100.26783362453673	144.65590633079879	NA	NA	3781.7946987522823	NA	129
155	DTXSID8022406	mouse	oral	plasma	batch	0.011992937705310392	0.009736528508833536	0.1074738126618518	NA	83.38240592688202	0.0044800000000000005	NA	NA	8.961425073880198	0.5	NA	0.005369017632657087	4.8753485857389527e-4	0.22829346351660706	NA	37.32876953713934	NA	NA	NA	15.141581790752593	NA	NA	NA	129
156	DTXSID8022406	rat	iv	plasma	batch	1308858641704.5688	0.018415434497395834	19648584303537767e11	7.640244470538604e-13	NA	0.01121875	1040552461360889.6	1501199875790160.3	NA	0.08333	1146.953405017901	5.120106774237431e-4	5.120106774237431e-4	3.3889768451926517e-4	2.988777108847218e-28	NA	NA	0.40705233832011334	0.587252389876684	NA	NA	8.973503649131833e-13	NA	129
157	DTXSID8022406	rat	oral	plasma	complete	0.006955742970330579	0.006955735406224989	0.03958312267717922	NA	143.76609432888145	0.004860000000000001	NA	NA	5.690710948639034	0.16686411034789664	NA	NA	NA	NA	NA	NA	NA	NA	NA	NA	NA	NA	NA	129
158	DTXSID8023393	rat	iv	plasma	complete	0.3815859210381958	0.37869203502434273	0.1352096677702489	2.620641760784205	NA	16.2465	0.24560706994746215	0.3543361018204724	NA	0.016773197398185172	0.9285879857842142	NA	NA	NA	NA	NA	NA	NA	NA	NA	NA	NA	NA	192
159	DTXSID8023393	rat	oral	plasma	complete	0.02405396433209693	0.020724088189107228	0.022657499423303286	NA	41.57318877643916	0.0608875	NA	NA	0.9419445007270489	0.08368053659626283	NA	NA	NA	NA	NA	NA	NA	NA	NA	NA	NA	NA	NA	192
160	DTXSID8024521	human	oral	blood	ssd	NA	NA	NA	NA	NA	0.09252912954078137	NA	NA	NA	1.04268	NA	NA	NA	NA	NA	NA	NA	NA	NA	NA	NA	NA	NA	51
161	DTXSID8025337	rat	iv	plasma	batch	24.841134466952376	23.349028331378552	612.8089145056975	0.040255810431297286	NA	1.4533333333333334	17.099330623434973	24.669119492950426	NA	0.16666	0.993075397815233	0.7348024265812558	0.4696135199372057	148.4341673730196	0.0011907695773018892	NA	NA	3.7402981310995167	5.396109565183531	NA	NA	0.19554672466611855	NA	172
162	DTXSID8025337	rat	oral	plasma	batch	32.61007927793275	31.430768624061358	707.5425046569201	NA	0.030665365498718684	1.2278888888888888	NA	NA	21.69704951118332	5	NA	0.9551494059063705	0.9232989688370659	31.726208101067197	NA	8.981887283488886e-4	NA	NA	NA	0.6063351798261818	NA	NA	NA	172
163	DTXSID8031865	rat	iv	plasma	batch	606.1346108845773	559.9620905587817	368613.1814569657	0.0016497985464658182	NA	6.425	421.52878726270467	608.1374909758429	NA	0.25	1.003304348663315	102.29638090724958	64.45704338246406	57756.212685162674	2.7843389487889117e-4	NA	NA	68.17382684409608	98.35404190640031	NA	NA	0.29204338966487825	NA	192,131,146
164	DTXSID8031865	rat	oral	plasma	complete	860.0560713906879	860.0560710526013	438558.17898978275	NA	0.0011627148894874104	8.766666666666667	NA	NA	509.9181246179052	6.000001736477672	NA	NA	NA	NA	NA	NA	NA	NA	NA	NA	NA	NA	NA	192,131,146
165	DTXSID8032673	rat	oral	plasma	complete	2.955090899193852	2.944196091773592	9.379280889792113	NA	0.33839906592138996	1.33076181292189	NA	NA	3.1739398921199946	0.25	NA	NA	NA	NA	NA	NA	NA	NA	NA	NA	NA	NA	NA	192
166	DTXSID8034586	rat	iv	plasma	batch	0.1689881035982376	0.16255713021875	1.507490792750298	5.917576318729866	NA	0.3349875	6.183352380823116	8.920691815882476	NA	0.08333	52.788874636353455	0.015680451299740994	0.013862027962714372	0.5997958951226734	0.5490934882549448	NA	NA	2.5571648038535213	3.689208981255274	NA	NA	23.665183792257498	NA	192
167	DTXSID8034586	rat	oral	plasma	batch	0.07938461331553262	0.077476875	0.7251040396147339	NA	12.596899553132133	0.01485	NA	NA	9.134062752597146	1	NA	0.01184718289119081	0.010633258200702102	0.11219097354380511	NA	1.8799332343502873	NA	NA	NA	0.6352435591451828	NA	NA	NA	192
168	DTXSID9021924	rat	iv	plasma	batch	2.134201772332462	2.1237397778469442	7.43035960308836	0.4685592585311666	NA	0.939999	2.413236122373954	3.481563786243015	NA	0.05	1.6313189462109883	0.3950076424722141	0.22357938052214288	1.8294526894693182	0.08672305049613306	NA	NA	0.291188317571119	0.420095941724654	NA	NA	0.3138358814682117	NA	162,149
169	DTXSID9021924	rat	oral	plasma	complete	5411667.3070339635	8.514073963353427	247924241000057e3	NA	1.8478593440144083e-7	0.89	NA	NA	45812912533.96354	0.1668125190859102	NA	NA	NA	NA	NA	NA	NA	NA	NA	NA	NA	NA	NA	162,149
170	DTXSID9022360	rat	iv	blood	complete	0.07710250997881446	0.07596558999470714	0.09654688476527586	12.969746384064164	NA	0.117695	0.8679510042576424	1.2521886095770962	NA	0.15814	16.240568691228876	NA	NA	NA	NA	NA	NA	NA	NA	NA	NA	NA	NA	60
171	DTXSID9022360	rat	oral	blood	batch	NA	NA	NA	NA	NA	0.002728	NA	NA	NA	0.55288	NA	NA	NA	NA	NA	NA	NA	NA	NA	NA	NA	NA	NA	60
172	DTXSID9025617	rat	iv	plasma	batch	1.5625667586375327	1.5340527980558334	2.816536960764788	0.639972656830318	NA	1.1155	1.2494023967329626	1.8025066418414304	NA	0.03333	1.1535549645335545	0.05858123369875151	0.05775105833493847	0.33819307652547176	0.02399282306714191	NA	NA	0.11966211839988825	0.17263594479778677	NA	NA	0.09469808573199473	NA	151
173	DTXSID9030258	rat	iv	plasma	ssd	0.748645375644142	0.7481508704960973	0.6039099533867494	1.3357459119273793	NA	1.52825	0.5591412104054566	0.8066702514086047	NA	0.03333	1.0775064905924752	0.04501156291171298	0.04281428481835135	0.07316389864572118	0.08031040210066263	NA	NA	0.04130334266913074	0.059588127640892434	NA	NA	0.06343320320880372	NA	175
174	DTXSID9030258	rat	oral	plasma	ssd	1.6363318233164685	1.6225351158274148	5.969958090713047	NA	0.6111229921405732	0.5448333333333333	NA	NA	3.648378651350381	0.25	NA	0.11221873409156256	0.12168258734408835	0.6779776369535043	NA	0.041910477798609506	NA	NA	NA	0.22061282092027287	NA	NA	NA	175
175	DTXSID90382620	rat	iv	plasma	batch	1.6168323287313915	1.402320475470382	117.37913716331228	0.6184933231664325	NA	0.060875	50.32124638746367	72.5982126145455	NA	3	44.90150977591346	0.17406531233911837	0.19647742017217468	53.94155245311618	0.06658589858918504	NA	NA	22.550011039454095	32.53278909861181	NA	NA	20.753029929934637	NA	131
176	DTXSID90382620	rat	oral	plasma	batch	2.3187962378595506	2.0838093297612184	161.52533524184958	NA	0.43125824670264534	0.06495833333333334	NA	NA	69.65913287445706	3	NA	0.16535495585668233	0.12003993896007531	28.095598182916092	NA	0.030753322427404	NA	NA	NA	8.275144748550273	NA	NA	NA	131
