Chemical,Species,Reference,Route,Media,Dose,design,AUC_infinity,AUC_tlast,AUMC_infinity,CLtot,CLtot/Fgutabs,Cmax,halflife,MRT,MTT,tmax,Vss
DTXSID0020365,rat,203,iv,plasma,5.9,complete,33.282283208914095,30.737811400000002,395.057650036512,0.1772714919516034,NA,17.04315,8.227593478565927,11.869908309977438,NA,0.03,2.1041963554384355
DTXSID0020365,rat,204,iv,plasma,6,complete,43.03245426044161,26.87265275,804.846225223465,0.13942964915936976,NA,14.75672,12.964096549584863,18.703237801691802,NA,0.02,2.60778588483415
DTXSID0020442,hamster,164,iv,plasma,8,batch,52.27576051672206,52.24350655166666,56.71412970929111,0.15303459807994466,NA,127,0.7519974595746189,1.0849030056894016,NA,0.04166,0.1660276954314015
DTXSID0020442,hamster,164,oral,plasma,2,complete,NA,1.4313427675308417,Inf,NA,0,6.17,NA,NA,NA,0.25,NA
DTXSID0020442,hamster,164,oral,plasma,8,batch,9.092182356643956,9.930175642633333,6.331987488402962,NA,0.8798767651370452,19.5,NA,NA,0.6964210835230302,0.08333,NA
DTXSID0020442,hamster,164,oral,plasma,40,complete,Inf,145.37215342535902,Inf,NA,0,84.2,NA,NA,NA,0.5,NA
DTXSID0020442,mouse,164,iv,plasma,1,batch,9.63643102821616,9.4866909,13.788895073119,0.10377285917077893,NA,8.34,0.9918333577009608,1.4309130665434255,NA,0.16666,0.14848994014003833
DTXSID0020442,mouse,164,oral,plasma,1,batch,10.299317247546362,5.787319936099999,135.41326802199504,NA,0.0970938146640966,3.44,NA,NA,13.147790748387225,0.08333,NA
DTXSID0020442,mouse,164,oral,plasma,2,batch,13.966276534960775,13.844942302083332,22.619562869066925,NA,0.14320209076438833,6.6,NA,NA,1.619584347513455,0.5,NA
DTXSID0020442,mouse,164,oral,plasma,5.2,complete,NA,71.92204894454393,Inf,NA,0,19.7,NA,NA,NA,0.5,NA
DTXSID0020442,rat,164,iv,plasma,2,batch,NA,NA,NA,NA,NA,26.2,NA,NA,NA,0.04166,NA
DTXSID0020442,rat,164,oral,plasma,1.5,batch,6.668302686331242,7.131265748883333,11.207202110861903,NA,0.2249447978830829,3.37,NA,NA,1.6806678757751272,0.16666,NA
DTXSID0020442,rat,164,oral,plasma,3.56,batch,16.98467941347772,23.52094629665,32.20249663997619,NA,0.20960065911959816,13.8,NA,NA,1.895973180066195,0.5,NA
DTXSID0020442,rat,164,oral,plasma,7,complete,24.456793425465026,38.12733179182055,125.9359404089337,NA,0.2862190426285166,12.5,NA,NA,5.149323470909562,0.16666,NA
DTXSID0020442,rat,192,iv,plasma,0.20467,complete,NA,0.21079571530001023,Inf,0,NA,0.7095,NA,NA,NA,0.0833,NA
DTXSID0020442,rat,192,oral,plasma,1.043,complete,NA,7.9435121621915705,Inf,NA,0,1.2,NA,NA,NA,0.25,NA
DTXSID0020652,rat,163,iv,plasma,4.29,ssd,9.150299941632504,6.602144183333333,168.43203289257596,0.46883709029920845,NA,15.5,12.758946642205911,18.40726904767736,NA,0.08333,8.630010460667737
DTXSID0020652,rat,163,oral,plasma,4.29,ssd,7.307619298164542,6.369040415550001,90.06661159721524,NA,0.5870584967497583,0.657,NA,NA,12.325027881493131,0.16666,NA
DTXSID0020652,rat,163,oral,plasma,50,ssd,101.26683641868888,86.37004039443333,1213.8072733543804,NA,0.4937450577924093,76.5,NA,NA,11.986226846624106,0.16666,NA
DTXSID0020652,rat,163,oral,plasma,100,ssd,212.33977178706863,203.11936359999999,1628.7095202710077,NA,0.47094333368822966,67.4,NA,NA,7.670298910861857,0.25,NA
DTXSID0020868,mouse,30,iv,blood,10,complete,0.9763833052749854,0.97328079785,0.1365097516756785,10.241879337729594,NA,9.92548,0.09691004442797797,0.13981164050857295,NA,0.03454,1.4319339520988312
DTXSID0020868,mouse,30,iv,blood,50,complete,4.992265420072732,4.982707983,0.6841475496101072,10.015493126419459,NA,53.18226,0.09498993046173661,0.1370415016115349,NA,0.0324,1.3725382174245289
DTXSID0020868,rat,18,oral,blood,125,batch,NA,NA,NA,NA,NA,113.73045,NA,NA,NA,0.10268,NA
DTXSID0021125,rat,139,iv,plasma,25,batch,30.33309330533628,29.313743264166668,78.75379384164212,0.8241823459397045,NA,181,1.7996176522534268,2.596299462402258,NA,0.04166,2.1398241816846864
DTXSID0021383,mouse,45,oral,blood,300,complete,15.22446321698593,14.366959755900002,16.702525244716185,NA,19.705128235016527,25.98598,NA,NA,1.0970846726524441,0.23198,NA
DTXSID0021383,mouse,45,oral,blood,600,complete,95.68823696108902,92.32524331709999,131.65452733295865,NA,6.270363202992088,83.40495,NA,NA,1.3758695061598332,0.23433,NA
DTXSID0021383,mouse,45,oral,blood,1200,complete,175.3427436353507,172.330695857,368.11593434013156,NA,6.843739154073948,194.29236,NA,NA,2.099407860901727,0.15765,NA
DTXSID0021383,mouse,45,oral,blood,2000,complete,621.2637389226803,614.5227020172999,3300.074448803742,NA,3.219244701884832,209.53706,NA,NA,5.311873592568477,0.36572,NA
DTXSID0021383,rat,18,oral,blood,18,complete,4.066001056059935,4.0340628962,2.7851292163907235,NA,4.426954088753358,13.59266,NA,NA,0.6849799540115193,0.07401,NA
DTXSID0021383,rat,29,oral,blood,7.6,complete,0.5289873911007873,0.46627897464999996,0.1273087688767028,NA,14.367072122806007,2.10121,NA,NA,0.2406650347785829,0.08235,NA
DTXSID0021961,mouse,171,iv,plasma,15,ssd,2.0225088475394553,1.7727235091666667,2.4755766748267396,7.416531214807147,NA,5.1,0.8484210066639248,1.2240127789000665,NA,0.06666,9.077928982035182
DTXSID0021961,mouse,171,oral,plasma,15,ssd,0.3672397513546781,0.5816790302166667,1.4167128410841068,NA,40.8452514867136,0.748,NA,NA,3.857732818569124,0.125,NA
DTXSID0021961,mouse,171,oral,plasma,30,ssd,1.2133653381078973,1.20192215805,1.812605495941749,NA,24.72462255002399,1.505,NA,NA,1.493866223975293,0.125,NA
DTXSID0021961,mouse,171,oral,plasma,60,ssd,4.256699526329983,4.192401178883333,9.301128129186967,NA,14.095427602739546,5.1949950000000005,NA,NA,2.1850563028126535,0.08333,NA
DTXSID0021961,rat,171,iv,plasma,2.5,batch,0.7275352771476586,0.7196356388833334,2.4620784213228686,3.4362594894386222,NA,0.839,2.345704421025709,3.384136135605108,NA,0.06666,11.628769909525198
DTXSID0021961,rat,171,oral,blood,2.5,batch,-159089656836861.97,0.8211488295583333,7164761192489928e14,NA,-1.571440940729175e-14,0.5745,NA,NA,-4503599627370503,0.16666,NA
DTXSID0021961,rat,171,oral,blood,5,batch,-254543450938979.16,1.271827231375,1834178865277422e15,NA,-1.9643011759114686e-14,0.872,NA,NA,-7205759403792806,0.25,NA
DTXSID0021961,rat,171,oral,blood,10,batch,-254543450938978.72,1.7316278495666668,1834178865277422e15,NA,-3.928602351822944e-14,1.6099999999999999,NA,NA,-7205759403792819,0.08333,NA
DTXSID0021961,rat,171,oral,plasma,2.5,batch,0.6021517102441584,0.5640340119320834,3.859515569110049,NA,4.151777629239496,0.14800000000000002,NA,NA,6.409540159813058,0.16666,NA
DTXSID0021961,rat,171,oral,plasma,5,batch,1.4792437983861169,1.290320365825,16.243077085509597,NA,3.3801054332322336,0.2455,NA,NA,10.980662621828197,0.25,NA
DTXSID0021961,rat,171,oral,plasma,10,batch,3.2579103723804717,2.635074354,44.011907430667634,NA,3.0694521509176007,0.44399999999999995,NA,NA,13.50924439290491,0.5,NA
DTXSID0022985,rat,136,iv,plasma,6.25,complete,NA,1.3445648635569178,Inf,0,NA,1.8049950000000001,NA,NA,NA,0.08333,NA
DTXSID0022985,rat,136,oral,plasma,6.25,batch,0.6609747896857735,0.6539389996916667,1.3771503729196066,NA,9.455731288891126,0.354,NA,NA,2.083514219315841,0.25,NA
DTXSID0022985,rat,136,oral,plasma,12.5,complete,1.3858531386757102,1.3662771009300778,3.344455582072411,NA,9.019714752708007,0.624,NA,NA,2.4132828282716137,0.25,NA
DTXSID0022985,rat,136,oral,plasma,25,complete,4.5687192503097585,4.206749198113936,21.449416191986952,NA,5.471993053262138,0.9624999999999999,NA,NA,4.694842255963241,0.25,NA
DTXSID1020198,rat,154,iv,plasma,10,batch,0.7139437951371583,0.7110140588545238,0.8698406191402008,14.00670482482289,NA,2.7060000000000004,0.8445028541465464,1.2183600796937981,NA,0.03333,17.065210006618717
DTXSID1021087,rat,159,iv,plasma,20,complete,232586.64456102005,15.387390201688971,450747239678.3301,8.598946013322325e-5,NA,14.75,1343302.3160805092,1937975.5898240095,NA,0.033504308006215726,166.6454747203315
DTXSID1021087,rat,159,oral,plasma,50,batch,19.10575942782339,16.029799736108334,235.30631262457632,NA,2.617011911454609,1.31,NA,NA,12.315988459579565,2,NA
DTXSID1021087,rat,159,oral,plasma,200,batch,920.2021123182731,66.03415619444166,234015.55505342004,NA,0.2173435567281391,3.0700000000000003,NA,NA,254.3088653250998,3.5,NA
DTXSID1021087,rat,159,oral,plasma,400,ssd,2184.7126706600134,96.641812227775,1181200.044131576,NA,0.1830904381028549,5.005,NA,NA,540.6660839179045,6,NA
DTXSID1021116,dog,32,iv,plasma,1,complete,0.5426741310409527,0.529215923,0.4356475665614085,1.842726496068292,NA,1.24797,0.55644421800724,0.8027793138503824,NA,0.24224,1.4793027121276228
DTXSID1021116,human,14,iv,blood,3.378378,batch,2.5703394968818127,2.283342741666667,4.427804520515054,1.314370340610045,NA,2.795,1.194052467850597,1.7226535739292848,NA,0.16666,2.2642047647185453
DTXSID1021116,human,14,oral,blood,3.378378,batch,NA,NA,NA,NA,NA,0.05,NA,NA,NA,0.33333,NA
DTXSID1021116,human,14,oral,blood,13.51351,batch,12.653998377028982,4.591121452766666,246.44100780501873,NA,1.067924113577516,2.75,NA,NA,19.47534687948019,1,NA
DTXSID1021116,rat,1,oral,plasma,250,complete,116.03316088352754,114.2220275141,179.87356422943736,NA,2.154556491406336,79.94418,NA,NA,1.550191021771715,0.35991,NA
DTXSID1021116,rat,221,iv,plasma,23,complete,27.76441791446753,21.9083491505,35.723325842540206,0.8283984224288427,NA,26.2802,0.8918437499486781,1.2866585552987746,NA,0.04166,1.0658659174140785
DTXSID1021116,rat,62,oral,plasma,250,complete,24.758639189283706,24.6184075,21.74286582448115,NA,10.09748549137578,23.08272,NA,NA,0.8781930888145147,0.25,NA
DTXSID1021116,rat,63,oral,plasma,360,complete,69.05382919981207,68.6374348608,152.55554155421356,NA,5.213324216363366,30.25114,NA,NA,2.2092263864583592,0.27427,NA
DTXSID1021116,rat,67,oral,plasma,10,complete,1.7689441064455598,1.6845211960500004,2.3856889674485133,NA,5.653089865057167,2.90987,NA,NA,1.3486514123061888,0.24899,NA
DTXSID1022265,rat,192,iv,plasma,1,complete,Inf,0.02283014149294197,Inf,0,NA,0.04695,NA,NA,NA,0.0833,NA
DTXSID1022265,rat,192,oral,plasma,5.2,complete,NA,0.005416792971712802,Inf,NA,0,5.1e-4,NA,NA,NA,0.25,NA
DTXSID1023815,rat,133,iv,plasma,10,ssd,3.776966019911608,3.767666806967083,0.7541364596887019,2.647627738052573,NA,28.83,0.13839879893939736,0.1996672608948573,NA,0.03333,0.528644578326204
DTXSID1023815,rat,133,iv,plasma,110,batch,9.095475555205118,8.91845,16.155259680941935,12.093925087517793,NA,20.92,1.231158572313499,1.7761863668246214,NA,1.5,21.481064861847372
DTXSID1023815,rat,133,oral,plasma,10,ssd,5.785090744255421,5.6791081963675,6.032986253903866,NA,1.7285813554316278,2.466,NA,NA,1.0428507556073523,0.33333,NA
DTXSID1023815,rat,133,oral,plasma,40,batch,35.97203208218682,35.95605704020041,35.082723313449634,NA,1.1119749895866409,37.44,NA,NA,0.9752777722786039,0.33333,NA
DTXSID1023815,rat,133,oral,plasma,100,batch,159.8575905655827,159.84249652718376,239.29369697985575,NA,0.6255567824223792,110.6,NA,NA,1.4969179513667437,0.66666,NA
DTXSID1023815,rat,153,iv,plasma,25,batch,17.068716398850228,16.360406399708335,5.549035379720288,1.464667841202402,NA,65.415,0.22534197290544913,0.3250997468148266,NA,0.03333,0.4761631443427196
DTXSID1023815,rat,153,oral,plasma,25,ssd,15.671167849247851,15.641961423666666,19.87988294564944,NA,1.5952863398881847,15.355,NA,NA,1.2685642280708256,0.33333,NA
DTXSID1023815,rat,153,oral,plasma,50,batch,45.074511796440675,45.05236535194167,58.21136589499887,NA,1.1092743550014061,36.295,NA,NA,1.2914475071385145,0.5,NA
DTXSID1023815,rat,153,oral,plasma,125,ssd,170.77292322967284,170.73540564444167,267.1624515602719,NA,0.7319661550320086,83.32,NA,NA,1.5644309794999796,1,NA
DTXSID1026118,rat,152,iv,plasma,2,complete,0.42949682624290336,0.42949681667113904,0.7619365099520222,4.6566118252731705,NA,1.81425,1.2296578492997778,1.7740212811749778,NA,0.0855,8.260928476205661
DTXSID1026118,rat,152,iv,plasma,20,complete,7.684391136346225,7.684392676452651,11.793645300345279,2.60267855255343,NA,24.0875,1.063809980961654,1.5347533839815608,NA,0.08446707030603604,3.9944697159476066
DTXSID1034187,rat,141,oral,plasma,0.127,complete,-Inf,0.069012,Inf,NA,0,4.7925e-4,NA,NA,NA,0,NA
DTXSID1034187,rat,141,oral,plasma,0.128,complete,-Inf,0.069012,Inf,NA,0,4.7925e-4,NA,NA,NA,0,NA
DTXSID1034187,rat,141,oral,plasma,0.1285,complete,-Inf,0.06889218750000001,Inf,NA,0,4.7925e-4,NA,NA,NA,0.25,NA
DTXSID1034187,rat,141,oral,plasma,0.135,complete,-Inf,0.0343861875,Inf,NA,0,4.7925e-4,NA,NA,NA,0.25,NA
DTXSID1034187,rat,141,oral,plasma,0.136,complete,-Inf,0.0343861875,Inf,NA,0,4.7925e-4,NA,NA,NA,0.25,NA
DTXSID1034187,rat,141,oral,plasma,0.1495,complete,-34533601942676.93,0.0343861875,24884082694528137e14,NA,-4.329116906141394e-15,4.7925e-4,NA,NA,-72057594037927940,0.25,NA
DTXSID1034187,rat,141,oral,plasma,0.3285,complete,-Inf,0.069012,Inf,NA,0,4.7925e-4,NA,NA,NA,0,NA
DTXSID1034187,rat,141,oral,plasma,0.33,complete,-Inf,0.04217365625,Inf,NA,0,0.0119,NA,NA,NA,0.25,NA
DTXSID1034187,rat,141,oral,plasma,0.3435,complete,Inf,0.10714327335070416,Inf,NA,0,0.01865,NA,NA,NA,0.25,NA
DTXSID1034187,rat,141,oral,plasma,0.378,complete,-Inf,0.069012,Inf,NA,0,4.7925e-4,NA,NA,NA,0,NA
DTXSID1034187,rat,141,oral,plasma,0.41100000000000003,complete,-Inf,0.1174765,Inf,NA,0,0.0046,NA,NA,NA,8,NA
DTXSID1034187,rat,141,oral,plasma,0.43499999999999994,complete,3139418358425.213,0.0343861875,2056535759878383e13,NA,1.3856069830024297e-13,4.7925e-4,NA,NA,6550690367084358,0.25,NA
DTXSID1034187,rat,141,oral,plasma,0.456,complete,-Inf,0.0343861875,Inf,NA,0,4.7925e-4,NA,NA,NA,0.25,NA
DTXSID1034187,rat,141,oral,plasma,0.465,complete,-Inf,0.0343861875,Inf,NA,0,4.7925e-4,NA,NA,NA,0.25,NA
DTXSID1043881,rat,211,oral,plasma,50,complete,2.4902989545044156,1.0305324999999999,120.19257654178728,NA,20.07791069002408,0.12046,NA,NA,48.26431634819777,1,NA
DTXSID1043881,rat,212,iv,plasma,10,complete,1.8065063602780913,1.7551570633,1.9364369070371565,5.535546522216846,NA,2.34437,0.7430008617508569,1.0719236586241876,NA,0.05789,5.933683280579079
DTXSID1051432,rat,155,iv,plasma,20,ssd,10.62883380107869,11.296825225345835,10.691519194545345,1.8816739798838757,NA,36.075,0.6972351364502042,1.0058976736902494,NA,0.16666,1.8927714790086636
DTXSID2020139,mouse,53,oral,blood,15,batch,NA,NA,NA,NA,NA,0.28215,NA,NA,NA,3.01439,NA
DTXSID2020139,rat,36,iv,blood,0.055556,complete,0.01731046569116197,0.017097133,0.009486135319749551,3.2093879501095497,NA,0.1986,0.37984465979165394,0.5480000069895746,NA,0.02206,1.7587446190922902
DTXSID2020139,rat,38,iv,blood,0.118081,NA,NA,NA,NA,NA,NA,NA,NA,NA,NA,NA,NA
DTXSID2020139,rat,46,iv,blood,2,complete,2.978921174513824,1.1014690179,14.767540999893328,0.6713839953574504,NA,2.58192,3.4361699448291168,4.95734533905667,NA,0.08333,3.3282823201025025
DTXSID2020139,rat,46,iv,blood,6,complete,3.4404557456532414,3.42870783825,2.3912502227324692,1.7439550000259563,NA,4.88999,0.4817641825489152,0.6950387970412453,NA,0.16666,1.2121163853121055
DTXSID2020139,rat,46,iv,blood,15,complete,24.86016890135734,24.837204353249998,33.02172796161393,0.6033748225733501,NA,29.16395,0.9207064410797503,1.3282986166602824,NA,0.16666,0.8014619421518242
DTXSID2020139,rat,59,iv,blood,10.0924,complete,0.46333676514913674,0.44093499999999997,7.87148180564815,21.781996938558294,NA,0.10403,11.775658291777772,16.988683820750794,NA,2,370.0474589737287
DTXSID2020420,rat,192,iv,plasma,0.6,complete,NA,0.10116723545378004,Inf,0,NA,0.1565,NA,NA,NA,0.08333,NA
DTXSID2020420,rat,192,iv,plasma,0.608,complete,0.32376086601531207,0.3236225154141124,1.478642793823652,1.877929249087334,NA,0.05335,3.1656608045571266,4.567083143871132,NA,0.0833,8.576659018889336
DTXSID2020420,rat,192,oral,plasma,3,complete,Inf,0.5530170115680855,Inf,NA,0,0.11095,NA,NA,NA,0.5,NA
DTXSID2020420,rat,192,oral,plasma,3.212,complete,2.333568785127052,2.3326118586599547,13.846886849372401,NA,1.3764325356388079,0.3015,NA,NA,5.933781312822328,0.5,NA
DTXSID2020428,rat,134,iv,plasma,10,ssd,12098039259876.893,3.582161477975,47378021828416826e11,8.265802238851189e-13,NA,23.52,271448468181023.6,391617358901668.3,NA,0.03333,323.70316419823996
DTXSID2020428,rat,134,iv,plasma,60,batch,10.621385089298633,10.6063925,12.856816483564277,5.648980758682012,NA,16.77,0.8390305051210301,1.210465148892672,NA,1,6.837894335149862
DTXSID2020428,rat,134,oral,plasma,10,ssd,0.44832240623620734,0.43480683328749997,0.1796686011116924,NA,22.30537635616478,0.9077,NA,NA,0.4007575767181944,0.25,NA
DTXSID2020428,rat,134,oral,plasma,40,ssd,13.27777637344933,11.6466549624625,14.256381946288851,NA,3.0125526198788295,10.7,NA,NA,1.073702519557143,0.66666,NA
DTXSID2020428,rat,134,oral,plasma,100,ssd,873.8132324792095,294.7900046940625,15597.121338680401,NA,0.11444093117733746,49.63,NA,NA,17.849490896845055,4,NA
DTXSID2020682,rat,174,iv,blood,0.1,batch,3.353749978058863,8.301803875,4311.23432440241,0.029817368812292803,NA,0.1258,891.0383708514903,1285.4966388692262,NA,0.25,38.33012738812649
DTXSID2020682,rat,174,iv,blood,1,batch,169.5347490844224,98.957629125,385705.96525157796,0.005898495767979901,NA,1.4608,1576.9687558634485,2275.0850037210357,NA,0.25,13.419579266243067
DTXSID2020682,rat,174,oral,blood,0.3,batch,63.67922362650782,34.21449725,168845.18461427122,NA,0.004711112713301339,0.0839,NA,NA,2651.495652720016,3,NA
DTXSID2020682,rat,180,oral,blood,0,NA,NA,NA,NA,NA,NA,NA,NA,NA,NA,NA,NA
DTXSID2020682,rat,180,oral,blood,0.03,batch,27.331121346765215,5.265389333333333,234046.5182871099,NA,0.0010976498043886757,0.0118,NA,NA,8563.370500523228,3,NA
DTXSID2020682,rat,180,oral,blood,30,batch,4071.7261450538363,3187.9939125,5333768.732835367,NA,0.007367882546924909,7.412,NA,NA,1309.9527185330496,3,NA
DTXSID2021103,rat,138,oral,plasma,10,ssd,NA,NA,NA,NA,NA,0.025,NA,NA,NA,24,NA
DTXSID2021315,rat,177,oral,plasma,5e-5,batch,NA,NA,NA,NA,NA,2.25e-5,NA,NA,NA,0.25,NA
DTXSID2021315,rat,177,oral,plasma,1e-4,batch,-Inf,0.06492983333333334,Inf,NA,-0,2.25e-5,NA,NA,NA,0.25,NA
DTXSID2021315,rat,177,oral,plasma,4e-4,complete,NA,NA,NA,NA,NA,2.25e-5,NA,NA,NA,48,NA
DTXSID2021319,rat,4,oral,blood,500,complete,359.6505696594486,352.2781550689,3466.5365530878807,NA,1.390238309572115,41.6674,NA,NA,9.638623835269684,2.35488,NA
DTXSID2021731,rat,17,iv,blood,100,complete,274.7543538211526,243.65878030515,837.5313213079501,0.36396147543886986,NA,90.91027,2.11291455775489,3.048291354295077,NA,0.37473,1.109460618876787
DTXSID2021781,rat,135,iv,plasma,20,ssd,-Inf,2.9021863377416666,Inf,-0,NA,9.36999,NA,NA,NA,0.08333,NA
DTXSID2021781,rat,135,oral,plasma,50,ssd,NA,NA,NA,NA,NA,0.215325,NA,NA,NA,0.08333,NA
DTXSID2021781,rat,135,oral,plasma,100,ssd,NA,NA,NA,NA,NA,0.215325,NA,NA,NA,0.08333,NA
DTXSID2021781,rat,135,oral,plasma,200,ssd,NA,NA,NA,NA,NA,0.215325,NA,NA,NA,0.08333,NA
DTXSID2032390,rat,192,iv,plasma,0.4,batch,-Inf,0.2852371573333333,Inf,-0,NA,0.108,NA,NA,NA,0.08333,NA
DTXSID2032390,rat,192,oral,plasma,2,complete,Inf,0.338717894629668,Inf,NA,0,0.02835,NA,NA,NA,1,NA
DTXSID2032552,rat,192,iv,plasma,1,complete,0.03205254478326358,0.03219875403757657,0.31552428868188465,31.19877085460483,NA,0.1275,6.823320038296258,9.843969981648304,NA,0.0833,307.11976375705393
DTXSID2032552,rat,192,oral,plasma,5.2,complete,NA,0.0035462386843400167,Inf,NA,0,8.1e-4,NA,NA,NA,0.25,NA
DTXSID2039336,rat,192,iv,plasma,0.8,complete,147197119.22198445,0.05347244134912306,8092247206105253e4,5.434888972205626e-9,NA,0.0767,381061692304.3836,549755813760.29034,NA,0.16683663492467343,2987.8618096117316
DTXSID2039336,rat,192,oral,plasma,4,batch,-Inf,0.0228298828125,Inf,NA,-0,0.0049,NA,NA,NA,1,NA
DTXSID2046624,rat,219,iv,plasma,0.1,complete,0.01768834861598816,0.016551136859656236,0.03080218551494644,5.653439005018926,NA,0.02924,1.2070345575093002,1.7413827703002718,NA,0.08341468480214471,9.844801276283471
DTXSID2046624,rat,219,oral,plasma,10,complete,0.19721866719576117,0.17665636795945114,0.7915199388673487,NA,50.705139336906186,0.15255,NA,NA,4.013412878820838,0.25,NA
DTXSID3020095,rat,166,iv,plasma,2,batch,1.26073425476043,1.1752148202750001,3.986831232610372,1.5863771389158043,NA,3.175,2.1919455411143205,3.162308962064306,NA,0.03333,5.01661464360738
DTXSID3020095,rat,166,oral,plasma,40,ssd,3.7607933448285076,3.6275695833333335,44.017041503392264,NA,10.636053707924226,0.252,NA,NA,11.704190437350245,8,NA
DTXSID3020095,rat,166,oral,plasma,100,ssd,14.997274494612153,11.49448,273.40940998837436,NA,6.6678782225347355,0.7075,NA,NA,18.230606506975523,12,NA
DTXSID3020095,rat,166,oral,plasma,400,ssd,303.3234484419954,46.9595975,34568.100807695126,NA,1.3187242926802345,2.785,NA,NA,113.96448571731699,18,NA
DTXSID3020833,human,51,oral,blood,0.067114,complete,0.032014047426394784,0.0198319577,0.42006124813630247,NA,2.0963922213929806,0.00876,NA,NA,13.121154052829086,0.97253,NA
DTXSID3020833,human,51,oral,blood,0.199052,complete,0.0981719017029441,0.09172561555,0.40365017010133225,NA,2.027586270074573,0.06037,NA,NA,4.1116670157080915,1.01479,NA
DTXSID3022405,mouse,129,iv,plasma,50,ssd,91.47928846425022,91.416324297225,1038.6716056014727,0.5465718070111556,NA,24.15,7.870112536256632,11.354172327295505,NA,0.08333,6.205870486045961
DTXSID3022405,mouse,129,oral,plasma,100,complete,0.10759251910115501,0.13786027311364854,0.3648867778265777,NA,929.4326486210738,0.092,NA,NA,3.391376843621655,0.25,NA
DTXSID3022405,mouse,129,oral,plasma,250,ssd,0.852718631936842,0.7931872695166666,1.9206660214832167,NA,293.1799431099057,0.263,NA,NA,2.252403019646314,0.25,NA
DTXSID3022405,mouse,129,oral,plasma,500,batch,5.985834078947816,5.951905055525001,13.943453343635182,NA,83.53054785773305,0.7105,NA,NA,2.3294085936451734,0.5,NA
DTXSID3022405,rat,129,iv,plasma,8,batch,1.535389239967839,1.52513073125,2.7874418914923687,5.210405147926901,NA,6.899995,1.258382850268696,1.815462697622367,NA,0.08333,9.459296185560838
DTXSID3022405,rat,129,oral,plasma,100,batch,0.8531290716417477,0.3117319371808333,31.222516075209747,NA,117.21555779075918,0.14100000000000001,NA,NA,36.59764637386655,1,NA
DTXSID3022405,rat,129,oral,plasma,250,complete,0.8920568716505684,0.8920504772776688,2.4093524935502653,NA,280.25119019309415,0.56699,NA,NA,2.700895615648644,1.5002827355432338,NA
DTXSID3022405,rat,129,oral,plasma,500,batch,6.328952262442141,5.219435618634167,53.68988708196966,NA,79.00201791173977,2.4450000000000003,NA,NA,8.483218841858106,1,NA
DTXSID3026148,rat,130,iv,plasma,1.6,ssd,0.23472411338369603,0.2081996031,1.16876044189617,6.816513126559482,NA,0.50295,3.45138381128335,4.979294308742939,NA,0.08333,33.94142501654916
DTXSID3026148,rat,130,oral,plasma,25,ssd,1.3864312875365765,1.3645763164083333,5.008404597654276,NA,18.031906972050685,0.365745,NA,NA,3.6124434313317133,0.16666,NA
DTXSID3026148,rat,130,oral,plasma,50,ssd,3.3203739649540553,3.2489897437583335,9.58960902557023,NA,15.05854476867393,1.1825,NA,NA,2.8881111365125776,0.16666,NA
DTXSID3031860,rat,147,iv,plasma,2,batch,5020.119404425193,4444.211367386109,6550756.370088551,3.9839689833612654e-4,NA,7.42,904.4881092787247,1304.900509799451,NA,0.08333,0.5198683157413316
DTXSID3031860,rat,147,oral,plasma,2,batch,8702.185942064472,7573.7747463125,12908240.368882757,NA,2.2982731158759036e-4,9.415,NA,NA,1483.3330906533647,12,NA
DTXSID3031860,rat,147,oral,plasma,10,batch,43032.215908721715,39640.56024214583,51812024.16270656,NA,2.323840357468836e-4,49.400000000000006,NA,NA,1204.02872751448,12,NA
DTXSID3031860,rat,147,oral,plasma,20,batch,85643.70677916141,77687.9838400625,107615039.99018762,NA,2.3352562321445836e-4,112.4,NA,NA,1256.543464047871,24,NA
DTXSID3031862,rat,145,iv,plasma,40,batch,29.686089197095242,26.764902780614584,2065.824584640199,1.347432453444018,NA,20.75,48.23540335231784,69.58897721166782,NA,0.08333,93.76644629697742
DTXSID3031862,rat,145,oral,plasma,40,batch,267.8551426223389,267.71356166284585,1488.4170681950156,NA,0.14933444849478889,58.05,NA,NA,5.556798550228331,0.5,NA
DTXSID3031862,rat,145,oral,plasma,80,batch,402.59872072506477,402.47581761844793,1329.086247613777,NA,0.19870902683427083,114,NA,NA,3.301267935526829,1,NA
DTXSID3031862,rat,145,oral,plasma,160,batch,839.1970375389552,839.0884307184042,3200.8069359873134,NA,0.190658442347722,214,NA,NA,3.814130404194537,0.5,NA
DTXSID3032179,rat,179,oral,plasma,9.999999999999999e-6,ssd,0.5473431030350832,0.601922425,1728.9358249842066,NA,1.827007583460685e-5,1.7999999999999998e-4,NA,NA,3158.7788635630013,1464,NA
DTXSID3032179,rat,179,oral,plasma,0.001,ssd,0.40251782742950987,0.3761607,1980.4446041034698,NA,0.0024843620129474217,1.1e-4,NA,NA,4920.141343181355,3,NA
DTXSID3034872,rat,192,iv,plasma,0.8,complete,NA,0.36775263250621393,Inf,0,NA,0.371,NA,NA,NA,0.0833,NA
DTXSID3034872,rat,192,oral,plasma,4.17,complete,2.468383245018342,2.4683319444110063,7.492993297484367,NA,1.6893648943760406,0.863,NA,NA,3.035587489344139,1,NA
DTXSID3037707,rat,144,iv,plasma,4,ssd,65.59259390605162,65.47043046827459,305.11679681949,0.060982494543960354,NA,29.299999999999997,3.224309862784659,4.651695849328802,NA,0.08333,0.2836720167518567
DTXSID3037707,rat,144,oral,plasma,4,batch,91.57670943551207,91.50166373772458,609.3111299349199,NA,0.043679228317509956,11.25,NA,NA,6.653559990206835,1,NA
DTXSID3037707,rat,144,oral,plasma,20,batch,307.19091048261663,307.07275220439124,1599.3470690608601,NA,0.06510609304350418,47.9,NA,NA,5.206361954356603,0.75,NA
DTXSID3037707,rat,144,oral,plasma,100,batch,934.9574800522928,934.6792691071662,4278.266043045647,NA,0.10695673560941717,183.5,NA,NA,4.575893700327806,0.75,NA
DTXSID3037709,rat,143,iv,plasma,4,batch,429.0530591478746,579.8332295822166,204628.9385513976,0.009322856263848212,NA,5.425,330.58375600345175,476.931545384627,NA,0.08333,4.446364245315877
DTXSID3037709,rat,143,oral,plasma,4,ssd,6232.392498436295,7628.592707708333,2679407.338474975,NA,6.418081019453763e-4,29.200000000000003,NA,NA,429.91633456128403,12,NA
DTXSID3037709,rat,143,oral,plasma,16,batch,21393.73314381225,26459.197178541668,9455470.88367002,NA,7.478825641343344e-4,107.75,NA,NA,441.97386309854227,12,NA
DTXSID3037709,rat,143,oral,plasma,32,ssd,27600.05469835063,33210.685400208335,11390938.182674464,NA,0.0011594179920923241,176,NA,NA,412.71433361888165,6,NA
DTXSID30575892,rat,156,iv,plasma,50,batch,8.167619856227653,7.484653302558333,1.3843676416407757,6.121734468564421,NA,81.494995,0.11748471948410656,0.1694946221799515,NA,0.03333,1.0376010708353127
DTXSID3061635,rat,66,oral,blood,20,complete,1.0623125597324645,1.0542989142499999,2.1243184126560872,NA,18.826850738766424,0.99043,NA,NA,1.9997112838344686,0.76681,NA
DTXSID4020290,rat,173,iv,plasma,2,batch,-17081510015231.693,9.258932472216667,10989754591366192e12,-1.1708566738049428e-13,NA,29.3,-445951054869189,-643371375338981,NA,0.04166,75.32956685507108
DTXSID4020290,rat,173,oral,plasma,1,ssd,2.3253319585032233,2.1881348875833333,7.790060834197592,NA,0.43004612582011004,1.18,NA,NA,3.350085481649649,0.5,NA
DTXSID4020290,rat,173,oral,plasma,2,ssd,3.8705142128626018,3.73894101,12.277369789141224,NA,0.5167272072929079,1.35,NA,NA,3.172025502022631,0.5,NA
DTXSID4020290,rat,173,oral,plasma,5,batch,13.19670795207785,14.277779062216666,36.63905568045771,NA,0.3788823711305015,4.73,NA,NA,2.7763784584388573,1,NA
DTXSID4020458,rat,202,oral,plasma,5,complete,0.14670141239677534,0.14095,0.733372498240741,NA,34.08283477514703,0.03004,NA,NA,4.999082737235196,3,NA
DTXSID4020458,rat,202,oral,plasma,10,complete,0.3712034863805877,0.367315,1.4461920230424896,NA,26.93940215245499,0.10924,NA,NA,3.8959548498414076,3,NA
DTXSID4020458,rat,202,oral,plasma,50,complete,1.334310653130559,1.2871541771000001,5.921892180171071,NA,37.47253301372512,0.32607,NA,NA,4.438166004503621,3,NA
DTXSID4020458,rat,202,oral,plasma,100,complete,7.126795278523298,3.97014535205,95.20270868281463,NA,14.031552204305834,0.75911,NA,NA,13.358417768742338,3,NA
DTXSID4020533,mouse,56,oral,blood,200,complete,151.2426565877724,144.2659983776,209.3095823547741,NA,1.3223782530157535,102.9893,NA,NA,1.3839321992688158,0.48708,NA
DTXSID4020533,mouse,56,oral,blood,2000,complete,15254.83384064427,13492.704789623449,98510.50262249976,NA,0.1311059839059861,1737.44199,NA,NA,6.457658185698028,1.00334,NA
DTXSID4020533,rat,24,iv,blood,30,complete,48.16849659528696,47.3093066053,113.58266731698811,0.6228137085543862,NA,45.01528,1.634460512079836,2.358028075306415,NA,0,1.46861221045695
DTXSID4020533,rat,24,iv,blood,100,complete,549.8943328431322,549.5614351404,2286.6713587172267,0.18185311982207114,NA,151.75191,2.8823715948608917,4.158383205905021,NA,0.07127,0.756214959409534
DTXSID4020533,rat,24,iv,blood,300,complete,2126.454581722336,2126.1548567854998,13425.118314871868,0.14107990012042157,NA,416.66624,4.3761023577094225,6.313381169889885,NA,0.0811,0.8906911848702151
DTXSID4020533,rat,24,iv,blood,1000,complete,18734.025205283408,18732.7042087319,299537.80947132414,0.05337881149631303,NA,947.10705,11.082711047468642,15.98897226778834,NA,0.12643,0.8534723367020504
DTXSID4020533,rat,6,iv,plasma,3,complete,5.807524643421377,2.87987047025,13.218109323719993,0.5165712044628733,NA,2.29809,1.5776248526897318,2.2760315513586575,NA,0,1.1757323598808438
DTXSID4020533,rat,6,iv,plasma,10,complete,9.452503736150444,4.668130562000001,28.26214050610791,1.0579207667229682,NA,4.43831,2.072448057701137,2.9899105353453943,NA,0.9768,3.16308844598568
DTXSID4020533,rat,6,iv,plasma,30,complete,51.41323470329091,49.50553401035,126.52932225448323,0.5835073434521661,NA,13.94145,1.7058534341400227,2.4610262899172186,NA,0,1.4360269125955367
DTXSID4020533,rat,6,iv,plasma,100,complete,482.38598668896066,470.43372438335,2145.370752665146,0.20730287106055456,NA,80.98569,3.0827132825159342,4.447415165168277,NA,0,0.9219619325376343
DTXSID4020533,rat,6,iv,plasma,300,complete,1628.1367070381505,1627.3744213453,10399.477024981175,0.18425971154827014,NA,178.18735,4.427372804754732,6.387348789586313,NA,0.29824,1.1769310455273663
DTXSID4020533,rat,6,iv,plasma,1000,complete,15206.998200341219,15204.0451506979,249589.02571522648,0.06575919762899438,NA,746.524,11.376468070426355,16.412774068035738,NA,12.74064,1.0792908535799959
DTXSID4021268,rat,192,iv,plasma,0.4,complete,Inf,0.05940004537593898,Inf,0,NA,0.09825,NA,NA,NA,0.16666,NA
DTXSID4021268,rat,192,oral,plasma,2,batch,-Inf,0.027818750000000003,Inf,NA,-0,0.0087,NA,NA,NA,0.25,NA
DTXSID4022107,rat,150,iv,plasma,10,batch,325.3457167568236,318.31172499999997,26965.414694820458,0.03073653496866043,NA,7.0954999999999995,57.449661101009426,82.88234117117788,NA,5,2.547515977692353
DTXSID4022527,rat,64,oral,plasma,3,complete,0.5529199636448305,0.43648370149999993,0.6476607927453715,NA,5.425740065929428,0.87116,NA,NA,1.171346370776726,0.25039,NA
DTXSID4022527,rat,64,oral,plasma,10,complete,2.252007041562375,2.229031928,1.8698676468809232,NA,4.440483451180641,3.13531,NA,NA,0.8303116341872825,0.25039,NA
DTXSID4022527,rat,64,oral,plasma,100,complete,14.233923692138161,13.56437838255,19.64632671460469,NA,7.025469727313005,8.608,NA,NA,1.3802467358635602,0.0824,NA
DTXSID4022527,rat,64,oral,plasma,1000,complete,72.70880251775687,39.325441538750006,373.48531381542097,NA,13.75349291106508,17.19044,NA,NA,5.13672761594731,0.50079,NA
DTXSID4022577,rat,24797,iv,plasma,1.25,complete,0.12988079881149106,0.12768162605,0.050691596340616506,9.624209363034867,NA,0.7912,0.27053065120563835,0.3902932289028363,NA,0.03333,3.756263747935787
DTXSID4022577,rat,24797,oral,plasma,7,complete,0.23668121063791012,0.2345404039,0.41868485582375,NA,29.575647264662013,0.10596,NA,NA,1.7689822301284428,0.16666,NA
DTXSID4022577,rat,24797,oral,plasma,12.5,complete,0.5974226747095636,0.5965164288,1.2967150742769762,NA,20.92320986322935,0.22128,NA,NA,2.1705153305528166,2,NA
DTXSID4023917,rat,155,iv,plasma,20,ssd,-Inf,3.97670420605,Inf,-0,NA,9.769995,NA,NA,NA,0.16666,NA
DTXSID4023917,rat,155,iv,plasma,40,ssd,9142307243573.113,11.00764673518125,3659848132925603e13,4.375263151226876e-12,NA,22.6,2774806563625717.5,4003199668768969,NA,0.16666,17515.05199776851
DTXSID4024642,rat,132,iv,plasma,10,ssd,5187422977936.381,2.82492394937625,1668719727888204e12,1.927739465729498e-12,NA,24.02,222975527434357.06,321685687669147.94,NA,0.03333,620.1261956801494
DTXSID4024642,rat,132,iv,plasma,80,batch,14.155578384668376,13.653808333333332,19.463074555878826,5.651482251452643,NA,20.17,0.9530359612890849,1.374940255140609,NA,1,7.77045044873492
DTXSID4024642,rat,132,oral,plasma,10,batch,0.5777290955943363,0.5536945767404167,0.5597155502137869,NA,17.3091507356273,0.560495,NA,NA,0.9688200827725009,0.25,NA
DTXSID4024642,rat,132,oral,plasma,40,batch,20.13665519863483,19.760269052519373,37.81083719778377,NA,1.9864272196860087,10.0045,NA,NA,1.8777119052198483,0.75,NA
DTXSID4024642,rat,132,oral,plasma,100,ssd,89.11714484536074,87.68240504339875,162.9259652601651,NA,1.1221185348063336,44.01,NA,NA,1.8282224541964407,0.75,NA
DTXSID4024729,rat,201,oral,plasma,1000,complete,126.49363544286432,126.355925,546.3487676431661,NA,7.905536088823126,20.22629,NA,NA,4.31917989968709,2,NA
DTXSID4032376,rat,192,iv,plasma,1,complete,NA,0.03994515197606622,Inf,0,NA,0.1153,NA,NA,NA,0.08333,NA
DTXSID4032376,rat,192,oral,plasma,5,complete,Inf,0.047522912300088684,Inf,NA,0,0.0011949999999999999,NA,NA,NA,0.25,NA
DTXSID4032405,rat,192,iv,plasma,1,complete,NA,0.04429752304026016,Inf,0,NA,3.69e-4,NA,NA,NA,0.08333,NA
DTXSID4032405,rat,192,oral,plasma,5,complete,NA,0.054670536623144535,Inf,NA,0,3.69e-4,NA,NA,NA,0.25,NA
DTXSID5020029,rat,43,iv,blood,3.4,complete,0.4283028237200948,0.3864156199,0.08299614723189422,7.938308625819319,NA,4.94735,0.13431745546632617,0.19377912690609297,NA,0.05061,1.538278514622374
DTXSID5020029,rat,43,iv,blood,47,complete,7.224787442524118,7.151960971399999,1.7177655030224839,6.505381697925725,NA,52.81239,0.16480267755354053,0.23776000563171582,NA,0.05432,1.5467195891352812
DTXSID5020029,rat,43,iv,blood,55,complete,11.49689461148707,11.38897860445,2.946834196407529,4.783900510408002,NA,71.39769,0.17766448104835772,0.2563156657505769,NA,0.05082,1.2261886442097518
DTXSID5020029,rat,43,iv,blood,84,complete,18.612043775097693,18.4904115248,4.988253135970462,4.513206664191777,NA,156.27583,0.18577183886400364,0.2680121106659217,NA,0.0521,1.209594043941542
DTXSID5020285,rat,176,oral,plasma,1.5,ssd,-Inf,0.053459356549999996,Inf,NA,-0,0.159,NA,NA,NA,0.08333,NA
DTXSID5020285,rat,176,oral,plasma,7.5,batch,0.8867055409628246,0.8616706522083333,0.4973609175205127,NA,8.458275778739539,1.66,NA,NA,0.5609087735940569,0.08333,NA
DTXSID5020285,rat,176,oral,plasma,15,ssd,3.410970722086239,3.3909527188833333,2.0302878879685684,NA,4.397575125132006,5.720000000000001,NA,NA,0.5952229008658249,0.16666,NA
DTXSID5020732,rat,210,iv,plasma,2.5,complete,14.542085863492433,14.3646966,53.26860679559786,0.17191481493560642,NA,7.86031,2.539043226626745,3.663065071657117,NA,0.28,0.6297351538910172
DTXSID5020732,rat,210,iv,plasma,25,complete,106.57711949804252,106.15301005,293.6723661468971,0.23457192423425527,NA,90.02849,1.909961289644616,2.755491680860177,NA,0.22,0.6463609857908541
DTXSID5023320,rat,217,iv,plasma,5,complete,0.8102175135922217,0.8097338196999999,0.5371816113894826,6.171182325881534,NA,2.21222,0.4595629113624269,0.6630091331990675,NA,0.08333,4.091550244696121
DTXSID5023320,rat,217,oral,plasma,15,complete,0.3482242690813093,0.3218255435,0.6097116594937781,NA,43.07568808909624,0.16279,NA,NA,1.7509166179092828,0.5,NA
DTXSID5023794,rat,168,iv,plasma,20,ssd,6.652044053893882,5.31628661665,15.164856581627859,3.0065946403786477,NA,20.3,1.580187608198147,2.279728826021659,NA,0.08333,6.854220469833428
DTXSID5023794,rat,168,oral,plasma,30,ssd,4.959445809001611,1.7088905011,42.90122711889537,NA,6.049062971017586,0.629,NA,NA,8.650407479204182,0.66666,NA
DTXSID5023794,rat,168,oral,plasma,120,complete,-329123060768228.6,7.2257301368246285,2371581590135775e15,NA,-3.6460526260268666e-13,1.61,NA,NA,-7205759403792929,2.0006024623414542,NA
DTXSID5024219,rat,137,iv,plasma,20,ssd,8.593866801238178,7.552668875,7.818965608750906,2.3272410967689727,NA,14.55,0.6306467265492193,0.9098309049454169,NA,0.03333,2.1173958730994786
DTXSID5024219,rat,137,oral,plasma,40,ssd,-Inf,10.034965695141667,Inf,NA,-0,4.65,NA,NA,NA,0.16666,NA
DTXSID5024219,rat,137,oral,plasma,80,batch,54.716216992644576,52.291616823415474,136.15505578143535,NA,1.4620893840441178,19.15,NA,NA,2.4883857705246415,0.16666,NA
DTXSID5025231,rat,160,iv,plasma,5,ssd,-Inf,2.5998812641666667,Inf,-0,NA,7.4350000000000005,NA,NA,NA,0.03333,NA
DTXSID5025231,rat,160,oral,plasma,20,ssd,NA,NA,NA,NA,NA,0.05,NA,NA,NA,0.16666,NA
DTXSID5025231,rat,160,oral,plasma,40,ssd,3.000783259543304,0.7437503333333334,138.74505251130176,NA,13.329853088452543,0.05,NA,NA,46.23627916813216,0.16666,NA
DTXSID5025231,rat,160,oral,plasma,80,ssd,2.1564656411558776,1.8892176033333334,21.2197578956707,NA,37.09773922348216,0.1765,NA,NA,9.840063059987727,9,NA
DTXSID5025607,rat,158,iv,plasma,37,complete,9.017204107552153,9.017182284208873,6.7768034228686505,4.103267438408264,NA,59.1,0.5209288965563347,0.7515415357175839,NA,0.03356667831244085,3.083775912121303
DTXSID5025607,rat,170,oral,plasma,37,batch,0.4373405250604152,0.4301701022348485,0.8503987763727965,NA,84.60226729477844,0.561995,NA,NA,1.944477421239023,0.08333,NA
DTXSID5025607,rat,170,oral,plasma,75,ssd,2.1792205181439877,2.1565919741666666,5.832731682899214,NA,34.41597551764815,1.835,NA,NA,2.676522010662268,0.08333,NA
DTXSID5025607,rat,170,oral,plasma,150,complete,8.261472428492251,8.262147610981746,33.0611264417605,NA,18.156569703322916,16.39999,NA,NA,4.001844311401312,0.08398277825534119,NA
DTXSID5030955,rat,165,iv,plasma,6,batch,1.8634294294659883,1.8051912386083333,4.6023640261445316,3.2198697225252304,NA,3.3895,1.7119594647310075,2.469835429970349,NA,0.08333,7.95254832058161
DTXSID5032442,rat,192,iv,plasma,5,complete,6.0216316924032744,6.004245119461334,36.776519488294724,0.8303397244152051,NA,0.988,4.233327791581607,6.107401011372212,NA,0.08333,5.071217672675947
DTXSID5032442,rat,192,oral,plasma,5,complete,34.378431821007226,34.19689323617531,313.69601192806704,NA,0.14544002547971688,2.65,NA,NA,9.124791193540727,2,NA
DTXSID5032498,rat,192,iv,plasma,1,batch,0.054412171403274395,0.13246999225,-0.584379104223749,18.378241011345164,NA,0.3695,-7.444303692068103,-10.739860019418053,NA,0.08333,-197.37973586497512
DTXSID5032600,rat,192,iv,plasma,0.2,complete,4.2576611733446965,4.221032788678715,28.300326855752168,0.046974146569508664,NA,1.645,4.6072928235337995,6.6469185084355225,NA,0.08333,0.31223332425083017
DTXSID5032600,rat,192,oral,plasma,1,batch,8.594627484531243,8.575449062499999,71.29828627502927,NA,0.11635175600103868,1.09,NA,NA,8.29568080796441,0.5,NA
DTXSID5034773,rat,192,iv,plasma,0.4,complete,1.3397428317683162,1.210884401022724,27.009721987953572,0.2985647622178677,NA,0.252,13.974109209412475,20.16037805726017,NA,0.08333,6.019178480888201
DTXSID5034773,rat,192,oral,plasma,2,complete,5.3528361605829335,4.522460996103636,196.3309724822475,NA,0.3736337037041306,0.16949999999999998,NA,NA,36.67793420018794,8,NA
DTXSID5037523,rat,192,iv,plasma,1.02,complete,2.1970626039039245,2.1836238332400266,10.303723566281949,0.46425622928885985,NA,0.597,3.2507025182381692,4.689772402467472,NA,0.5,2.177256051792506
DTXSID5037523,rat,192,oral,plasma,5.02,complete,8.350085246574944,8.13685473766673,68.93175903316222,NA,0.6011914671241366,1.22,NA,NA,8.255216204102444,0.25,NA
DTXSID50881104,rat,207,iv,plasma,20,complete,6.864700263429751,6.7849125,11.238552556176487,2.9134556837894,NA,7.86719,1.1347867669310971,1.6371512411179139,NA,0.16,4.7697675886578565
DTXSID50881104,rat,207,oral,plasma,20,complete,1.0002382321535896,0.9714473,1.8925066874134326,NA,19.995236491749036,1.22224,NA,NA,1.8920559388524079,0.16,NA
DTXSID6020438,rat,18,oral,blood,100,batch,NA,NA,NA,NA,NA,58.18181,NA,NA,NA,0.0687,NA
DTXSID6021117,rat,197,iv,plasma,15,complete,17.620182402438395,14.93138875,40.8423072203731,0.8512965222155817,NA,9.83278,1.6066649851165573,2.3179276063975975,NA,0.5,1.9732437100737628
DTXSID6022923,rat,206,oral,plasma,18,complete,31.547744224746424,23.1592804712,189.38750666427066,NA,0.5705637738079729,10.1,NA,NA,6.003202806358271,0.125,NA
DTXSID6022923,rat,209,iv,plasma,60,complete,45.88695679097579,44.91977263995,22.011139946564928,1.3075611065975008,NA,128.63251,0.3324901161864002,0.4796818417667148,NA,0.03333,0.6272133198352129
DTXSID6023733,rat,227,iv,plasma,10,complete,23.259279000245666,22.830134,15.324441253287532,0.42993594083008246,NA,69.905,0.4566819654324012,0.6588528067927503,NA,0.017,0.28326450135698167
DTXSID6023733,rat,227,iv,plasma,50,complete,154.7273624017855,153.691150335,90.37893786846074,0.3231490489068339,NA,290.00099,0.40487929861333377,0.5841173562680584,NA,0.017,0.18875696812799733
DTXSID6023733,rat,227,iv,plasma,100,complete,393.31008640949335,392.346231665,305.45772042368185,0.2542523150445864,NA,510.987,0.5383212000098674,0.7766333256596315,NA,0.017,0.1974608209897375
DTXSID6023733,rat,228,oral,plasma,200,complete,491.48597778612304,458.26277375,769.4403476411344,NA,0.4069292086437363,332.84343,NA,NA,1.5655387588208407,0.5,NA
DTXSID6023733,rat,228,oral,plasma,600,complete,3137.9846498994057,2159.56462625,10973.371404103724,NA,0.191205524226906,840.54312,NA,NA,3.4969487197636537,0.5,NA
DTXSID6023947,rat,167,iv,plasma,10,complete,NA,0.8620271553697542,6467744918455096e14,NA,NA,5.125,NA,NA,NA,0.05,61.944339913371095
DTXSID6023947,rat,167,iv,plasma,50,complete,5.994615461908017,5.674733090099139,3.5407123661949544,8.340818575890031,NA,20.70499,0.40940654315474817,0.5906487895168486,NA,0.05,4.926494395429092
DTXSID6034392,rat,192,iv,plasma,1,batch,-Inf,0.3453240744333333,Inf,-0,NA,0.418,NA,NA,NA,0.08333,NA
DTXSID6034392,rat,192,oral,plasma,5,complete,Inf,0.3221899536198578,Inf,NA,0,0.03995,NA,NA,NA,0.5,NA
DTXSID6034849,rat,192,iv,plasma,1,complete,NA,0.043911279383322385,Inf,0,NA,0.108,NA,NA,NA,0.08333,NA
DTXSID6034849,rat,192,oral,plasma,5,complete,Inf,0.0031141440425669943,Inf,NA,0,0.0028,NA,NA,NA,0.25,NA
DTXSID7020182,rat,192,iv,plasma,0.6,batch,-Inf,0.5786600676666667,Inf,-0,NA,0.31,NA,NA,NA,0.08333,NA
DTXSID7020687,rabbit,28,oral,blood,25,complete,-21757.289210909745,78700.94148,21924839.065119088,NA,-0.0011490402024653082,86.012,NA,NA,-1007.7008607361495,2016,NA
DTXSID7021106,rat,161,iv,plasma,5,batch,384.1616318018257,349.44325249999997,3100.0214360292193,0.013015354960224943,NA,68,5.59340376596358,8.06957587484531,NA,0.08333,0.10502839438957944
DTXSID7021106,rat,161,oral,plasma,9.5,ssd,624.5301649692791,606.92046,8242.853127487051,NA,0.015211434984036855,38.27,NA,NA,13.198486782287803,2,NA
DTXSID7021106,rat,161,oral,plasma,18.75,batch,-551.176410760547,769.4291641666666,225311.86131936542,NA,-0.03401814670211956,93,NA,NA,-408.78357077812217,6,NA
DTXSID7021106,rat,161,oral,plasma,38,ssd,2123.4390925732787,2121.0733525,24199.788123236773,NA,0.017895497983862536,131.11,NA,NA,11.396506830770637,4,NA
DTXSID7021106,rat,161,oral,plasma,75,batch,3120.171420231182,3007.2374916666668,35688.8791659188,NA,0.024037140880690155,219,NA,NA,11.438114885134905,4,NA
DTXSID7021106,rat,161,oral,plasma,150,complete,NA,NA,NA,NA,NA,246.5,NA,NA,NA,2,NA
DTXSID7022253,rat,192,iv,plasma,0.8,complete,NA,0.03202608007825321,Inf,0,NA,0.0527,NA,NA,NA,0.08333,NA
DTXSID7022253,rat,192,oral,plasma,4,batch,-Inf,0.10398937500000001,Inf,NA,-0,0.0359,NA,NA,NA,1,NA
DTXSID7022413,rat,157,iv,plasma,17,ssd,2.3148438586319657,2.2562253855583334,1.761772988219231,7.343907856509475,NA,10.045,0.5275379481934128,0.7610763817393755,NA,0.03333,5.589274819259604
DTXSID7022413,rat,157,oral,plasma,17,ssd,0.7399497954333938,0.3681409950583333,11.309019161153406,NA,22.97453165730383,0.292,NA,NA,15.283495219469092,0.08333,NA
DTXSID7022413,rat,157,oral,plasma,70,ssd,4.396987123098052,2.053517975,57.19704808421614,NA,15.919992040067436,1.02,NA,NA,13.008236431658219,0.08333,NA
DTXSID7022413,rat,157,oral,plasma,140,ssd,6.135184763306009,5.782341421116667,25.906199211349964,NA,22.81919867146096,1.835,NA,NA,4.222562190187428,0.16666,NA
DTXSID7023510,rat,140,oral,plasma,30,ssd,101.07194281697336,100.983744375,447.3198306335931,NA,0.2968182777917473,17.3,NA,NA,4.425756725025306,1.5,NA
DTXSID7023510,rat,140,oral,plasma,80,ssd,360.968393303482,360.71499812499997,1838.4025133820137,NA,0.22162605226419502,48.25,NA,NA,5.09297364391787,3,NA
DTXSID7023510,rat,140,oral,plasma,130,ssd,585.345263483105,585.2787462499999,3357.647783317596,NA,0.22209114536339325,76.65,NA,NA,5.736183399414333,3,NA
DTXSID7029904,rat,131,iv,plasma,12,batch,3.4201060206748535,3.409286583333333,23.800031047837336,3.5086631605742347,NA,3.755,4.8235125806984325,6.958857679839155,NA,0.08333,24.416287580930735
DTXSID7029904,rat,131,iv,plasma,40,batch,14.914599907411192,14.906835083333334,76.88493919004499,2.6819358379250695,NA,22.799999999999997,3.573181926296326,5.155011845261783,NA,0.08333,13.825411012735819
DTXSID7029904,rat,131,oral,plasma,12,complete,-81.16332734661394,1.1175156013117842,30687779.367039297,NA,-0.14785002527992872,0.396,NA,NA,-378099.0796001362,0.08391236759489873,NA
DTXSID7029904,rat,131,oral,plasma,24,batch,1.5947537390935695,1.5742880897666667,15.732616478925781,NA,15.049345495588042,0.924,NA,NA,9.865232539205664,0.75,NA
DTXSID7029904,rat,131,oral,plasma,40,complete,242442316.69632858,2.771720595127831,26656814327157477e4,NA,1.6498769911567068e-7,1.12999,NA,NA,1099511615397.8392,0.7505723664188054,NA
DTXSID7029904,rat,131,oral,plasma,48,complete,-193953847.49723065,3.6424557599625507,17060361162677725e4,NA,-2.4748155615054435e-7,1.04,NA,NA,-879609318547.8735,0.7505061158566534,NA
DTXSID7029904,rat,131,oral,plasma,80,batch,6.176330157315244,6.16613571815,48.71545962071263,NA,12.952675450040187,0.963,NA,NA,7.8874442233328566,0.75,NA
DTXSID7029904,rat,131,oral,plasma,160,batch,22.679761646222445,22.672840871833333,209.02432375773245,NA,7.054747862689716,2.06,NA,NA,9.216336883000164,6,NA
DTXSID7030066,rat,178,oral,plasma,6,ssd,NA,NA,NA,NA,NA,1.4999999999999999e-5,NA,NA,NA,0.5,NA
DTXSID7030066,rat,178,oral,plasma,200,ssd,NA,NA,NA,NA,NA,1.4999999999999999e-5,NA,NA,NA,0.5,NA
DTXSID7046627,rat,198,iv,plasma,1,complete,0.6432115387252595,0.6107076517500001,1.3841444501584523,1.5546984775519375,NA,1.94795,1.4916023195361714,2.1519272693733096,NA,0.0333,3.345598049497182
DTXSID7046627,rat,198,oral,plasma,10,complete,2.450082969024826,2.31618,8.74586717075966,NA,4.081494433627351,0.6215,NA,NA,3.569620817469974,1,NA
DTXSID80108992,rat,148,iv,plasma,2,batch,4160.565790118547,4048.3753669021876,3933310.4875544067,4.807038515651051e-4,NA,5.51,655.2866153902396,945.3787503844122,NA,0.08333,0.454447206497593
DTXSID80108992,rat,148,oral,plasma,2,batch,7009.410742565883,6477.304615085521,9095938.860909682,NA,2.853306894764559e-4,6.655,NA,NA,1297.6752533095241,12,NA
DTXSID80108992,rat,148,oral,plasma,20,batch,91167.52925804131,85226.60994463552,103928197.1602879,NA,2.1937635211536597e-4,109.5,NA,NA,1139.969438747525,12,NA
DTXSID8020541,rat,222,iv,plasma,40,complete,44.98725641227197,41.9465387017,70.23175071124449,0.8891406853850392,NA,54.26627,1.0821051087260456,1.5611476740796786,NA,0.08333,1.3880799129184653
DTXSID8020541,rat,223,iv,plasma,25,complete,80.13362557376921,78.61631049115,34.71163838568392,0.31197889551353897,NA,460.69128,0.3002519118207604,0.43317194420124133,NA,0.01666,0.1351405047193556
DTXSID8020541,rat,223,oral,plasma,25,complete,16.71974379103058,12.10044875,157.39824689235195,NA,1.4952382232921189,4.11735,NA,NA,9.413915001304582,0.25,NA
DTXSID8020913,rat,169,iv,blood,1,complete,Inf,0.16941395497643993,Inf,0,NA,1.3599999999999999,NA,NA,NA,0.03333,NA
DTXSID8020913,rat,169,iv,blood,3,complete,Inf,0.9842374024341806,Inf,0,NA,2.825,NA,NA,NA,0.03333,NA
DTXSID8020913,rat,169,iv,blood,10,complete,3.1921407721429085,2.9806335967869084,7.696451395222309,3.1326939235474014,NA,9.370000000000001,1.6712212792964412,2.4110626518690847,NA,0.08333,7.553121318802366
DTXSID8021359,rat,225,oral,plasma,20,complete,671.8195878398062,513.76403,5526.1611857621065,NA,0.029769897100364023,85.9091,NA,NA,8.225662493008176,1,NA
DTXSID8021359,rat,226,iv,plasma,10,complete,337.5950416961991,185.97305863764998,2564.0496888488856,0.02962128812602341,NA,64.16379,5.2644843470200176,7.595045460283352,NA,0.16666,0.22497502990929924
DTXSID8022292,rat,192,iv,plasma,1,batch,-Inf,0.042366677916666665,Inf,-0,NA,0.0067,NA,NA,NA,1,NA
DTXSID8022292,rat,192,oral,plasma,5,batch,-Inf,0.316003547125,Inf,NA,-0,0.03625,NA,NA,NA,1,NA
DTXSID8023393,rat,220,iv,plasma,1,complete,0.4806435412330361,0.46226242430000003,0.10267266883135108,2.080543925410116,NA,16.2465,0.14806663320273578,0.21361499744271206,NA,0.01666,0.44443538530593213
DTXSID8023393,rat,220,iv,plasma,4,complete,1.3865065799030343,1.35959789,0.39013148742394693,2.8849484437929904,NA,37.11162,0.19503588693713836,0.28137730687959006,NA,0.01666,0.811759023600936
DTXSID8023393,rat,220,iv,plasma,8,complete,3.4327386297965963,3.415105668,0.9005067366410747,2.3305007641883972,NA,104.21734,0.1818325753554338,0.26232895473735307,NA,0.01666,0.6113578294841449
DTXSID8023393,rat,220,iv,plasma,20,complete,8.171168105230342,8.1328963125,3.108204113175991,2.447630466346428,NA,174.64252,0.26366400616255964,0.38038675415164186,NA,0.01666,0.9310462084561871
DTXSID8023393,rat,220,oral,plasma,4,complete,0.08740460984156424,0.07240750895,0.0486488776947675,NA,45.76417659492654,0.24355,NA,NA,0.5565939574920806,0.08333,NA
DTXSID8023393,rat,220,oral,plasma,8,complete,0.1467306039479569,0.13195528515,0.0925683694074006,NA,54.52168657901441,0.298,NA,NA,0.6308729529950902,0.16666,NA
DTXSID8023393,rat,220,oral,plasma,20,complete,0.515894955183366,0.4787143846,0.37099757097749964,NA,38.76758204175759,1.11273,NA,NA,0.7191339385081502,0.08333,NA
DTXSID8024151,rat,192,iv,plasma,1,complete,NA,0.08274193402824345,Inf,0,NA,0.139,NA,NA,NA,0.08333,NA
DTXSID8024151,rat,192,oral,plasma,5,batch,-Inf,0.019315885416666668,Inf,NA,-0,2.2500000000000002e-4,NA,NA,NA,0.25,NA
DTXSID8024521,human,51,oral,blood,0.067114,complete,0.01321072513107907,0.011510666450000002,0.06331784371717314,NA,5.080266172680411,0.00621,NA,NA,4.792912053571827,1.04268,NA
DTXSID8024521,human,51,oral,blood,0.201342,complete,0.03624945618333459,0.035072708849999995,0.1513203320142357,NA,5.554345394361128,0.01483,NA,NA,4.174416610525706,1.01601,NA
DTXSID8025337,rat,172,iv,plasma,10,ssd,-Inf,226.41720566666666,Inf,-0,NA,13.45,NA,NA,NA,1,NA
DTXSID8025337,rat,172,iv,plasma,30,ssd,625.0618636763684,608.73480755555,10807.979937171845,0.04799524933988419,NA,45.05,11.985246991292888,17.29105639816762,NA,0.16666,0.8298885631800547
DTXSID8025337,rat,172,iv,plasma,90,batch,2534.478485037342,2440.2783758055584,51590.88973413574,0.03551026395817835,NA,175.75,14.109443016742883,20.355623469960374,NA,1,0.7228335624515833
DTXSID8025337,rat,172,oral,plasma,36,batch,1092.5467795355366,1022.49857825,25329.807585905524,NA,0.03295053417786314,49.349999999999994,NA,NA,23.184185849391024,2,NA
DTXSID8025337,rat,172,oral,plasma,300,batch,9473.30382386366,9242.60898780555,202691.2301637886,NA,0.03166793819536191,380.20000000000005,NA,NA,21.39604449856244,8,NA
DTXSID8025337,rat,172,oral,plasma,600,ssd,21674.685128334982,21035.664234527776,465353.8705357475,NA,0.02768206303562995,746.6500000000001,NA,NA,21.469925296741568,5,NA
DTXSID8031865,rat,146,iv,plasma,6,batch,12655.230281338645,12378.195159383871,3242886.11242534,4.7411227347222414e-4,NA,57.3,177.6180532265161,256.24868456224675,NA,0.08333,0.12149064641207365
DTXSID8031865,rat,146,iv,plasma,40,batch,-Inf,1235.5796890505376,Inf,-0,NA,350,NA,NA,NA,0.08333,NA
DTXSID8031865,rat,146,oral,plasma,6,ssd,14873.549739162823,13594.414448854166,6277886.856073156,NA,4.0340067470253526e-4,45.6,NA,NA,422.08396557434816,6,NA
DTXSID8031865,rat,146,oral,plasma,12,batch,27891.539103355553,27376.991925937502,9007140.269086353,NA,4.3023799997312853e-4,83,NA,NA,322.93450123742826,12,NA
DTXSID8031865,rat,146,oral,plasma,40,ssd,1754.3136981151522,1753.5907305208334,14435.799478892877,NA,0.022800939217983818,134,NA,NA,8.228744662030975,6,NA
DTXSID8031865,rat,146,oral,plasma,48,ssd,64016.64735013979,61982.098103854165,18019722.298888993,NA,7.498049645971531e-4,273,NA,NA,281.4849425076873,6,NA
DTXSID8031865,rat,146,oral,plasma,80,batch,2899.794669967782,2899.3807238541667,53136.181848589724,NA,0.027588160233734355,268,NA,NA,18.324118738096754,9,NA
DTXSID8031865,rat,146,oral,plasma,320,ssd,20297.318541173914,20297.1044571875,585808.616631848,NA,0.015765629304721574,445,NA,NA,28.861379666654592,1,NA
DTXSID8031865,rat,192,iv,plasma,0.2,complete,28.04839690860976,9.958344499846106,4420.485762465157,0.007130532295719469,NA,0.239,109.24143910761477,157.6020824601295,NA,0.08333,1.1237867388545963
DTXSID8031865,rat,192,oral,plasma,1,complete,144.10831366348674,71.534307525922,14976.180431727791,NA,0.006939224910612314,1.119995,NA,NA,103.92308431767016,8,NA
DTXSID8032673,rat,192,iv,plasma,0.203,complete,Inf,0.3951147353596387,Inf,0,NA,1.0175,NA,NA,NA,0.0833,NA
DTXSID8032673,rat,192,oral,plasma,1.037,complete,3.048839770006392,3.0454264891991896,8.328193027523437,NA,0.34012938633302653,1.38,NA,NA,2.731594198374674,0.25,NA
DTXSID8034586,rat,192,iv,plasma,0.4,batch,0.06481141546510924,0.0638866020875,0.33567986633962577,6.171752261996764,NA,0.133995,3.590039675175897,5.179332435970892,NA,0.08333,31.96555667733656
DTXSID8034586,rat,192,oral,plasma,2,batch,0.15791762722174946,0.15472650000000002,1.3583961071110795,NA,12.664830615720819,0.0297,NA,NA,8.601928302808188,1,NA
DTXSID9020247,rat,192,iv,plasma,1,complete,Inf,0.011847999097102864,Inf,0,NA,0.017750000000000002,NA,NA,NA,0.08333,NA
DTXSID9020247,rat,192,oral,plasma,5,complete,NA,0.009996612727443,Inf,NA,0,0.0065,NA,NA,NA,0.25,NA
DTXSID9021924,rat,149,iv,plasma,10,ssd,7.53024011316045,7.474016376383333,7.978536064510222,1.327978902362383,NA,5.354995000000001,0.7344121429070911,1.0595327565406971,NA,0.03333,1.4070371470479046
DTXSID9021924,rat,149,oral,plasma,10,complete,-15255723829.200912,6.19108733486472,5591281915626122e6,NA,-6.554916772194738e-10,8.1,NA,NA,-366503876068.06793,0.16676808506643123,NA
DTXSID9021924,rat,149,oral,plasma,50,ssd,240.40232047821164,132.682921610275,1819.040208378478,NA,0.20798468126488673,37.650000000000006,NA,NA,7.566649958952217,0.33333,NA
DTXSID9021924,rat,149,oral,plasma,200,ssd,217.10580599770287,700.0036837777834,1948.4861869133651,NA,0.9212098178623382,103.5,NA,NA,8.974823026768716,0.66666,NA
DTXSID9021924,rat,162,iv,plasma,0.5,ssd,16368852491789.188,0.2685945241666667,2268269476384725e13,3.054581866693502e-14,NA,0.527,960509964333121.25,1385722962267829.3,NA,0.08333,42.32804232804115
DTXSID9021924,rat,162,iv,plasma,2.5,ssd,8.80810629619972,8.792557309000001,24.439046404680514,0.2838294539064125,NA,3.26,1.9232120436928324,2.774608478013578,NA,0.08333,0.7875156091186961
DTXSID9021924,rat,162,iv,plasma,5,ssd,16.747443836319256,16.695133863891666,59.07685415738589,0.29855302390426747,NA,6.26,2.4450868619567707,3.5275146902877905,NA,0.08333,1.0531501776521455
DTXSID9021924,rat,162,oral,plasma,5,ssd,20.469419620371987,20.12417369,86.45031245493757,NA,0.2442668181477798,3.23,NA,NA,4.223388550249796,1,NA
DTXSID9021924,rat,162,oral,plasma,25,ssd,-Inf,254.722938427775,Inf,NA,-0,18.950000000000003,NA,NA,NA,1,NA
DTXSID9021924,rat,162,oral,plasma,100,batch,-Inf,2131.828957584479,Inf,NA,-0,66.9,NA,NA,NA,8,NA
DTXSID9022360,rat,60,iv,blood,2,batch,NA,NA,NA,NA,NA,0.15912,NA,NA,NA,0.15731,NA
DTXSID9022360,rat,60,iv,blood,4,ssd,NA,NA,NA,NA,NA,0.31668,NA,NA,NA,0.15764,NA
DTXSID9022360,rat,60,iv,blood,8,ssd,NA,NA,NA,NA,NA,0.94156,NA,NA,NA,0.15814,NA
DTXSID9022360,rat,60,oral,blood,50,ssd,NA,NA,NA,NA,NA,0.1364,NA,NA,NA,0.55288,NA
DTXSID9022360,rat,60,oral,blood,125,ssd,NA,NA,NA,NA,NA,0.27135,NA,NA,NA,1.03822,NA
DTXSID9022360,rat,60,oral,blood,250,batch,NA,NA,NA,NA,NA,0.37851,NA,NA,NA,0.99006,NA
DTXSID9025617,rat,151,iv,plasma,10,batch,15.625667586375327,15.340527980558333,28.16536960764788,0.639972656830318,NA,11.155,1.2494023967329626,1.8025066418414304,NA,0.03333,1.1535549645335548
DTXSID9030258,rat,175,iv,plasma,2.5,ssd,0.9236545276131561,0.8866755566833334,0.34177914200203285,2.7066396853597703,NA,3.6705,0.25648469375784383,0.37002919574836574,NA,0.03333,1.0015357059542853
DTXSID9030258,rat,175,iv,plasma,10,ssd,6.917672434499273,6.8947860411583335,3.3401994383923213,1.445572928566086,NA,18.935000000000002,0.3346862467328054,0.4828501884151584,NA,0.03333,0.6979951609259869
DTXSID9030258,rat,175,iv,plasma,40,ssd,56.83085977552844,56.82079338670833,57.575701352307874,0.7038429500801628,NA,56.32,0.7022317666624206,1.0131062873185699,NA,0.03333,0.7130677180110634
DTXSID9030258,rat,175,oral,plasma,10,ssd,4.5567668088909965,4.52749007725,4.461132120833919,NA,2.194538456628583,4.223000000000001,NA,NA,0.9790125999271065,0.16666,NA
DTXSID9030258,rat,175,oral,plasma,30,ssd,28.090018282787227,27.166833632475,30.730215350316044,NA,1.0679950328969048,18.35,NA,NA,1.093990578466325,0.33333,NA
DTXSID9030258,rat,175,oral,plasma,100,ssd,153.5985252049384,153.59640768055831,305.83995786685864,NA,0.6510479177230073,48.019999999999996,NA,NA,1.991164677257106,0.33333,NA
DTXSID9030258,rat,175,oral,plasma,400,ssd,1187.342731278674,1175.7466741388832,4694.3490120050765,NA,0.33688672146856175,250.8,NA,NA,3.953659620208931,0.08333,NA
DTXSID9032329,rat,192,iv,plasma,1,ssd,0.25668697515177435,0.2566174380517857,0.49552624206953483,3.8957956452941103,NA,1.0005,1.3380991278613723,1.9304689759834488,NA,0.0833,7.5207126300117
DTXSID9032329,rat,192,oral,plasma,5,complete,Inf,0.006076625597794401,Inf,NA,0,0.004999999999999999,NA,NA,NA,0.5,NA
DTXSID9032329,rat,192,oral,plasma,5.18,complete,NA,0.013077476011881986,Inf,NA,0,0.00783,NA,NA,NA,0.25,NA
