Chemical,Species,method,model,coefs_vector,tk_fun,Vdist,Fgutabs,Fgutabs_Vdist,Rblood2plasma,kelim,kgutabs,k12,k21,V1,Fgutabs_V1,Time.Units,Time_trans.Units,Reference,Route,Media,Dose,Dose.Units,Conc.Units,CLtot,CLtot/Fgutabs,Css,halflife,tmax,Cmax,AUC_infinity,Vss,Vss/Fgutabs
DTXSID1034187,rat,L-BFGS-B,model_flat,,tkstats_flat,NA,NA,0.015875147928367247,1,NA,NA,NA,NA,NA,NA,hours,hours,141,oral,plasma,1,mg/kg,mg/L,0,0,0.015875147928367247,Inf,NA,0.015875147928367247,Inf,NA,62.9915390087864
DTXSID2021315,rat,L-BFGS-B,model_flat,,tkstats_flat,NA,NA,0.01,1,NA,NA,NA,NA,NA,NA,hours,hours,177,oral,plasma,1,mg/kg,mg/L,0,0,0.01,Inf,NA,0.01,Inf,NA,100
DTXSID3032179,rat,L-BFGS-B,model_flat,,tkstats_flat,NA,NA,0.033733116039393864,1,NA,NA,NA,NA,NA,NA,hours,hours,179,oral,plasma,1,mg/kg,mg/L,0,0,0.033733116039393864,Inf,NA,0.033733116039393864,Inf,NA,29.64445973008216
DTXSID4020533,mouse,L-BFGS-B,model_flat,,tkstats_flat,NA,NA,0.511024788116677,1,NA,NA,NA,NA,NA,NA,hours,hours,56,oral,blood,1,mg/kg,mg/L,0,0,0.511024788116677,Inf,NA,0.511024788116677,Inf,NA,1.9568522374137367
DTXSID0020442,hamster,L-BFGS-B,model_1comp,,tkstats_1comp,0.0501272483406422,0.1762347544916709,NA,1,8.188400067841105,9.233772498763447,NA,NA,NA,NA,hours,hours,164,iv,plasma,1,mg/kg,mg/L,0.41046196371320254,2.329063667930502,58.47070404011722,0.08464989189795358,0,19.94922987203388,2.436279335004884,0.0501272483406422,0.28443452306117795
DTXSID0020442,hamster,L-BFGS-B,model_1comp,,tkstats_1comp,0.0501272483406422,0.1762347544916709,NA,1,8.188400067841105,9.233772498763447,NA,NA,NA,NA,hours,hours,164,oral,plasma,1,mg/kg,mg/L,0.41046196371320254,2.329063667930502,10.30457017146521,0.08464989189795358,0.11493431050377555,1.3718004627173264,0.4293570904777168,0.0501272483406422,0.28443452306117795
DTXSID0020442,mouse,L-BFGS-B,model_1comp,,tkstats_1comp,0.12162900296544348,0.5354562720459316,NA,1,0.7505942900046413,8.289835517590571,NA,NA,NA,NA,hours,hours,164,iv,plasma,1,mg/kg,mg/L,0.09129403512481946,0.17049764825051525,262.88683556583527,0.92346449978411,0,8.221723237212709,10.953618148576469,0.12162900296544348,0.22715020687069307
DTXSID0020442,mouse,L-BFGS-B,model_1comp,,tkstats_1comp,0.12162900296544348,0.5354562720459316,NA,1,0.7505942900046413,8.289835517590571,NA,NA,NA,NA,hours,hours,164,oral,plasma,1,mg/kg,mg/L,0.09129403512481946,0.17049764825051525,140.764404942034,0.92346449978411,0.31858910663988793,3.466039583537983,5.865183539251416,0.12162900296544348,0.22715020687069307
DTXSID0020868,rat,L-BFGS-B,model_1comp,,tkstats_1comp,NA,NA,0.6569356766922172,1,1.1578069275047578,21.81733664178852,NA,NA,NA,NA,hours,hours,18,oral,blood,1,mg/kg,mg/L,NA,1.762435758299066,13.617517624110453,0.5986725110150949,0.14212217398794344,0.5572623149444375,0.5673965676712689,NA,1.522219047434248
DTXSID0021125,rat,L-BFGS-B,model_1comp,,tkstats_1comp,0.03646653707434664,NA,NA,1,32.22210358441887,NA,NA,NA,NA,NA,hours,hours,139,iv,plasma,1,mg/kg,mg/L,1.1750285349746483,NA,20.42503589116481,0.021511543426827026,0,27.4224009250244,0.8510431621318671,0.03646653707434664,NA
DTXSID0021383,rat,L-BFGS-B,model_1comp,,tkstats_1comp,NA,NA,1.96398083169058,1,17.97083581072776,7.715966614764293,NA,NA,NA,NA,hours,hours,18,oral,blood,1,mg/kg,mg/L,NA,9.150209371065296,2.6228908024654136,0.038570670160269806,0.08244458575982144,0.44636214857884415,0.10928711676939223,NA,0.5091699388630018
DTXSID0021383,rat,L-BFGS-B,model_1comp,,tkstats_1comp,NA,NA,1.96398083169058,1,17.97083581072776,7.715966614764293,NA,NA,NA,NA,hours,hours,29,oral,blood,1,mg/kg,mg/L,NA,9.150209371065296,2.6228908024654136,0.038570670160269806,0.08244458575982144,0.44636214857884415,0.10928711676939223,NA,0.5091699388630018
DTXSID0021961,mouse,L-BFGS-B,model_1comp,,tkstats_1comp,2.7319780076985296,0.2612330017301688,NA,1,2.9875183560482514,8.383383491569013,NA,NA,NA,NA,hours,hours,171,oral,plasma,1,mg/kg,mg/L,8.161834446319489,31.24350442808892,0.7681596683636815,0.23201436709390055,0.19122207533217292,0.0540066606372739,0.032006652848486736,2.7319780076985296,10.458012539014607
DTXSID0021961,mouse,L-BFGS-B,model_1comp,,tkstats_1comp,2.7319780076985296,0.2612330017301688,NA,1,2.9875183560482514,8.383383491569013,NA,NA,NA,NA,hours,hours,171,iv,plasma,1,mg/kg,mg/L,8.161834446319489,31.24350442808892,2.940515414500058,0.23201436709390055,0,0.36603515737757314,0.12252147560416907,2.7319780076985296,10.458012539014607
DTXSID0021961,rat,L-BFGS-B,model_1comp,,tkstats_1comp,2.2246152223854545,0.29391555027768734,NA,3.6235471449043635,4.503030030526253,4.015487850402771,NA,NA,NA,NA,hours,hours,171,oral,plasma,1,mg/kg,mg/L,10.017509152767541,34.082950505011176,0.7041643884813115,0.15392906017971628,0.23503948582554277,0.04584740741555933,0.029340182853387995,2.2246152223854545,7.568892562110677
DTXSID0021961,rat,L-BFGS-B,model_1comp,,tkstats_1comp,2.2246152223854545,0.29391555027768734,NA,3.6235471449043635,4.503030030526253,4.015487850402771,NA,NA,NA,NA,hours,hours,171,oral,blood,1,mg/kg,mg/L,10.017509152767541,34.082950505011176,2.551572859424783,0.15392906017971628,0.23503948582554277,0.16613024224191716,0.10631553580936604,2.2246152223854545,7.568892562110677
DTXSID0021961,rat,L-BFGS-B,model_1comp,,tkstats_1comp,2.2246152223854545,0.29391555027768734,NA,3.6235471449043635,4.503030030526253,4.015487850402771,NA,NA,NA,NA,hours,hours,171,iv,plasma,1,mg/kg,mg/L,10.017509152767541,34.082950505011176,2.3958051481659504,0.15392906017971628,0,0.4495159387283614,0.09982521450691459,2.2246152223854545,7.568892562110677
DTXSID0022985,rat,L-BFGS-B,model_1comp,,tkstats_1comp,6.795805492623463,0.3731506031719339,NA,1,0.5904809922918416,8.473771291823878,NA,NA,NA,NA,hours,hours,136,oral,plasma,1,mg/kg,mg/L,4.01279397070665,10.753818797547819,2.2317653339549195,1.1738687436315673,0.33790376787679105,0.04497697829042608,0.09299022224812166,6.795805492623463,18.211964378072327
DTXSID0022985,rat,L-BFGS-B,model_1comp,,tkstats_1comp,6.795805492623463,0.3731506031719339,NA,1,0.5904809922918416,8.473771291823878,NA,NA,NA,NA,hours,hours,136,iv,plasma,1,mg/kg,mg/L,4.01279397070665,10.753818797547819,5.9808702303681,1.1738687436315673,0,0.1471495911831871,0.2492029262653375,6.795805492623463,18.211964378072327
DTXSID1020198,rat,L-BFGS-B,model_1comp,,tkstats_1comp,3.0955532772514545,NA,NA,1,6.634951338576946,NA,NA,NA,NA,NA,hours,hours,154,iv,plasma,1,mg/kg,mg/L,20.53884536053579,NA,1.1685174886274092,0.10446906769758019,0,0.3230440281382917,0.04868822869280872,3.0955532772514545,NA
DTXSID1023815,rat,L-BFGS-B,model_1comp,,tkstats_1comp,0.475829147829274,1,NA,1,2.8116506853258416,1.5739942697544642,NA,NA,NA,NA,hours,hours,153,iv,plasma,1,mg/kg,mg/L,1.3378653495921895,1.3378653495921893,17.93902503515449,0.24652677666451178,0,2.101594668090398,0.7474593764647703,0.475829147829274,0.475829147829274
DTXSID1023815,rat,L-BFGS-B,model_1comp,,tkstats_1comp,0.475829147829274,1,NA,1,2.8116506853258416,1.5739942697544642,NA,NA,NA,NA,hours,hours,133,iv,plasma,1,mg/kg,mg/L,1.3378653495921895,1.3378653495921893,17.93902503515449,0.24652677666451178,0,2.101594668090398,0.7474593764647703,0.475829147829274,0.475829147829274
DTXSID1023815,rat,L-BFGS-B,model_1comp,,tkstats_1comp,0.475829147829274,1,NA,1,2.8116506853258416,1.5739942697544642,NA,NA,NA,NA,hours,hours,153,oral,plasma,1,mg/kg,mg/L,1.3378653495921895,1.3378653495921893,17.939025035154494,0.24652677666451178,0.46875306155239005,0.5625510213200725,0.7474593764647703,0.475829147829274,0.475829147829274
DTXSID1023815,rat,L-BFGS-B,model_1comp,,tkstats_1comp,0.475829147829274,1,NA,1,2.8116506853258416,1.5739942697544642,NA,NA,NA,NA,hours,hours,133,oral,plasma,1,mg/kg,mg/L,1.3378653495921895,1.3378653495921893,17.939025035154494,0.24652677666451178,0.46875306155239005,0.5625510213200725,0.7474593764647703,0.475829147829274,0.475829147829274
DTXSID2020420,rat,L-BFGS-B,model_1comp,,tkstats_1comp,1.960458333793491,0,NA,1,6.5006704853785235,9.44072394154966,NA,NA,NA,NA,hours,hours,192,iv,plasma,1,mg/kg,mg/L,12.744293628305705,Inf,1.8831957815766907,0.10662702903015772,0,0.5100848014785389,0.07846649089902877,1.960458333793491,Inf
DTXSID2020420,rat,L-BFGS-B,model_1comp,,tkstats_1comp,1.960458333793491,0,NA,1,6.5006704853785235,9.44072394154966,NA,NA,NA,NA,hours,hours,192,oral,plasma,1,mg/kg,mg/L,12.744293628305705,Inf,0,0.10662702903015772,0.1269117546072992,0,0,1.960458333793491,Inf
DTXSID2020428,rat,L-BFGS-B,model_1comp,,tkstats_1comp,0.7489722787685988,1,NA,1,3.203746535107374,0.4682270960446432,NA,NA,NA,NA,hours,hours,134,iv,plasma,1,mg/kg,mg/L,2.399517342996373,2.399517342996373,10.002011475370395,0.21635518695511108,0,1.335162900346754,0.4167504781404331,0.7489722787685988,0.7489722787685988
DTXSID2020428,rat,L-BFGS-B,model_1comp,,tkstats_1comp,0.7489722787685988,1,NA,1,3.203746535107374,0.4682270960446432,NA,NA,NA,NA,hours,hours,134,oral,plasma,1,mg/kg,mg/L,2.399517342996373,2.399517342996373,10.002011475370395,0.21635518695511108,0.7030192301040629,0.14040248116656442,0.4167504781404331,0.7489722787685988,0.7489722787685988
DTXSID2021319,rat,L-BFGS-B,model_1comp,,tkstats_1comp,NA,NA,0.7171668831364408,1,1.0837506289997116,0.13866581405785464,NA,NA,NA,NA,hours,hours,4,oral,blood,1,mg/kg,mg/L,NA,1.5111554290684228,15.881887156237267,0.6395818023189629,2.1755891672642726,0.06786445703013441,0.6617452981765528,NA,1.3943755958538178
DTXSID2021731,rat,L-BFGS-B,model_1comp,,tkstats_1comp,0.9944348778120156,NA,NA,1,0.3025641330658175,NA,NA,NA,NA,NA,hours,hours,17,iv,blood,1,mg/kg,mg/L,0.3008803266956046,NA,79.7659330657414,2.2909099420887515,0,1.0055962660925861,3.3235805444058912,0.9944348778120156,NA
DTXSID2021781,rat,L-BFGS-B,model_1comp,,tkstats_1comp,1.2155648060049293,0,NA,1,9.894798853339708,0.01195081345793009,NA,NA,NA,NA,hours,hours,135,iv,plasma,1,mg/kg,mg/L,12.027769248617679,Inf,1.9953824773249837,0.07005166965329399,0,0.822662843692058,0.08314093655520766,1.2155648060049293,Inf
DTXSID2021781,rat,L-BFGS-B,model_1comp,,tkstats_1comp,1.2155648060049293,0,NA,1,9.894798853339708,0.01195081345793009,NA,NA,NA,NA,hours,hours,135,oral,plasma,1,mg/kg,mg/L,12.027769248617679,Inf,0,0.07005166965329399,0.6798612257064687,0,0,1.2155648060049293,Inf
DTXSID2032390,rat,L-BFGS-B,model_1comp,,tkstats_1comp,2.6536027264207047,0,NA,1,1.2864392080692786,0.004813522087221842,NA,NA,NA,NA,hours,hours,192,oral,plasma,1,mg/kg,mg/L,3.41369858990713,Inf,0,0.5388106769539764,4.360246817122211,0,0,2.6536027264207047,Inf
DTXSID2032390,rat,L-BFGS-B,model_1comp,,tkstats_1comp,2.6536027264207047,0,NA,1,1.2864392080692786,0.004813522087221842,NA,NA,NA,NA,hours,hours,192,iv,plasma,1,mg/kg,mg/L,3.41369858990713,Inf,7.0304976751485615,0.5388106769539764,0,0.37684616089795914,0.29293740313119004,2.6536027264207047,Inf
DTXSID2032552,rat,L-BFGS-B,model_1comp,,tkstats_1comp,2.4574666186891854,0,NA,1,14.112633287665547,2.7721580954361618,NA,NA,NA,NA,hours,hours,192,iv,plasma,1,mg/kg,mg/L,34.68132520623989,Inf,0.6920150789301991,0.04911536822584035,0,0.4069231266032011,0.028833961622091626,2.4574666186891854,Inf
DTXSID2032552,rat,L-BFGS-B,model_1comp,,tkstats_1comp,2.4574666186891854,0,NA,1,14.112633287665547,2.7721580954361618,NA,NA,NA,NA,hours,hours,192,oral,plasma,1,mg/kg,mg/L,34.68132520623989,Inf,0,0.04911536822584035,0.14350758974477207,0,0,2.4574666186891854,Inf
DTXSID2039336,rat,L-BFGS-B,model_1comp,,tkstats_1comp,13.862718712407352,0,NA,1,2.041312776367811,0.004813522087221842,NA,NA,NA,NA,hours,hours,192,oral,plasma,1,mg/kg,mg/L,28.298144822830256,Inf,0,0.33955951708355525,2.970744686577125,0,0,13.862718712407352,Inf
DTXSID2039336,rat,L-BFGS-B,model_1comp,,tkstats_1comp,13.862718712407352,0,NA,1,2.041312776367811,0.004813522087221842,NA,NA,NA,NA,hours,hours,192,iv,plasma,1,mg/kg,mg/L,28.298144822830256,Inf,0.8481121342144445,0.33955951708355525,0,0.07213592230685488,0.03533800559226852,13.862718712407352,Inf
DTXSID3022405,mouse,L-BFGS-B,model_1comp,,tkstats_1comp,0.9428759694114985,0.012526129399082882,NA,1,8.966786620546534,2.7651446324666886,NA,NA,NA,NA,hours,hours,129,iv,plasma,1,mg/kg,mg/L,8.454567627353867,674.9545177118226,2.8387022326665785,0.07730162541970886,0,1.0605848833162603,0.11827925969444077,0.9428759694114985,75.27273105453729
DTXSID3022405,mouse,L-BFGS-B,model_1comp,,tkstats_1comp,0.9428759694114985,0.012526129399082882,NA,1,8.966786620546534,2.7651446324666886,NA,NA,NA,NA,hours,hours,129,oral,plasma,1,mg/kg,mg/L,8.454567627353867,674.9545177118226,0.03555795149184704,0.07730162541970886,0.18969725049512035,0.0024245903431510687,0.0014815813121602929,0.9428759694114985,75.27273105453729
DTXSID3031862,rat,L-BFGS-B,model_1comp,,tkstats_1comp,1.0534079060133188,1,NA,1,0.2364975106420625,11.935294566409933,NA,NA,NA,NA,hours,hours,145,iv,plasma,1,mg/kg,mg/L,0.24912834746281765,0.24912834746281765,96.33588567668717,2.9308857360829443,0,0.9492998811681185,4.013995236528633,1.0534079060133188,1.0534079060133188
DTXSID3031862,rat,L-BFGS-B,model_1comp,,tkstats_1comp,1.0534079060133188,1,NA,1,0.2364975106420625,11.935294566409933,NA,NA,NA,NA,hours,hours,145,oral,plasma,1,mg/kg,mg/L,0.24912834746281765,0.24912834746281765,96.33588567668718,2.9308857360829443,0.335189807859244,0.876952817078249,4.013995236528633,1.0534079060133188,1.0534079060133188
DTXSID3034872,rat,L-BFGS-B,model_1comp,,tkstats_1comp,3.5212003767379554,1,NA,1,0.636559937774495,1.2341192929841929,NA,NA,NA,NA,hours,hours,192,iv,plasma,1,mg/kg,mg/L,2.2414550927078416,2.2414550927078416,10.707330286508773,1.0888953882069414,0,0.28399406253795795,0.4461387619378655,3.5212003767379554,3.5212003767379554
DTXSID3034872,rat,L-BFGS-B,model_1comp,,tkstats_1comp,3.5212003767379554,1,NA,1,0.636559937774495,1.2341192929841929,NA,NA,NA,NA,hours,hours,192,oral,plasma,1,mg/kg,mg/L,2.2414550927078416,2.2414550927078416,10.707330286508775,1.0888953882069414,1.1078971226721226,0.14028981750903283,0.44613876193786556,3.5212003767379554,3.5212003767379554
DTXSID3037707,rat,L-BFGS-B,model_1comp,,tkstats_1comp,0.23923150053390946,0.7872510290280235,NA,1,0.267770874246706,1.895764710990727,NA,NA,NA,NA,hours,hours,144,iv,plasma,1,mg/kg,mg/L,0.06405922804531625,0.08137077715148462,374.65328153848685,2.588583177725768,0,4.180051530706579,15.610553397436952,0.23923150053390946,0.30388210585037373
DTXSID3037707,rat,L-BFGS-B,model_1comp,,tkstats_1comp,0.23923150053390946,0.7872510290280235,NA,1,0.267770874246706,1.895764710990727,NA,NA,NA,NA,hours,hours,144,oral,plasma,1,mg/kg,mg/L,0.06405922804531625,0.08137077715148462,294.94618141989963,2.588583177725768,1.2022440536109498,2.3849770966273955,12.289424225829148,0.23923150053390946,0.30388210585037373
DTXSID3037709,rat,L-BFGS-B,model_1comp,,tkstats_1comp,0.28301718346715254,1,NA,1,0.005222631194911196,14.69989588547537,NA,NA,NA,NA,hours,hours,143,iv,plasma,1,mg/kg,mg/L,0.001478094371071456,0.001478094371071456,16237.122926462833,132.71991735417407,0,3.5333543629730233,676.546788602618,0.28301718346715254,0.28301718346715254
DTXSID3037709,rat,L-BFGS-B,model_1comp,,tkstats_1comp,0.28301718346715254,1,NA,1,0.005222631194911196,14.69989588547537,NA,NA,NA,NA,hours,hours,143,oral,plasma,1,mg/kg,mg/L,0.001478094371071456,0.001478094371071456,16237.122926462833,132.71991735417407,0.540508401748965,3.523394206358451,676.5467886026181,0.28301718346715254,0.28301718346715254
DTXSID30575892,rat,L-BFGS-B,model_1comp,,tkstats_1comp,1.539483118211998,NA,NA,1,4.211910095498567,NA,NA,NA,NA,NA,hours,hours,156,iv,plasma,1,mg/kg,mg/L,6.484164487446727,NA,3.7013249812622337,0.16456837036971392,0,0.6495686689708102,0.15422187421925976,1.539483118211998,NA
DTXSID3061635,rat,L-BFGS-B,model_1comp,,tkstats_1comp,NA,NA,0.07591971974222626,1,1.3832311161649438,1.3698755137049123,NA,NA,NA,NA,hours,hours,66,oral,blood,1,mg/kg,mg/L,NA,18.219655194480332,1.3172587375457485,0.5011072787906332,0.7264577649551709,0.027793925169668818,0.0548857807310729,NA,13.17180837067558
DTXSID4021268,rat,L-BFGS-B,model_1comp,,tkstats_1comp,3.3741294266411987,0.038369296326809244,NA,1,2.248660095819703,2.769530997695639,NA,NA,NA,NA,hours,hours,192,oral,plasma,1,mg/kg,mg/L,7.587270199819077,197.74327199526277,0.12136948963085305,0.3082489798473845,0.39999060101677675,0.004625929475009755,0.005057062067952208,3.3741294266411987,87.9382670430586
DTXSID4021268,rat,L-BFGS-B,model_1comp,,tkstats_1comp,3.3741294266411987,0.038369296326809244,NA,1,2.248660095819703,2.769530997695639,NA,NA,NA,NA,hours,hours,192,iv,plasma,1,mg/kg,mg/L,7.587270199819077,197.74327199526277,3.163193001953759,0.3082489798473845,0,0.296372744952898,0.13179970841473995,3.3741294266411987,87.9382670430586
DTXSID4022527,rat,L-BFGS-B,model_1comp,,tkstats_1comp,NA,NA,0.308732302626418,1,3.0009698737208335,7.133621656614748,NA,NA,NA,NA,hours,hours,64,oral,plasma,1,mg/kg,mg/L,NA,9.720297643593717,2.469060195478427,0.230974388190218,0.20952249778641868,0.16463054846362618,0.10287750814493447,NA,3.2390520573742863
DTXSID4023917,rat,L-BFGS-B,model_1comp,,tkstats_1comp,1.1571242306477192,NA,NA,1,3.297815769625086,NA,NA,NA,NA,NA,hours,hours,155,iv,plasma,1,mg/kg,mg/L,3.8159825352453436,NA,6.2893369606202745,0.21018371824898702,0,0.8642114420508105,0.26205570669251144,1.1571242306477192,NA
DTXSID4024642,rat,L-BFGS-B,model_1comp,,tkstats_1comp,0.8583782203082759,0.9075746468585564,NA,1,3.3359892372305784,0.9081374695407575,NA,NA,NA,NA,hours,hours,132,iv,plasma,1,mg/kg,mg/L,2.8635405044215467,3.155157004807587,8.381232939761805,0.2077786021682048,0,1.1649876200736575,0.3492180391567418,0.8583782203082759,0.9457935204332039
DTXSID4024642,rat,L-BFGS-B,model_1comp,,tkstats_1comp,0.8583782203082759,0.9075746468585564,NA,1,3.3359892372305784,0.9081374695407575,NA,NA,NA,NA,hours,hours,132,oral,plasma,1,mg/kg,mg/L,2.8635405044215467,3.155157004807587,7.6065945255436205,0.2077786021682048,0.5359177150865703,0.17691520484168466,0.31694143856431745,0.8583782203082759,0.9457935204332039
DTXSID4032376,rat,L-BFGS-B,model_1comp,,tkstats_1comp,4.438562175490046,0,NA,1,6.549537666227462,2.7682010616827477,NA,NA,NA,NA,hours,hours,192,oral,plasma,1,mg/kg,mg/L,29.07053015226456,Inf,0,0.10583146717884265,0.22774930637052387,0,0,4.438562175490046,Inf
DTXSID4032376,rat,L-BFGS-B,model_1comp,,tkstats_1comp,4.438562175490046,0,NA,1,6.549537666227462,2.7682010616827477,NA,NA,NA,NA,hours,hours,192,iv,plasma,1,mg/kg,mg/L,29.07053015226456,Inf,0.8255783391047112,0.10583146717884265,0,0.2252981845161589,0.034399097462696294,4.438562175490046,Inf
DTXSID4032405,rat,L-BFGS-B,model_1comp,,tkstats_1comp,43.68908092858941,0.5,NA,1,0.01925,2.772,NA,NA,NA,NA,hours,hours,192,oral,plasma,1,mg/kg,mg/L,0.8410148078753462,1.6820296157506922,14.26847647345898,36.00764574337378,1.8053994367726822,0.011053597634066515,0.5945198530607908,43.68908092858941,87.37816185717882
DTXSID4032405,rat,L-BFGS-B,model_1comp,,tkstats_1comp,43.68908092858941,0.5,NA,1,0.01925,2.772,NA,NA,NA,NA,hours,hours,192,iv,plasma,1,mg/kg,mg/L,0.8410148078753462,1.6820296157506922,28.536952946917957,36.00764574337378,0,0.022889014342840446,1.1890397061215816,43.68908092858941,87.37816185717882
DTXSID5020285,rat,L-BFGS-B,model_1comp,,tkstats_1comp,NA,NA,0.3185383551126685,1,2.836091392242185,16.23163997709214,NA,NA,NA,NA,hours,hours,176,oral,plasma,1,mg/kg,mg/L,NA,8.903453372951105,2.6955832747900437,0.24440227224551822,0.13023248562737325,0.2201681693544369,0.1123159697829185,NA,3.139339372950223
DTXSID5024219,rat,L-BFGS-B,model_1comp,,tkstats_1comp,1.6714169759343778,0.6831482827339681,NA,1,1.5776607191022263,4.619583331539499,NA,NA,NA,NA,hours,hours,137,iv,plasma,1,mg/kg,mg/L,2.636928908172299,3.8599656543368237,9.101496792583164,0.4393512319647429,0,0.5982947489455567,0.37922903302429845,1.6714169759343778,2.4466386261637747
DTXSID5024219,rat,L-BFGS-B,model_1comp,,tkstats_1comp,1.6714169759343778,0.6831482827339681,NA,1,1.5776607191022263,4.619583331539499,NA,NA,NA,NA,hours,hours,137,oral,plasma,1,mg/kg,mg/L,2.636928908172299,3.8599656543368237,6.217671904161907,0.4393512319647429,0.3531849614631974,0.23412007985468433,0.2590696626734128,1.6714169759343778,2.4466386261637747
DTXSID5025231,rat,L-BFGS-B,model_1comp,,tkstats_1comp,0.6211337642863559,0,NA,1,3.0566957028389035,0.086625,NA,NA,NA,NA,hours,hours,160,iv,plasma,1,mg/kg,mg/L,1.8986169081822566,Inf,12.640780715988512,0.22676355383239014,0,1.6099591706287901,0.5266991964995213,0.6211337642863559,Inf
DTXSID5025231,rat,L-BFGS-B,model_1comp,,tkstats_1comp,0.6211337642863559,0,NA,1,3.0566957028389035,0.086625,NA,NA,NA,NA,hours,hours,160,oral,plasma,1,mg/kg,mg/L,1.8986169081822566,Inf,0,0.22676355383239014,1.1998035315839717,0,0,0.6211337642863559,Inf
DTXSID5032442,rat,L-BFGS-B,model_1comp,,tkstats_1comp,2.8709272209043206,1,NA,1,0.07279708102964667,16.636197781349942,NA,NA,NA,NA,hours,hours,192,oral,plasma,1,mg/kg,mg/L,0.20899512153039015,0.20899512153039015,114.83521636417785,9.521634257253536,0.32793146945912094,0.3401027487449648,4.784800681840744,2.8709272209043206,2.8709272209043206
DTXSID5032442,rat,L-BFGS-B,model_1comp,,tkstats_1comp,2.8709272209043206,1,NA,1,0.07279708102964667,16.636197781349942,NA,NA,NA,NA,hours,hours,192,iv,plasma,1,mg/kg,mg/L,0.20899512153039015,0.20899512153039015,114.83521636417787,9.521634257253536,0,0.3483195229466693,4.7848006818407445,2.8709272209043206,2.8709272209043206
DTXSID5032498,rat,L-BFGS-B,model_1comp,,tkstats_1comp,1.6834493819883865,NA,NA,1,6.224073239740137,NA,NA,NA,NA,NA,hours,hours,192,iv,plasma,1,mg/kg,mg/L,10.477912248890988,NA,2.290532639509386,0.11136552445017261,0,0.5940184544300713,0.09543885997955774,1.6834493819883865,NA
DTXSID5037523,rat,L-BFGS-B,model_1comp,,tkstats_1comp,2.606174452525141,0.7108605107396155,NA,1,0.17342961623438374,1.5423512051490613,NA,NA,NA,NA,hours,hours,192,iv,plasma,1,mg/kg,mg/L,0.4519878351412904,0.6358319646579035,53.0987742015173,3.996705958359398,0,0.38370416801188917,2.2124489250632204,2.606174452525141,3.666224826321474
DTXSID5037523,rat,L-BFGS-B,model_1comp,,tkstats_1comp,2.606174452525141,0.7108605107396155,NA,1,0.17342961623438374,1.5423512051490613,NA,NA,NA,NA,hours,hours,192,oral,plasma,1,mg/kg,mg/L,0.4519878351412904,0.6358319646579035,37.745821748538106,3.996705958359398,1.596359834211481,0.20679681281708423,1.5727425728557545,2.606174452525141,3.666224826321474
DTXSID6020438,rat,L-BFGS-B,model_1comp,,tkstats_1comp,NA,NA,0.31970923781453825,1,0.656756019872477,31.16365466416973,NA,NA,NA,NA,hours,hours,18,oral,blood,1,mg/kg,mg/L,NA,2.054229100047018,11.68321488555034,1.055410471448034,0.1265187664754573,0.29421770585097595,0.4868006202312642,NA,3.127842056850716
DTXSID6023947,rat,L-BFGS-B,model_1comp,,tkstats_1comp,1.504657145739973,NA,NA,1,8.35825557393138,NA,NA,NA,NA,NA,hours,hours,167,iv,plasma,1,mg/kg,mg/L,12.57630897523681,NA,1.9083500609961823,0.08292964655469579,0,0.6646032305972346,0.07951458587484093,1.504657145739973,NA
DTXSID6034392,rat,L-BFGS-B,model_1comp,,tkstats_1comp,1.9507034005529562,0.06950473645935414,NA,1,2.7207579711221968,1.3857944352144018,NA,NA,NA,NA,hours,hours,192,oral,plasma,1,mg/kg,mg/L,5.307391826349631,76.36014603772155,0.3143000798891102,0.2547625286471371,0.5053598203758917,0.009009171512598562,0.013095836662046256,1.9507034005529562,28.06576213253774
DTXSID6034392,rat,L-BFGS-B,model_1comp,,tkstats_1comp,1.9507034005529562,0.06950473645935414,NA,1,2.7207579711221968,1.3857944352144018,NA,NA,NA,NA,hours,hours,192,iv,plasma,1,mg/kg,mg/L,5.307391826349631,76.36014603772155,4.521995131553524,0.2547625286471371,0,0.5126355958145841,0.18841646381473018,1.9507034005529562,28.06576213253774
DTXSID6034849,rat,L-BFGS-B,model_1comp,,tkstats_1comp,6.657754794260614,0.009772733280443199,NA,1,3.3183433195371284,2.7832497358221766,NA,NA,NA,NA,hours,hours,192,oral,plasma,1,mg/kg,mg/L,22.092716144650996,2260.6486343858433,0.01061642204584356,0.20888350415068913,0.3286274567459683,4.932767783547655e-4,4.4235091857681497e-4,6.657754794260614,681.2582113116548
DTXSID6034849,rat,L-BFGS-B,model_1comp,,tkstats_1comp,6.657754794260614,0.009772733280443199,NA,1,3.3183433195371284,2.7832497358221766,NA,NA,NA,NA,hours,hours,192,iv,plasma,1,mg/kg,mg/L,22.092716144650996,2260.6486343858433,1.0863308903650033,0.20888350415068913,0,0.15020078553539704,0.045263787098541806,6.657754794260614,681.2582113116548
DTXSID7020182,rat,L-BFGS-B,model_1comp,,tkstats_1comp,1.39411414209384,NA,NA,1,3.5829902391835193,NA,NA,NA,NA,NA,hours,hours,192,iv,plasma,1,mg/kg,mg/L,4.995097363429935,NA,4.804711150519027,0.193454945252069,0,0.7173013814335788,0.20019629793829277,1.39411414209384,NA
DTXSID7021106,rat,L-BFGS-B,model_1comp,,tkstats_1comp,0.09136949620812154,0.6160345423919305,NA,1,0.1623697323647968,0.2651909501986298,NA,NA,NA,NA,hours,hours,161,iv,plasma,1,mg/kg,mg/L,0.01483564064561901,0.024082481784244415,1617.7258922139802,4.2689432966647285,0,10.944571673266084,67.40524550891584,0.09136949620812154,0.14831878721175815
DTXSID7021106,rat,L-BFGS-B,model_1comp,,tkstats_1comp,0.09136949620812154,0.6160345423919305,NA,1,0.1623697323647968,0.2651909501986298,NA,NA,NA,NA,hours,hours,161,oral,plasma,1,mg/kg,mg/L,0.01483564064561901,0.024082481784244415,996.5750297256166,4.2689432966647285,4.771136836655155,3.1071414101797803,41.52395957190068,0.09136949620812154,0.14831878721175815
DTXSID7023510,rat,L-BFGS-B,model_1comp,,tkstats_1comp,NA,NA,4.0916151705077,1,1.0451610058954075,0.24418602183368965,NA,NA,NA,NA,hours,hours,140,oral,plasma,1,mg/kg,mg/L,NA,0.2554397132528279,93.95563318788021,0.6631965569420705,1.815282542776739,0.6136547968346945,3.9148180494950093,NA,0.24440226128986536
DTXSID80108992,rat,L-BFGS-B,model_1comp,,tkstats_1comp,0.3279786106002205,1,NA,1,0.0010670978398444615,5.400852922377043,NA,NA,NA,NA,hours,hours,148,iv,plasma,1,mg/kg,mg/L,3.499852668866831e-4,3.499852668866831e-4,68574.31518044624,649.5629123014412,0,3.0489793165778103,2857.2631325185935,0.3279786106002205,0.3279786106002205
DTXSID80108992,rat,L-BFGS-B,model_1comp,,tkstats_1comp,0.3279786106002205,1,NA,1,0.0010670978398444615,5.400852922377043,NA,NA,NA,NA,hours,hours,148,oral,plasma,1,mg/kg,mg/L,3.499852668866831e-4,3.499852668866831e-4,68574.31518044625,649.5629123014412,1.5795755204946995,3.043844402866449,2857.263132518594,0.3279786106002205,0.3279786106002205
DTXSID8020541,rat,L-BFGS-B,model_1comp,,tkstats_1comp,0.029151569415423254,0.15874330047600405,NA,1,37.34905220020833,2.1609996569169985,NA,NA,NA,NA,hours,hours,222,iv,plasma,1,mg/kg,mg/L,1.0887834878146396,6.85876811525172,22.042950015867515,0.018558628391541328,0,34.30347044955079,0.9184562506611464,0.029151569415423254,0.18363968323708796
DTXSID8020541,rat,L-BFGS-B,model_1comp,,tkstats_1comp,0.029151569415423254,0.15874330047600405,NA,1,37.34905220020833,2.1609996569169985,NA,NA,NA,NA,hours,hours,223,iv,plasma,1,mg/kg,mg/L,1.0887834878146396,6.85876811525172,22.042950015867515,0.018558628391541328,0,34.30347044955079,0.9184562506611464,0.029151569415423254,0.18363968323708796
DTXSID8020541,rat,L-BFGS-B,model_1comp,,tkstats_1comp,0.029151569415423254,0.15874330047600405,NA,1,37.34905220020833,2.1609996569169985,NA,NA,NA,NA,hours,hours,223,oral,plasma,1,mg/kg,mg/L,1.0887834878146396,6.85876811525172,3.499170637746395,0.018558628391541328,0.0809859145464663,0.26448586611160185,0.14579877657276646,0.029151569415423254,0.18363968323708796
DTXSID8020913,rat,L-BFGS-B,model_1comp,,tkstats_1comp,0.6363094720115137,NA,NA,1,7.459067874286105,NA,NA,NA,NA,NA,hours,hours,169,iv,blood,1,mg/kg,mg/L,4.746275540785035,NA,5.056596439411606,0.09292678284232468,0,1.5715623356018589,0.21069151830881688,0.6363094720115137,NA
DTXSID8022292,rat,L-BFGS-B,model_1comp,,tkstats_1comp,50.005,0.5,NA,1,0.1139178706399291,0.693,NA,NA,NA,NA,hours,hours,192,oral,plasma,1,mg/kg,mg/L,5.696463121349655,11.39292624269931,2.1065702953514176,6.084621988334391,3.1179553846883614,0.007009695483614564,0.08777376230630905,50.005,100.01
DTXSID8022292,rat,L-BFGS-B,model_1comp,,tkstats_1comp,50.005,0.5,NA,1,0.1139178706399291,0.693,NA,NA,NA,NA,hours,hours,192,iv,plasma,1,mg/kg,mg/L,5.696463121349655,11.39292624269931,4.213140590702834,6.084621988334391,0,0.01999800019998,0.1755475246126181,50.005,100.01
DTXSID8023393,rat,L-BFGS-B,model_1comp,,tkstats_1comp,0.025162536727316394,0.013726071593223067,NA,1,74.14350418251713,7.813767412108571,NA,NA,NA,NA,hours,hours,220,iv,plasma,1,mg/kg,mg/L,1.865638647084524,135.9193440318088,12.864227505956391,0.009348724317826183,0,39.74162107886373,0.5360094794148496,0.025162536727316394,1.8331928808924338
DTXSID8023393,rat,L-BFGS-B,model_1comp,,tkstats_1comp,0.025162536727316394,0.013726071593223067,NA,1,74.14350418251713,7.813767412108571,NA,NA,NA,NA,hours,hours,220,oral,plasma,1,mg/kg,mg/L,1.865638647084524,135.9193440318088,0.17657530773826685,0.009348724317826183,0.03392317442986455,0.044102349758717484,0.007357304489094451,0.025162536727316394,1.8331928808924338
DTXSID8024151,rat,L-BFGS-B,model_1comp,,tkstats_1comp,4.430523052088137,0,NA,1,6.0792831491570904,0.004813522087221842,NA,NA,NA,NA,hours,hours,192,oral,plasma,1,mg/kg,mg/L,26.934404132511457,Inf,0,0.11401791355220098,1.1756109495159588,0,0,4.430523052088137,Inf
DTXSID8024151,rat,L-BFGS-B,model_1comp,,tkstats_1comp,4.430523052088137,0,NA,1,6.0792831491570904,0.004813522087221842,NA,NA,NA,NA,hours,hours,192,iv,plasma,1,mg/kg,mg/L,26.934404132511457,Inf,0.8910536829374498,0.11401791355220098,0,0.22570698498650013,0.03712723678906041,4.430523052088137,Inf
DTXSID8025337,rat,L-BFGS-B,model_1comp,,tkstats_1comp,0.7249333077226241,1,NA,1,0.0498717016028058,1.996374329808842,NA,NA,NA,NA,hours,hours,172,iv,plasma,1,mg/kg,mg/L,0.0361536576046777,0.0361536576046777,663.8332492504102,13.898606991202973,0,1.3794372383598943,27.65971871876709,0.7249333077226241,0.7249333077226241
DTXSID8025337,rat,L-BFGS-B,model_1comp,,tkstats_1comp,0.7249333077226241,1,NA,1,0.0498717016028058,1.996374329808842,NA,NA,NA,NA,hours,hours,172,oral,plasma,1,mg/kg,mg/L,0.0361536576046777,0.0361536576046777,663.8332492504102,13.898606991202973,1.8955197830515231,1.255009096424242,27.65971871876709,0.7249333077226241,0.7249333077226241
DTXSID8031865,rat,L-BFGS-B,model_1comp,,tkstats_1comp,0.2488177046668796,1,NA,1,0.027315229489142345,0.8354925913064449,NA,NA,NA,NA,hours,hours,192,oral,plasma,1,mg/kg,mg/L,0.006796512703937461,0.006796512703937461,3531.2227086835205,25.37585052453861,4.232458416721255,3.580219772361699,147.13427952848008,0.2488177046668796,0.2488177046668796
DTXSID8031865,rat,L-BFGS-B,model_1comp,,tkstats_1comp,0.2488177046668796,1,NA,1,0.027315229489142345,0.8354925913064449,NA,NA,NA,NA,hours,hours,192,iv,plasma,1,mg/kg,mg/L,0.006796512703937461,0.006796512703937461,3531.2227086835214,25.37585052453861,0,4.019006611040051,147.13427952848002,0.2488177046668796,0.2488177046668796
DTXSID8031865,rat,L-BFGS-B,model_1comp,,tkstats_1comp,0.2488177046668796,1,NA,1,0.027315229489142345,0.8354925913064449,NA,NA,NA,NA,hours,hours,146,iv,plasma,1,mg/kg,mg/L,0.006796512703937461,0.006796512703937461,3531.2227086835214,25.37585052453861,0,4.019006611040051,147.13427952848002,0.2488177046668796,0.2488177046668796
DTXSID8031865,rat,L-BFGS-B,model_1comp,,tkstats_1comp,0.2488177046668796,1,NA,1,0.027315229489142345,0.8354925913064449,NA,NA,NA,NA,hours,hours,146,oral,plasma,1,mg/kg,mg/L,0.006796512703937461,0.006796512703937461,3531.2227086835205,25.37585052453861,4.232458416721255,3.580219772361699,147.13427952848008,0.2488177046668796,0.2488177046668796
DTXSID8032673,rat,L-BFGS-B,model_1comp,,tkstats_1comp,0.10252972157696033,1,NA,1,7.580756988411853,0.6097016379427294,NA,NA,NA,NA,hours,hours,192,iv,plasma,1,mg/kg,mg/L,0.7772529033644636,0.7772529033644636,30.87798050816171,0.09143508776491695,0,9.753269438553826,1.2865825211734043,0.10252972157696033,0.10252972157696033
DTXSID8032673,rat,L-BFGS-B,model_1comp,,tkstats_1comp,0.10252972157696033,1,NA,1,7.580756988411853,0.6097016379427294,NA,NA,NA,NA,hours,hours,192,oral,plasma,1,mg/kg,mg/L,0.7772529033644636,0.7772529033644636,30.877980508161706,0.09143508776491695,0.36155194502109056,0.6292448193466471,1.2865825211734043,0.10252972157696033,0.10252972157696033
DTXSID8034586,rat,L-BFGS-B,model_1comp,,tkstats_1comp,2.8254039545856107,0.3291751124026239,NA,1,2.9259519456989214,0.5593618088690528,NA,NA,NA,NA,hours,hours,192,oral,plasma,1,mg/kg,mg/L,8.266996198305195,25.11428077889918,0.955631587115352,0.2368962968031156,0.6991403478147148,0.015063693694758722,0.039817982796473,2.8254039545856107,8.583285455462303
DTXSID8034586,rat,L-BFGS-B,model_1comp,,tkstats_1comp,2.8254039545856107,0.3291751124026239,NA,1,2.9259519456989214,0.5593618088690528,NA,NA,NA,NA,hours,hours,192,iv,plasma,1,mg/kg,mg/L,8.266996198305195,25.11428077889918,2.9031100806506003,0.2368962968031156,0,0.3539316912107407,0.12096292002710834,2.8254039545856107,8.583285455462303
DTXSID9020247,rat,L-BFGS-B,model_1comp,,tkstats_1comp,44.13804649644468,0.5,NA,1,1.2793885519647752,2.772,NA,NA,NA,NA,hours,hours,192,oral,plasma,1,mg/kg,mg/L,56.46971139364028,112.93942278728056,0.2125032996246455,0.5417800397662378,0.5180094339511084,0.005838947838432398,0.008854304151026896,44.13804649644468,88.27609299288936
DTXSID9020247,rat,L-BFGS-B,model_1comp,,tkstats_1comp,44.13804649644468,0.5,NA,1,1.2793885519647752,2.772,NA,NA,NA,NA,hours,hours,192,iv,plasma,1,mg/kg,mg/L,56.46971139364028,112.93942278728056,0.42500659924929113,0.5417800397662378,0,0.022656190732876,0.017708608302053792,44.13804649644468,88.27609299288936
DTXSID9022360,rat,L-BFGS-B,model_1comp,,tkstats_1comp,9.647826728271044,0.223643230227858,NA,1,1.4980835568377044,0.18904010750944208,NA,NA,NA,NA,hours,hours,60,iv,blood,1,mg/kg,mg/L,14.453250580842159,64.62637195016599,1.6605261125004014,0.4626892654927109,0,0.10365028603485366,0.06918858802085007,9.647826728271044,43.13936405962924
DTXSID9022360,rat,L-BFGS-B,model_1comp,,tkstats_1comp,9.647826728271044,0.223643230227858,NA,1,1.4980835568377044,0.18904010750944208,NA,NA,NA,NA,hours,hours,60,oral,blood,1,mg/kg,mg/L,14.453250580842159,64.62637195016599,0.37136542367729736,0.4626892654927109,1.5812941433861607,0.0021693088721260537,0.015473559319887387,9.647826728271044,43.13936405962924
DTXSID9032329,rat,L-BFGS-B,model_1comp,,tkstats_1comp,0.8276518965280069,0,NA,1,7.049586193584218,2.7713013445054018,NA,NA,NA,NA,hours,hours,192,oral,plasma,1,mg/kg,mg/L,5.8346033828576305,Inf,0,0.09832452026627804,0.21823042241298327,0,0,0.8276518965280069,Inf
DTXSID9032329,rat,L-BFGS-B,model_1comp,,tkstats_1comp,0.8276518965280069,0,NA,1,7.049586193584218,2.7713013445054018,NA,NA,NA,NA,hours,hours,192,iv,plasma,1,mg/kg,mg/L,5.8346033828576305,Inf,4.113390135568299,0.09832452026627804,0,1.208237429521991,0.1713912556486791,0.8276518965280069,Inf
DTXSID0020365,rat,L-BFGS-B,model_2comp,,tkstats_2comp,NA,NA,NA,1,1.0782300033252274,NA,14.246759324065032,4.74075588189082,0.28708686523909704,NA,hours,hours,203,iv,plasma,1,mg/kg,mg/L,0.30954567166138075,NA,77.53298526575477,2.6859635876223957,0,3.4832662900379,3.2305410527397744,1.1498306082327594,NA
DTXSID0020365,rat,L-BFGS-B,model_2comp,,tkstats_2comp,NA,NA,NA,1,1.0782300033252274,NA,14.246759324065032,4.74075588189082,0.28708686523909704,NA,hours,hours,204,iv,plasma,1,mg/kg,mg/L,0.30954567166138075,NA,77.53298526575477,2.6859635876223957,0,3.4832662900379,3.2305410527397744,1.1498306082327594,NA
DTXSID0020442,rat,L-BFGS-B,model_2comp,,tkstats_2comp,NA,0.6098534980094017,NA,1,4.470230207907862,1.7745620129118733,14.027536816054496,5.191143220213951,0.04112507257100025,NA,hours,hours,192,iv,plasma,1,mg/kg,mg/L,0.1838385417092884,0.30144705623456847,130.54933844042458,0.6770012236274755,0,24.316066513282212,5.439555768351025,0.1522534782189652,0.24965582507262757
DTXSID0020442,rat,L-BFGS-B,model_2comp,,tkstats_2comp,NA,0.6098534980094017,NA,1,4.470230207907862,1.7745620129118733,14.027536816054496,5.191143220213951,0.04112507257100025,NA,hours,hours,192,oral,plasma,1,mg/kg,mg/L,0.1838385417092884,0.30144705623456847,79.61597071070618,0.6770012236274755,0.5151249721717172,1.6852574385556398,3.3173321129460915,0.1522534782189652,0.24965582507262757
DTXSID0020442,rat,L-BFGS-B,model_2comp,,tkstats_2comp,NA,0.6098534980094017,NA,1,4.470230207907862,1.7745620129118733,14.027536816054496,5.191143220213951,0.04112507257100025,NA,hours,hours,164,oral,plasma,1,mg/kg,mg/L,0.1838385417092884,0.30144705623456847,79.61597071070618,0.6770012236274755,0.5151249721717172,1.6852574385556398,3.3173321129460915,0.1522534782189652,0.24965582507262757
DTXSID0020442,rat,L-BFGS-B,model_2comp,,tkstats_2comp,NA,0.6098534980094017,NA,1,4.470230207907862,1.7745620129118733,14.027536816054496,5.191143220213951,0.04112507257100025,NA,hours,hours,164,iv,plasma,1,mg/kg,mg/L,0.1838385417092884,0.30144705623456847,130.54933844042458,0.6770012236274755,0,24.316066513282212,5.439555768351025,0.1522534782189652,0.24965582507262757
DTXSID0020652,rat,L-BFGS-B,model_2comp,,tkstats_2comp,NA,0.49437854441462115,NA,1,12.607123574199107,1.5299580711535479,0.02123355785700493,16.632988463623512,0.09305005538093933,NA,hours,hours,163,iv,plasma,1,mg/kg,mg/L,1.1730935467735728,2.3728650040074,20.458726472418668,0.055265965954142945,0,10.746903867021699,0.8524469363507781,0.0931688424370868,0.1884564843876978
DTXSID0020652,rat,L-BFGS-B,model_2comp,,tkstats_2comp,NA,0.49437854441462115,NA,1,12.607123574199107,1.5299580711535479,0.02123355785700493,16.632988463623512,0.09305005538093933,NA,hours,hours,163,oral,plasma,1,mg/kg,mg/L,1.1730935467735728,2.3728650040074,10.114355414011218,0.055265965954142945,0.1905020929859415,0.48165633270838026,0.42143147558380084,0.0931688424370868,0.1884564843876978
DTXSID0020868,mouse,L-BFGS-B,model_2comp,,tkstats_2comp,NA,NA,NA,1,11.859173111512916,NA,2.3659991370620315,6.775512546402115,0.6073166799256252,NA,hours,hours,30,iv,blood,1,mg/kg,mg/L,7.20227364074727,NA,3.332281054168595,0.13775397152690236,0,1.6465874115666717,0.13884504392369146,0.8193907821853023,NA
DTXSID0021383,mouse,L-BFGS-B,model_2comp,,tkstats_2comp,NA,NA,NA,1,3.5472305712472196,11.519337378233907,12.059183194581708,5.545495238105715,NA,0.4749241766781715,hours,hours,45,oral,blood,1,mg/kg,mg/L,NA,7.469046103439311,3.2132617294929533,0.7109709216187287,0.0905303373966973,0.16174062639808373,0.1338859053955396,NA,6.684416174800136
DTXSID1021087,rat,L-BFGS-B,model_2comp,,tkstats_2comp,NA,0.3728120995297268,NA,1,1.2975057663343814,0.11114885610513983,13.592281783576315,9.864134427315218,1.0258413450338082,NA,hours,hours,159,iv,plasma,1,mg/kg,mg/L,1.3310350605255838,3.5702571408078763,18.031080256085183,1.3119939565464747,0,0.9748096085628557,0.7512950106702169,2.4393991923732377,6.543240403008239
DTXSID1021087,rat,L-BFGS-B,model_2comp,,tkstats_2comp,NA,0.3728120995297268,NA,1,1.2975057663343814,0.11114885610513983,13.592281783576315,9.864134427315218,1.0258413450338082,NA,hours,hours,159,oral,plasma,1,mg/kg,mg/L,1.3310350605255838,3.5702571408078763,6.722204887060121,1.3119939565464747,3.6737322499305205,0.020556316742383805,0.28009187029417204,2.4393991923732377,6.543240403008239
DTXSID1021116,dog,L-BFGS-B,model_2comp,,tkstats_2comp,NA,NA,NA,1,4.347286779268548,NA,2.095015988156374,3.089391999362113,0.2127505808481218,NA,hours,hours,32,iv,plasma,1,mg/kg,mg/L,0.9248877874027441,NA,25.949093854289544,0.40320963277788907,0,4.7003396936146515,1.0812122439287308,0.35702358617033414,NA
DTXSID1021116,human,L-BFGS-B,model_2comp,,tkstats_2comp,NA,0,NA,1,1.9853059528539119,0.06931471805599453,3.4225438187097925,3.2229139998939917,0.5862765807478232,NA,hours,hours,14,iv,blood,1,mg/kg,mg/L,1.1639383857774905,Inf,20.61964816459629,0.8462396029073178,0,1.7056795936219271,0.8591520068581786,1.2088675923475043,Inf
DTXSID1021116,human,L-BFGS-B,model_2comp,,tkstats_2comp,NA,0,NA,1,1.9853059528539119,0.06931471805599453,3.4225438187097925,3.2229139998939917,0.5862765807478232,NA,hours,hours,14,oral,blood,1,mg/kg,mg/L,1.1639383857774905,Inf,0,0.8462396029073178,0,0,0,1.2088675923475043,Inf
DTXSID1021116,rat,L-BFGS-B,model_2comp,,tkstats_2comp,NA,0.20467233171713975,NA,1,1.0165952113108163,7.475563609086053,0.8857075203103782,5.418924036181712,0.8151254377181323,NA,hours,hours,67,oral,plasma,1,mg/kg,mg/L,0.8286526166018864,4.048679221317988,5.92785910862732,0.8140511859416503,0.2873886188416537,0.16713592446344516,0.24699412952613836,0.9483553419136427,4.633529769056836
DTXSID1021116,rat,L-BFGS-B,model_2comp,,tkstats_2comp,NA,0.20467233171713975,NA,1,1.0165952113108163,7.475563609086053,0.8857075203103782,5.418924036181712,0.8151254377181323,NA,hours,hours,63,oral,plasma,1,mg/kg,mg/L,0.8286526166018864,4.048679221317988,5.92785910862732,0.8140511859416503,0.2873886188416537,0.16713592446344516,0.24699412952613836,0.9483553419136427,4.633529769056836
DTXSID1021116,rat,L-BFGS-B,model_2comp,,tkstats_2comp,NA,0.20467233171713975,NA,1,1.0165952113108163,7.475563609086053,0.8857075203103782,5.418924036181712,0.8151254377181323,NA,hours,hours,1,oral,plasma,1,mg/kg,mg/L,0.8286526166018864,4.048679221317988,5.92785910862732,0.8140511859416503,0.2873886188416537,0.16713592446344516,0.24699412952613836,0.9483553419136427,4.633529769056836
DTXSID1021116,rat,L-BFGS-B,model_2comp,,tkstats_2comp,NA,0.20467233171713975,NA,1,1.0165952113108163,7.475563609086053,0.8857075203103782,5.418924036181712,0.8151254377181323,NA,hours,hours,62,oral,plasma,1,mg/kg,mg/L,0.8286526166018864,4.048679221317988,5.92785910862732,0.8140511859416503,0.2873886188416537,0.16713592446344516,0.24699412952613836,0.9483553419136427,4.633529769056836
DTXSID1021116,rat,L-BFGS-B,model_2comp,,tkstats_2comp,NA,0.20467233171713975,NA,1,1.0165952113108163,7.475563609086053,0.8857075203103782,5.418924036181712,0.8151254377181323,NA,hours,hours,221,iv,plasma,1,mg/kg,mg/L,0.8286526166018864,4.048679221317988,28.96267931720107,0.8140511859416503,0,1.2268050458582263,1.2067783048833778,0.9483553419136427,4.633529769056836
DTXSID1022265,rat,L-BFGS-B,model_2comp,,tkstats_2comp,NA,0,NA,1,11.171620300212973,0.004813522087221842,0.0048742941130924195,16.642187306331707,9.688133635259314,NA,hours,hours,192,iv,plasma,1,mg/kg,mg/L,108.23215039083907,Inf,0.22174557110186918,0.062100540455816075,0,0.10321905515016504,0.009239398795911215,9.69097117168863,Inf
DTXSID1022265,rat,L-BFGS-B,model_2comp,,tkstats_2comp,NA,0,NA,1,11.171620300212973,0.004813522087221842,0.0048742941130924195,16.642187306331707,9.688133635259314,NA,hours,hours,192,oral,plasma,1,mg/kg,mg/L,108.23215039083907,Inf,0,0.062100540455816075,0,0,0,9.69097117168863,Inf
DTXSID1026118,rat,L-BFGS-B,model_2comp,,tkstats_2comp,NA,NA,NA,1,15.870360272958091,NA,15.315662628933508,6.591949460845736,0.13784742301052383,NA,hours,hours,152,iv,plasma,1,mg/kg,mg/L,2.1876882658758663,NA,10.97048440326635,0.23036576020486074,0,7.254397493696025,0.4571035168027645,0.458120604356517,NA
DTXSID1043881,rat,L-BFGS-B,model_2comp,,tkstats_2comp,NA,0.6383339743999894,NA,1,1.8695761805542086,0.014440566261665526,6.377308034408986,5.419806871806278,2.829177322189322,NA,hours,hours,212,iv,plasma,1,mg/kg,mg/L,5.289362532129296,8.286199300454129,4.53740878115581,0.8810770695430625,0,0.35345964077860026,0.1890586992148254,6.158176988473106,9.6472649669972
DTXSID1043881,rat,L-BFGS-B,model_2comp,,tkstats_2comp,NA,0.6383339743999894,NA,1,1.8695761805542086,0.014440566261665526,6.377308034408986,5.419806871806278,2.829177322189322,NA,hours,hours,211,oral,plasma,1,mg/kg,mg/L,5.289362532129296,8.286199300454129,2.8963821807526,0.8810770695430625,5.057272473738867,0.0016174873123815294,0.12068259086469166,6.158176988473106,9.6472649669972
DTXSID1051432,rat,L-BFGS-B,model_2comp,,tkstats_2comp,NA,NA,NA,1,6.975425516811337,NA,2.6945735236061297,1.2205990174819639,0.12803126467316273,NA,hours,hours,155,iv,plasma,1,mg/kg,mg/L,0.8930725505508053,NA,26.87351658630413,0.8175924583735417,0,7.810592221773273,1.1197298577626729,0.4106708957403824,NA
DTXSID2020139,mouse,L-BFGS-B,model_2comp,,tkstats_2comp,NA,NA,NA,1,0.0897021771223205,0.22989725947870046,0.5,0.1,NA,0.17636333612598984,hours,hours,53,oral,blood,1,mg/kg,mg/L,NA,0.5086214577968708,47.186369415002005,52.27000967225413,3.136567088477799,0.04049634906906764,1.9660987256250781,NA,34.020676472766084
DTXSID2020139,rat,L-BFGS-B,model_2comp,,tkstats_2comp,NA,NA,NA,1,9.858266940150504,NA,39.99064458695334,9.03748145209257,0.10467939998466755,NA,hours,hours,36,iv,blood,1,mg/kg,mg/L,1.0319574681836392,NA,23.256772434858863,0.4460439195768058,0,9.552977951215526,0.9690321847857871,0.5678833028145962,NA
DTXSID2020139,rat,L-BFGS-B,model_2comp,,tkstats_2comp,NA,NA,NA,1,9.858266940150504,NA,39.99064458695334,9.03748145209257,0.10467939998466755,NA,hours,hours,59,iv,blood,1,mg/kg,mg/L,1.0319574681836392,NA,23.256772434858863,0.4460439195768058,0,9.552977951215526,0.9690321847857871,0.5678833028145962,NA
DTXSID2020139,rat,L-BFGS-B,model_2comp,,tkstats_2comp,NA,NA,NA,1,9.858266940150504,NA,39.99064458695334,9.03748145209257,0.10467939998466755,NA,hours,hours,46,iv,blood,1,mg/kg,mg/L,1.0319574681836392,NA,23.256772434858863,0.4460439195768058,0,9.552977951215526,0.9690321847857871,0.5678833028145962,NA
DTXSID2020682,rat,L-BFGS-B,model_2comp,,tkstats_2comp,NA,1,NA,1,0.01222766638009009,0.20038783646794217,1.5517726808745047,0.08501793610775824,0.5116252099384169,NA,hours,hours,174,iv,blood,1,mg/kg,mg/L,0.006255982378770514,0.006255982378770514,3836.3279413067517,1099.0834479874427,0,1.9545557579548662,159.84699755445138,9.849960859757484,9.849960859757484
DTXSID2020682,rat,L-BFGS-B,model_2comp,,tkstats_2comp,NA,1,NA,1,0.01222766638009009,0.20038783646794217,1.5517726808745047,0.08501793610775824,0.5116252099384169,NA,hours,hours,180,oral,blood,1,mg/kg,mg/L,0.006255982378770514,0.006255982378770514,3836.327941306751,1099.0834479874427,1.796128713924064,0.19601327315409656,159.84699755445135,9.849960859757484,9.849960859757484
DTXSID2020682,rat,L-BFGS-B,model_2comp,,tkstats_2comp,NA,1,NA,1,0.01222766638009009,0.20038783646794217,1.5517726808745047,0.08501793610775824,0.5116252099384169,NA,hours,hours,174,oral,blood,1,mg/kg,mg/L,0.006255982378770514,0.006255982378770514,3836.327941306751,1099.0834479874427,1.796128713924064,0.19601327315409656,159.84699755445135,9.849960859757484,9.849960859757484
DTXSID2046624,rat,L-BFGS-B,model_2comp,,tkstats_2comp,NA,0.15688987829730253,NA,1,2.7710824219656667,0.9643334763627691,2.7455210244384887,2.206624367087731,2.26999348034737,NA,hours,hours,219,iv,plasma,1,mg/kg,mg/L,6.290339031367263,40.093976103717935,3.8153746372528,0.7739597280859548,0,0.44052989960436945,0.1589739432188667,5.094359475116708,32.47092502336588
DTXSID2046624,rat,L-BFGS-B,model_2comp,,tkstats_2comp,NA,0.15688987829730253,NA,1,2.7710824219656667,0.9643334763627691,2.7455210244384887,2.206624367087731,2.26999348034737,NA,hours,hours,219,oral,plasma,1,mg/kg,mg/L,6.290339031367263,40.093976103717935,0.5985936624972066,0.7739597280859548,0.5960374342017773,0.009876677424905098,0.024941402604050283,5.094359475116708,32.47092502336588
DTXSID3020095,rat,L-BFGS-B,model_2comp,,tkstats_2comp,NA,0,NA,1,6.024053380324616,0.014440566261665526,7.097159104686814,2.6548773039515288,0.42115218347412303,NA,hours,hours,166,iv,plasma,1,mg/kg,mg/L,2.5370432344883835,Inf,9.459830906208348,0.6365468540448845,0,2.374438597826819,0.39415962109201447,1.5469985828362665,Inf
DTXSID3020095,rat,L-BFGS-B,model_2comp,,tkstats_2comp,NA,0,NA,1,6.024053380324616,0.014440566261665526,7.097159104686814,2.6548773039515288,0.42115218347412303,NA,hours,hours,166,oral,plasma,1,mg/kg,mg/L,2.5370432344883835,Inf,0,0.6365468540448845,0,0,0,1.5469985828362665,Inf
DTXSID3020833,human,L-BFGS-B,model_2comp,,tkstats_2comp,NA,NA,NA,1,1.0959014104255163,1.4254515142153872,0.8397004323705721,0.14112462637158693,NA,0.7682218687323508,hours,hours,51,oral,blood,1,mg/kg,mg/L,NA,1.426542845277071,16.823890063630433,8.960762484319568,0.6119800988595685,0.24280480261415505,0.7009954193179337,NA,9.046947745683024
DTXSID3022405,rat,L-BFGS-B,model_2comp,,tkstats_2comp,NA,0,NA,1,9.195552944401054,0.02166084939249829,4.782495530412371,4.012909907751214,0.44396620458038233,NA,hours,hours,129,oral,plasma,1,mg/kg,mg/L,4.082514739743695,Inf,0,0.2935952118049495,0,0,0,0.9730751150392456,Inf
DTXSID3022405,rat,L-BFGS-B,model_2comp,,tkstats_2comp,NA,0,NA,1,9.195552944401054,0.02166084939249829,4.782495530412371,4.012909907751214,0.44396620458038233,NA,hours,hours,129,iv,plasma,1,mg/kg,mg/L,4.082514739743695,Inf,5.878729540485811,0.2935952118049495,0,2.2524236973063223,0.24494706418690865,0.9730751150392456,Inf
DTXSID3026148,rat,L-BFGS-B,model_2comp,,tkstats_2comp,NA,0.12159914873349746,NA,1,6.6616359431844225,4.0618735330896705,6.73222300334066,1.8559259036663156,1.14953360627184,NA,hours,hours,130,oral,plasma,1,mg/kg,mg/L,7.6577743894389,62.975559197556926,0.3811002284983451,0.8067971535689551,0.140663702514117,0.019849048249599627,0.015879176187431045,5.319374962528828,43.74516612930429
DTXSID3026148,rat,L-BFGS-B,model_2comp,,tkstats_2comp,NA,0.12159914873349746,NA,1,6.6616359431844225,4.0618735330896705,6.73222300334066,1.8559259036663156,1.14953360627184,NA,hours,hours,130,iv,plasma,1,mg/kg,mg/L,7.6577743894389,62.975559197556926,3.1340698719329247,0.8067971535689551,0,0.8699180211383236,0.13058624466387186,5.319374962528828,43.74516612930429
DTXSID3031860,rat,L-BFGS-B,model_2comp,,tkstats_2comp,NA,0.8383755018734413,NA,1,0.0013446199757245062,11.606489545770808,0.1594594943273585,11.6190957907649,0.2507370364157757,NA,hours,hours,147,iv,plasma,1,mg/kg,mg/L,3.3714602781861495e-4,4.021420319000561e-4,71185.7712080536,522.5721564343827,0,3.988242081404304,2966.0738003361116,0.25417813043513815,0.3031793389324347
DTXSID3031860,rat,L-BFGS-B,model_2comp,,tkstats_2comp,NA,0.8383755018734413,NA,1,0.0013446199757245062,11.606489545770808,0.1594594943273585,11.6190957907649,0.2507370364157757,NA,hours,hours,147,oral,plasma,1,mg/kg,mg/L,3.3714602781861495e-4,4.021420319000561e-4,59680.40666279991,522.5721564343827,0.772747434351015,3.294993606907876,2486.6836109504525,0.25417813043513815,0.3031793389324347
DTXSID4020290,rat,L-BFGS-B,model_2comp,,tkstats_2comp,NA,0.39062659719087567,NA,1,12.36906267777514,0.5110976803201381,25.349924830661656,5.280108559604926,0.017116541734308287,NA,hours,hours,173,iv,plasma,1,mg/kg,mg/L,0.2117155775384132,0.5419896624063225,113.35963219638619,0.43962382411336115,0,58.42301649027656,4.72331800818276,0.09929345939186192,0.25419021670801184
DTXSID4020290,rat,L-BFGS-B,model_2comp,,tkstats_2comp,NA,0.39062659719087567,NA,1,12.36906267777514,0.5110976803201381,25.349924830661656,5.280108559604926,0.017116541734308287,NA,hours,hours,173,oral,plasma,1,mg/kg,mg/L,0.2117155775384132,0.5419896624063225,44.28128738368356,0.43962382411336115,0.844633253187628,0.5600279381520777,1.8450536409868157,0.09929345939186192,0.25419021670801184
DTXSID4020458,rat,L-BFGS-B,model_2comp,,tkstats_2comp,NA,NA,NA,1,0.11470347991820135,0.23099999999999998,0.5,0.1,NA,0.1767942163943942,hours,hours,202,oral,plasma,1,mg/kg,mg/L,NA,0.6487965627920754,36.99156465428356,42.19650679890615,3.0199656110260937,0.03945078157144662,1.5413151939284808,NA,33.93776177957736
DTXSID4020533,rat,L-BFGS-B,model_2comp,,tkstats_2comp,NA,NA,NA,1.2802144600109289,0.11366666155168087,NA,3.7535370323753927,2.1094194492036586,0.8434211286807187,NA,hours,hours,6,iv,plasma,1,mg/kg,mg/L,0.09586886397928794,NA,250.34196718118093,17.16090877389077,0,1.1856473189902206,10.430915299215847,2.344219104913505,NA
DTXSID4020533,rat,L-BFGS-B,model_2comp,,tkstats_2comp,NA,NA,NA,1.2802144600109289,0.11366666155168087,NA,3.7535370323753927,2.1094194492036586,0.8434211286807187,NA,hours,hours,24,iv,blood,1,mg/kg,mg/L,0.09586886397928794,NA,320.4914063329292,17.16090877389077,0,1.5178828422444708,13.353808597205353,2.344219104913505,NA
DTXSID4022107,rat,L-BFGS-B,model_2comp,,tkstats_2comp,NA,NA,NA,1,0.04054883538392118,NA,0.09609223977887064,0.1287022497471175,0.7843016154812521,NA,hours,hours,150,iv,plasma,1,mg/kg,mg/L,0.03180251709749274,NA,754.6572469854005,32.401354202296275,0,1.2750196866372563,31.444051957725023,1.3698803372352437,NA
DTXSID4022577,rat,L-BFGS-B,model_2comp,,tkstats_2comp,NA,0.41375940082977236,NA,1,8.77979555299758,0.34050225322082406,10.78283820114927,6.474690492739917,0.8685883120108636,NA,hours,hours,24797,iv,plasma,1,mg/kg,mg/L,7.626027799178655,18.43106835490641,3.147116773241355,0.28815038347170285,0,1.1512934104361892,0.1311298655517231,2.3151203496927333,5.595329906824795
DTXSID4022577,rat,L-BFGS-B,model_2comp,,tkstats_2comp,NA,0.41375940082977236,NA,1,8.77979555299758,0.34050225322082406,10.78283820114927,6.474690492739917,0.8685883120108636,NA,hours,hours,24797,oral,plasma,1,mg/kg,mg/L,7.626027799178655,18.43106835490641,1.3021491504376697,0.28815038347170285,0.7929760267144534,0.013556475118335526,0.054256214601569555,2.3151203496927333,5.595329906824795
DTXSID4024729,rat,L-BFGS-B,model_2comp,,tkstats_2comp,NA,NA,NA,1,0.06844444444444443,0.3465,0.5,0.1,NA,0.12608008182441702,hours,hours,201,oral,plasma,1,mg/kg,mg/L,NA,0.5428648479127913,44.20989882154883,66.64102804402677,2.536703052957433,0.037454295101663565,1.8420791175645306,NA,47.588801602744695
DTXSID5020029,rat,L-BFGS-B,model_2comp,,tkstats_2comp,NA,NA,NA,1,11.622186322762039,NA,5.563656862230552,4.756011906349169,0.296753879419074,NA,hours,hours,43,iv,blood,1,mg/kg,mg/L,3.448928878610937,NA,6.95868220096961,0.2387414369092924,0,3.369795879189859,0.28994509170706695,0.6439011932050996,NA
DTXSID5020732,rat,L-BFGS-B,model_2comp,,tkstats_2comp,NA,NA,NA,1,0.8255982694165137,NA,0.7561543537427364,0.46329800879958216,0.19987007191486977,NA,hours,hours,210,iv,plasma,1,mg/kg,mg/L,0.1650123854810706,NA,145.44362794363192,3.3285919043873147,0,5.003250313663408,6.060151164317995,0.5260804639104913,NA
DTXSID5023320,rat,L-BFGS-B,model_2comp,,tkstats_2comp,NA,0.10156453851176869,NA,1,7.9345669501203,0.6107136212004999,13.620102028156415,4.66303152388311,0.5275965231188414,NA,hours,hours,217,iv,plasma,1,mg/kg,mg/L,4.18624993533714,41.21763360202796,5.733054731732628,0.4631274452299195,0,1.8953877749015218,0.23887728048885937,2.068636603541711,20.367705439847096
DTXSID5023320,rat,L-BFGS-B,model_2comp,,tkstats_2comp,NA,0.10156453851176869,NA,1,7.9345669501203,0.6107136212004999,13.620102028156415,4.66303152388311,0.5275965231188414,NA,hours,hours,217,oral,plasma,1,mg/kg,mg/L,4.18624993533714,41.21763360202796,0.5822750580911363,0.4631274452299195,0.7755500041970519,0.008221566853954757,0.024261460753797336,2.068636603541711,20.367705439847096
DTXSID5023794,rat,L-BFGS-B,model_2comp,,tkstats_2comp,NA,0.20568076895197268,NA,1,9.435709915964816,0.2335257615006759,7.407201128788172,1.997086465604548,0.2881926216831709,NA,hours,hours,168,iv,plasma,1,mg/kg,mg/L,2.7193019781237924,13.220983137994592,8.825794337324398,0.6540182971494716,0,3.4699014643732475,0.3677414307218495,1.357100127394898,6.598089526356188
DTXSID5023794,rat,L-BFGS-B,model_2comp,,tkstats_2comp,NA,0.20568076895197268,NA,1,9.435709915964816,0.2335257615006759,7.407201128788172,1.997086465604548,0.2881926216831709,NA,hours,hours,168,oral,plasma,1,mg/kg,mg/L,2.7193019781237924,13.220983137994592,1.8152961659128481,0.6540182971494716,1.1238922446285033,0.012156889485081078,0.07563734024636859,1.357100127394898,6.598089526356188
DTXSID5025607,rat,L-BFGS-B,model_2comp,,tkstats_2comp,NA,0.043120130850253124,NA,1,5.114945576010482,8.391493674436708,2.656822412387422,5.010662872896441,0.8764319406687663,NA,hours,hours,158,iv,plasma,1,mg/kg,mg/L,4.482901677597987,103.96308149356351,5.353675303639405,0.2783563854444611,0,1.140989908739456,0.22306980431830853,1.3411457084810807,31.102542641593306
DTXSID5025607,rat,L-BFGS-B,model_2comp,,tkstats_2comp,NA,0.043120130850253124,NA,1,5.114945576010482,8.391493674436708,2.656822412387422,5.010662872896441,0.8764319406687663,NA,hours,hours,170,oral,plasma,1,mg/kg,mg/L,4.482901677597987,103.96308149356351,0.23085117962269974,0.2783563854444611,0.13560536904192302,0.019587819374534562,0.009618799150945823,1.3411457084810807,31.102542641593306
DTXSID5030955,rat,L-BFGS-B,model_2comp,,tkstats_2comp,NA,NA,NA,1,3.82359469268465,NA,4.029963402484996,1.7703700874654316,0.9260114063612326,NA,hours,hours,165,iv,plasma,1,mg/kg,mg/L,3.5406922987282576,NA,6.778335414410424,0.9072324666389288,0,1.0799003048240043,0.282430642267101,3.0339277704826393,NA
DTXSID5032600,rat,L-BFGS-B,model_2comp,,tkstats_2comp,NA,0.25349216940976976,NA,1,0.5194082906022434,2.1632369730640466,1.0054173932086428,1.0487795945892913,0.10114484319908258,NA,hours,hours,192,oral,plasma,1,mg/kg,mg/L,0.05253547010926742,0.2072469150885048,115.80389502903242,2.9786177529608913,0.6514148197241196,1.1680089245790652,4.825162292876351,0.19810781340784422,0.7815145291040655
DTXSID5032600,rat,L-BFGS-B,model_2comp,,tkstats_2comp,NA,0.25349216940976976,NA,1,0.5194082906022434,2.1632369730640466,1.0054173932086428,1.0487795945892913,0.10114484319908258,NA,hours,hours,192,iv,plasma,1,mg/kg,mg/L,0.05253547010926742,0.2072469150885048,456.83421029797404,2.9786177529608913,0,9.88681151081235,19.03475876241558,0.19810781340784422,0.7815145291040655
DTXSID5034773,rat,L-BFGS-B,model_2comp,,tkstats_2comp,NA,0.6699010248740085,NA,1,0.7217304488113604,0.11239379657499748,16.636197781349942,5.333059032001612,0.5528968086727779,NA,hours,hours,192,oral,plasma,1,mg/kg,mg/L,0.3990424618697729,0.5956737593360492,40.29051074324798,4.055494443541816,7.0145361386879275,0.0843844969350181,1.6787712809686668,2.277629388335465,3.3999491025765027
DTXSID5034773,rat,L-BFGS-B,model_2comp,,tkstats_2comp,NA,0.6699010248740085,NA,1,0.7217304488113604,0.11239379657499748,16.636197781349942,5.333059032001612,0.5528968086727779,NA,hours,hours,192,iv,plasma,1,mg/kg,mg/L,0.3990424618697729,0.5956737593360492,60.14397537431087,4.055494443541816,0,1.8086557641750327,2.505998973929622,2.277629388335465,3.3999491025765027
DTXSID50881104,rat,L-BFGS-B,model_2comp,,tkstats_2comp,NA,0.10136523129687655,NA,1,4.009569610123643,5.705755690882352,8.664339756999317,2.781304190790622,0.543582754779785,NA,hours,hours,207,iv,plasma,1,mg/kg,mg/L,2.1795328941523184,21.501779912768555,11.01153373935853,0.9134613283502244,0,1.8396462934242968,0.45881390580660536,2.236955845379733,22.06827545066394
DTXSID50881104,rat,L-BFGS-B,model_2comp,,tkstats_2comp,NA,0.10136523129687655,NA,1,4.009569610123643,5.705755690882352,8.664339756999317,2.781304190790622,0.543582754779785,NA,hours,hours,207,oral,plasma,1,mg/kg,mg/L,2.1795328941523184,21.501779912768555,1.1161866644234373,0.9134613283502244,0.1341364910985459,0.046643252737822896,0.04650777768430988,2.236955845379733,22.06827545066394
DTXSID6021117,rat,L-BFGS-B,model_2comp,,tkstats_2comp,NA,NA,NA,1,0.5009738327048134,NA,0.10829121367130272,0.08664339756999316,1.114010340753647,NA,hours,hours,197,iv,plasma,1,mg/kg,mg/L,0.5580900300801498,NA,43.0038142708861,10.006758872812801,0,0.8976577356754901,1.7918255946202533,2.5063556922288046,NA
DTXSID6022923,rat,L-BFGS-B,model_2comp,,tkstats_2comp,NA,0.45644471413743104,NA,1,3.4404282999343705,9.600462962441288,20.879795262337062,7.484502672703123,0.23019654384001956,NA,hours,hours,206,oral,plasma,1,mg/kg,mg/L,0.7919747039742863,1.735094480107903,13.832099793497976,0.8337550295712641,0.09274325062740447,0.49257533305161194,0.5763374913957487,0.8723843972837665,1.9112597216343272
DTXSID6022923,rat,L-BFGS-B,model_2comp,,tkstats_2comp,NA,0.45644471413743104,NA,1,3.4404282999343705,9.600462962441288,20.879795262337062,7.484502672703123,0.23019654384001956,NA,hours,hours,209,iv,plasma,1,mg/kg,mg/L,0.7919747039742863,1.735094480107903,30.303998195350477,0.8337550295712641,0,4.344113874685162,1.2626665914729358,0.8723843972837665,1.9112597216343272
DTXSID6023733,rat,L-BFGS-B,model_2comp,,tkstats_2comp,NA,0.8108715449485094,NA,1,2.2833126092324183,1.5801786472174173,9.746138515795515,16.796011866232828,0.13945179257538184,NA,hours,hours,228,oral,plasma,1,mg/kg,mg/L,0.3184120363674331,0.3926787644122502,61.11866027673404,0.49571872226589736,0.6455504273953129,1.394800343366411,2.5466108448639204,0.22037079272493887,0.27177028728876224
DTXSID6023733,rat,L-BFGS-B,model_2comp,,tkstats_2comp,NA,0.8108715449485094,NA,1,2.2833126092324183,1.5801786472174173,9.746138515795515,16.796011866232828,0.13945179257538184,NA,hours,hours,227,iv,plasma,1,mg/kg,mg/L,0.3184120363674331,0.3926787644122502,75.3740350829737,0.49571872226589736,0,7.170936863070022,3.140584795123905,0.22037079272493887,0.27177028728876224
DTXSID7020687,rabbit,L-BFGS-B,model_2comp,,tkstats_2comp,NA,NA,NA,1,1.719115031150658e-4,1.719115031150658e-4,0.004515919067835222,0.008251752149523159,NA,17.123896297837,hours,hours,28,oral,blood,1,mg/kg,mg/L,NA,1.0039274948002386e-5,2390610.8881673296,6268.554490562637,NA,NA,99608.78700697198,NA,0.09035723370446203
DTXSID7022253,rat,L-BFGS-B,model_2comp,,tkstats_2comp,NA,0.0012019943830069914,NA,1,4.785556108233402,0.0048208272938105,4.013418736041385,0.0048135220872218415,6.579726469446923,NA,hours,hours,192,oral,plasma,1,mg/kg,mg/L,31.487650196366722,26196.170832009266,9.161644331115084e-4,264.8320495393267,0.9226195847934415,9.982149271813279e-8,3.817351804631746e-5,5492.62445878869,4569592.451046207
DTXSID7022253,rat,L-BFGS-B,model_2comp,,tkstats_2comp,NA,0.0012019943830069914,NA,1,4.785556108233402,0.0048208272938105,4.013418736041385,0.0048135220872218415,6.579726469446923,NA,hours,hours,192,iv,plasma,1,mg/kg,mg/L,31.487650196366722,26196.170832009266,0.7622035893541939,264.8320495393267,0,0.15198200178130777,0.03175848288976191,5492.62445878869,4569592.451046207
DTXSID7022413,rat,L-BFGS-B,model_2comp,,tkstats_2comp,NA,0.05951857554143892,NA,1,3.054377886381722,8.31024327524282,3.0886254260369106,0.23148023117630107,1.3813628276773344,NA,hours,hours,157,iv,plasma,1,mg/kg,mg/L,4.219204073927376,70.888861763666,5.68827664637231,6.138636128502635,0,0.7239227666792152,0.23701152693217972,19.8127957429874,332.88423929421896
DTXSID7022413,rat,L-BFGS-B,model_2comp,,tkstats_2comp,NA,0.05951857554143892,NA,1,3.054377886381722,8.31024327524282,3.0886254260369106,0.23148023117630107,1.3813628276773344,NA,hours,hours,157,oral,plasma,1,mg/kg,mg/L,4.219204073927376,70.888861763666,0.3385581232777132,6.138636128502635,0.14045663775438258,0.01835397946452734,0.014106588469904726,19.8127957429874,332.88423929421896
DTXSID7029904,rat,L-BFGS-B,model_2comp,,tkstats_2comp,NA,0,NA,1,6.5171280236149665,0.0018050707827081908,6.299115795649961,4.105666803281497,0.5641540548446926,NA,hours,hours,131,iv,plasma,1,mg/kg,mg/L,3.676664200464361,Inf,6.527656237131694,0.3926314208652603,0,1.7725654746473327,0.271985676547154,1.429706932933063,Inf
DTXSID7029904,rat,L-BFGS-B,model_2comp,,tkstats_2comp,NA,0,NA,1,6.5171280236149665,0.0018050707827081908,6.299115795649961,4.105666803281497,0.5641540548446926,NA,hours,hours,131,oral,plasma,1,mg/kg,mg/L,3.676664200464361,Inf,0,0.3926314208652603,0,0,0,1.429706932933063,Inf
DTXSID7046627,rat,L-BFGS-B,model_2comp,,tkstats_2comp,NA,0.48090888974952933,NA,1,5.695258323793096,0.6037546301543023,13.28735991808142,1.6972921020163,0.27696468282685344,NA,hours,hours,198,iv,plasma,1,mg/kg,mg/L,1.5773854152663518,3.2800088517554706,15.215051291663835,1.4485616348779096,0,3.61056864649114,0.6339604704859925,2.4452004396219578,5.0845399029647504
DTXSID7046627,rat,L-BFGS-B,model_2comp,,tkstats_2comp,NA,0.48090888974952933,NA,1,5.695258323793096,0.6037546301543023,13.28735991808142,1.6972921020163,0.27696468282685344,NA,hours,hours,198,oral,plasma,1,mg/kg,mg/L,1.5773854152663518,3.2800088517554706,7.317053424156197,1.4485616348779096,1.0413840300929977,0.06519009588898678,0.3048772260065079,2.4452004396219578,5.0845399029647504
DTXSID8021359,rat,L-BFGS-B,model_2comp,,tkstats_2comp,NA,0.9507492333328319,NA,1,0.22836761827313512,3.5265621249910803,0.7373006119286277,1.5712531947176536,0.13460437977502607,NA,hours,hours,226,iv,plasma,1,mg/kg,mg/L,0.030739281618355263,0.03233163965917631,780.7599506707063,4.610191982503076,0,7.429178765738318,32.53166461127943,0.19776663262520006,0.2080113511445423
DTXSID8021359,rat,L-BFGS-B,model_2comp,,tkstats_2comp,NA,0.9507492333328319,NA,1,0.22836761827313512,3.5265621249910803,0.7373006119286277,1.5712531947176536,0.13460437977502607,NA,hours,hours,225,oral,plasma,1,mg/kg,mg/L,0.030739281618355263,0.03233163965917631,742.3069245171536,4.610191982503076,0.6256894485374817,4.663591611770315,30.92945518821473,0.19776663262520006,0.2080113511445423
DTXSID8024521,human,L-BFGS-B,model_2comp,,tkstats_2comp,NA,NA,NA,1,0.9319456039093631,1.168976473897728,1.068510194022125,0.13511216516551988,NA,0.3296446951012576,hours,hours,51,oral,blood,1,mg/kg,mg/L,NA,2.8271214970503182,8.489200066230065,11.42177879913458,0.664677473420158,0.09163593986705204,0.35371666942625324,NA,27.024004349928287
DTXSID9021924,rat,L-BFGS-B,model_2comp,,tkstats_2comp,NA,1,NA,1,0.22103983990261816,8.396947357360746,1.7031517191936056,3.6981959666769013,1.2182435715122608,NA,hours,hours,162,iv,plasma,1,mg/kg,mg/L,0.26928036400946387,0.26928036400946387,89.12643923474688,4.640797904840329,0,0.8208539108141197,3.713601634781118,1.7792883760367955,1.7792883760367955
DTXSID9021924,rat,L-BFGS-B,model_2comp,,tkstats_2comp,NA,1,NA,1,0.22103983990261816,8.396947357360746,1.7031517191936056,3.6981959666769013,1.2182435715122608,NA,hours,hours,149,iv,plasma,1,mg/kg,mg/L,0.26928036400946387,0.26928036400946387,89.12643923474688,4.640797904840329,0,0.8208539108141197,3.713601634781118,1.7792883760367955,1.7792883760367955
DTXSID9021924,rat,L-BFGS-B,model_2comp,,tkstats_2comp,NA,1,NA,1,0.22103983990261816,8.396947357360746,1.7031517191936056,3.6981959666769013,1.2182435715122608,NA,hours,hours,162,oral,plasma,1,mg/kg,mg/L,0.26928036400946387,0.26928036400946387,89.12643923474687,4.640797904840329,0.2986553377242987,0.5766959646419652,3.713601634781118,1.7792883760367955,1.7792883760367955
DTXSID9021924,rat,L-BFGS-B,model_2comp,,tkstats_2comp,NA,1,NA,1,0.22103983990261816,8.396947357360746,1.7031517191936056,3.6981959666769013,1.2182435715122608,NA,hours,hours,149,oral,plasma,1,mg/kg,mg/L,0.26928036400946387,0.26928036400946387,89.12643923474687,4.640797904840329,0.2986553377242987,0.5766959646419652,3.713601634781118,1.7792883760367955,1.7792883760367955
DTXSID9025617,rat,L-BFGS-B,model_2comp,,tkstats_2comp,NA,NA,NA,1,0.8565541757559273,NA,5.45141699502078,9.08304916129375,0.7567257398643915,NA,hours,hours,151,iv,plasma,1,mg/kg,mg/L,0.6481765923828381,NA,37.02694648655975,1.3245966648131822,0,1.321482734523084,1.5427894369399908,1.2108934412179795,NA
DTXSID9030258,rat,L-BFGS-B,model_2comp,,tkstats_2comp,NA,0.8312254194890897,NA,1,0.9799441513727383,8.506423867235815,0.028881132523331052,41.59299013260998,1.1897855446290313,NA,hours,hours,175,iv,plasma,1,mg/kg,mg/L,1.1659233858470472,1.4026560768120864,20.584542939383553,0.7078363481235295,0,0.8404876025887458,0.8576892891409809,1.1906117019665832,1.4323571850081163
DTXSID9030258,rat,L-BFGS-B,model_2comp,,tkstats_2comp,NA,0.8312254194890897,NA,1,0.9799441513727383,8.506423867235815,0.028881132523331052,41.59299013260998,1.1897855446290313,NA,hours,hours,175,oral,plasma,1,mg/kg,mg/L,1.1659233858470472,1.4026560768120864,17.110395339780272,0.7078363481235295,0.2871763171260056,0.5269908460827529,0.712933139157511,1.1906117019665832,1.4323571850081163
