tkstats_id	analyte_dtxsid	species	administration_route_normalized	conc_medium_normalized	model	method	Vdist.tkstats	Fgutabs.tkstats	Fgutabs_Vdist.tkstats	kelim.tkstats	kgutabs.tkstats	k12.tkstats	k21.tkstats	V1.tkstats	Fgutabs_V1.tkstats	CLtot.tkstats	CLtot/Fgutabs.tkstats	Css.tkstats	halflife.tkstats	tmax.tkstats	Cmax.tkstats	AUC_infinity.tkstats	Vss.tkstats	Vss/Fgutabs.tkstats	document_ids	preprocess_data_flags	fit_decision	fit_reason
1	DTXSID0020232	rat	oral	plasma	model_2comp	L-BFGS-B	NA	NA	NA	0.11470347991820135	8.316332653306132	0.5	0.1	NA	0.010269813018597461	NA	11.168993993414137	2.1488058829785155	42.19650679890615	0.3405330639734821	0.008355791330180563	0.08953357845743812	NA	584.236537620956	136	Adjusted loq and loq_units.	continue	Number of parameters to estimate is less than number of non-excluded detected observations
2	DTXSID0020365	rat	iv	plasma	model_2comp	L-BFGS-B	NA	NA	NA	1.0782300033252274	NA	14.246759324065032	4.74075588189082	0.28708686523909704	NA	0.30954567166138075	NA	77.53298526575477	2.6859635876223957	0	3.4832662900379	3.2305410527397744	1.1498306082327594	NA	192	NA	continue	Number of parameters to estimate is less than number of non-excluded detected observations
3	DTXSID0020442	hamster	iv	plasma	model_1comp	L-BFGS-B	0.0501272483406422	0.1762347544916709	NA	8.188400067841105	9.233772498763447	NA	NA	NA	NA	0.41046196371320254	2.329063667930502	58.47070404011722	0.08464989189795358	0	19.94922987203388	2.436279335004884	0.0501272483406422	0.28443452306117795	164	NA	continue	Number of parameters to estimate is less than number of non-excluded detected observations
4	DTXSID0020442	hamster	oral	plasma	model_1comp	L-BFGS-B	0.0501272483406422	0.1762347544916709	NA	8.188400067841105	9.233772498763447	NA	NA	NA	NA	0.41046196371320254	2.329063667930502	10.30457017146521	0.08464989189795358	0.11493431050377555	1.3718004627173264	0.4293570904777168	0.0501272483406422	0.28443452306117795	164	NA	continue	Number of parameters to estimate is less than number of non-excluded detected observations
5	DTXSID0020442	mouse	iv	plasma	model_1comp	L-BFGS-B	0.12162900296544348	0.5354562720459316	NA	0.7505942900046413	8.289835517590571	NA	NA	NA	NA	0.09129403512481946	0.17049764825051525	262.88683556583527	0.92346449978411	0	8.221723237212709	10.953618148576469	0.12162900296544348	0.22715020687069307	164	NA	continue	Number of parameters to estimate is less than number of non-excluded detected observations
6	DTXSID0020442	mouse	oral	plasma	model_1comp	L-BFGS-B	0.12162900296544348	0.5354562720459316	NA	0.7505942900046413	8.289835517590571	NA	NA	NA	NA	0.09129403512481946	0.17049764825051525	140.764404942034	0.92346449978411	0.31858910663988793	3.466039583537983	5.865183539251416	0.12162900296544348	0.22715020687069307	164	NA	continue	Number of parameters to estimate is less than number of non-excluded detected observations
7	DTXSID0020652	rat	iv	plasma	model_2comp	L-BFGS-B	NA	0.49437854441462115	NA	12.607123574199107	1.5299580711535479	0.02123355785700493	16.632988463623512	0.09305005538093933	NA	1.1730935467735728	2.3728650040074	20.458726472418668	0.055265965954142945	0	10.746903867021699	0.8524469363507781	0.0931688424370868	0.1884564843876978	163	NA	continue	Number of parameters to estimate is less than number of non-excluded detected observations
8	DTXSID0020652	rat	oral	plasma	model_2comp	L-BFGS-B	NA	0.49437854441462115	NA	12.607123574199107	1.5299580711535479	0.02123355785700493	16.632988463623512	0.09305005538093933	NA	1.1730935467735728	2.3728650040074	10.114355414011218	0.055265965954142945	0.1905020929859415	0.48165633270838026	0.42143147558380084	0.0931688424370868	0.1884564843876978	163	NA	continue	Number of parameters to estimate is less than number of non-excluded detected observations
9	DTXSID0021125	rat	iv	plasma	model_1comp	L-BFGS-B	0.03646653707434664	NA	NA	32.22210358441887	NA	NA	NA	NA	NA	1.1750285349746483	NA	20.42503589116481	0.021511543426827026	0	27.4224009250244	0.8510431621318671	0.03646653707434664	NA	139	NA	continue	Number of parameters to estimate is less than number of non-excluded detected observations
10	DTXSID0021961	mouse	iv	plasma	model_1comp	L-BFGS-B	2.7319780076985296	0.2612330017301688	NA	2.9875183560482514	8.383383491569013	NA	NA	NA	NA	8.161834446319489	31.24350442808892	2.940515414500058	0.23201436709390055	0	0.36603515737757314	0.12252147560416907	2.7319780076985296	10.458012539014607	171	NA	continue	Number of parameters to estimate is less than number of non-excluded detected observations
11	DTXSID0021961	mouse	oral	plasma	model_1comp	L-BFGS-B	2.7319780076985296	0.2612330017301688	NA	2.9875183560482514	8.383383491569013	NA	NA	NA	NA	8.161834446319489	31.24350442808892	0.7681596683636815	0.23201436709390055	0.19122207533217292	0.0540066606372739	0.032006652848486736	2.7319780076985296	10.458012539014607	171	NA	continue	Number of parameters to estimate is less than number of non-excluded detected observations
12	DTXSID0021961	rat	iv	plasma	model_1comp	L-BFGS-B	2.2246152223854545	0.29391555027768734	NA	4.503030030526253	4.015487850402771	NA	NA	NA	NA	10.017509152767541	34.082950505011176	2.3958051481659504	0.15392906017971628	0	0.4495159387283614	0.09982521450691459	2.2246152223854545	7.568892562110677	171	NA	continue	Number of parameters to estimate is less than number of non-excluded detected observations
13	DTXSID0021961	rat	oral	blood	model_1comp	L-BFGS-B	2.2246152223854545	0.29391555027768734	NA	4.503030030526253	4.015487850402771	NA	NA	NA	NA	10.017509152767541	34.082950505011176	2.551572859424783	0.15392906017971628	0.23503948582554277	0.16613024224191716	0.10631553580936604	2.2246152223854545	7.568892562110677	171	NA	continue	Number of parameters to estimate is less than number of non-excluded detected observations
14	DTXSID0021961	rat	oral	plasma	model_1comp	L-BFGS-B	2.2246152223854545	0.29391555027768734	NA	4.503030030526253	4.015487850402771	NA	NA	NA	NA	10.017509152767541	34.082950505011176	0.7041643884813115	0.15392906017971628	0.23503948582554277	0.04584740741555933	0.029340182853387995	2.2246152223854545	7.568892562110677	171	NA	continue	Number of parameters to estimate is less than number of non-excluded detected observations
15	DTXSID0022985	rat	oral	plasma	model_1comp	L-BFGS-B	6.766399092115325	0.2808313258546824	NA	0.5914600071347773	8.364746710617219	NA	NA	NA	NA	4.002054455299281	14.250740878423812	1.6841229662899109	1.1719256960716133	0.3408065810309893	0.033927018703105875	0.0701717902620796	6.766399092115325	24.094174934090624	136	Adjusted loq and loq_units.	continue	Number of parameters to estimate is less than number of non-excluded detected observations
16	DTXSID0023537	rat	oral	plasma	model_2comp	L-BFGS-B	NA	NA	NA	0.11470347991820135	2.772	0.5	0.1	NA	0.02778683778744972	NA	4.127978894021854	5.81398321458398	42.19650679890615	0.7111165095754137	0.0182051053381748	0.24224930060766572	NA	215.92957233550257	136	Adjusted loq and loq_units.	continue	Number of parameters to estimate is less than number of non-excluded detected observations
17	DTXSID1020198	rat	iv	plasma	model_1comp	L-BFGS-B	3.0955532772514545	NA	NA	6.634951338576946	NA	NA	NA	NA	NA	20.53884536053579	NA	1.1685174886274092	0.10446906769758019	0	0.3230440281382917	0.04868822869280872	3.0955532772514545	NA	154	NA	continue	Number of parameters to estimate is less than number of non-excluded detected observations
18	DTXSID1021087	rat	iv	plasma	model_2comp	L-BFGS-B	NA	0.3728120995297268	NA	1.2975057663343814	0.11114885610513983	13.592281783576315	9.864134427315218	1.0258413450338082	NA	1.3310350605255838	3.5702571408078763	18.031080256085183	1.3119939565464747	0	0.9748096085628557	0.7512950106702169	2.4393991923732377	6.543240403008239	159	NA	continue	Number of parameters to estimate is less than number of non-excluded detected observations
19	DTXSID1021087	rat	oral	plasma	model_2comp	L-BFGS-B	NA	0.3728120995297268	NA	1.2975057663343814	0.11114885610513983	13.592281783576315	9.864134427315218	1.0258413450338082	NA	1.3310350605255838	3.5702571408078763	6.722204887060121	1.3119939565464747	3.6737322499305205	0.020556316742383805	0.28009187029417204	2.4393991923732377	6.543240403008239	159	NA	continue	Number of parameters to estimate is less than number of non-excluded detected observations
20	DTXSID1021116	dog	iv	plasma	model_2comp	L-BFGS-B	NA	NA	NA	4.347286779268548	NA	2.095015988156374	3.089391999362113	0.2127505808481218	NA	0.9248877874027441	NA	25.949093854289544	0.40320963277788907	0	4.7003396936146515	1.0812122439287308	0.35702358617033414	NA	32	NA	continue	Number of parameters to estimate is less than number of non-excluded detected observations
21	DTXSID1021116	human	iv	blood	model_2comp	L-BFGS-B	NA	0	NA	1.9853059528539119	0.06931471805599453	3.4225438187097925	3.2229139998939917	0.5862765807478232	NA	1.1639383857774905	Inf	20.61964816459629	0.8462396029073178	0	1.7056795936219271	0.8591520068581786	1.2088675923475043	Inf	14	NA	continue	Number of parameters to estimate is less than number of non-excluded detected observations
22	DTXSID1021116	rat	iv	plasma	model_2comp	L-BFGS-B	NA	0.1262888328651325	NA	0.7689769571248982	3.4841052571861457	0.6057361933599423	0.8830852039925531	0.8364439862975712	NA	0.6432061513885263	5.093135606656725	37.31307598378811	1.9398736960203649	0	1.1955373179576456	1.5547114993245046	1.4101874868431645	11.166367246018849	192	NA	continue	Number of parameters to estimate is less than number of non-excluded detected observations
23	DTXSID1023815	rat	iv	plasma	model_1comp	L-BFGS-B	0.37450005888471477	1	NA	3.475363965054386	1.2836405728310845	NA	NA	NA	NA	1.3015240095586833	1.3015240095586833	18.43992106464317	0.19944592495338778	0	2.6702265494378405	0.768330044360132	0.37450005888471477	0.37450005888471477	153,133	NA	continue	Number of parameters to estimate is less than number of non-excluded detected observations
24	DTXSID1023815	rat	oral	plasma	model_1comp	L-BFGS-B	0.37450005888471477	1	NA	3.475363965054386	1.2836405728310845	NA	NA	NA	NA	1.3015240095586833	1.3015240095586833	18.43992106464317	0.19944592495338778	0.45443643884634877	0.5503676854114666	0.7683300443601321	0.37450005888471477	0.37450005888471477	153,133	NA	continue	Number of parameters to estimate is less than number of non-excluded detected observations
25	DTXSID1026118	rat	iv	plasma	model_2comp	L-BFGS-B	NA	NA	NA	15.870360272958091	NA	15.315662628933508	6.591949460845736	0.13784742301052383	NA	2.1876882658758663	NA	10.97048440326635	0.23036576020486074	0	7.254397493696025	0.4571035168027645	0.458120604356517	NA	152	NA	continue	Number of parameters to estimate is less than number of non-excluded detected observations
26	DTXSID1043881	rat	iv	plasma	model_2comp	L-BFGS-B	NA	0.6383339743999894	NA	1.8695761805542086	0.014440566261665526	6.377308034408986	5.419806871806278	2.829177322189322	NA	5.289362532129296	8.286199300454129	4.53740878115581	0.8810770695430625	0	0.35345964077860026	0.1890586992148254	6.158176988473106	9.6472649669972	192	NA	continue	Number of parameters to estimate is less than number of non-excluded detected observations
27	DTXSID1043881	rat	oral	plasma	model_2comp	L-BFGS-B	NA	0.6383339743999894	NA	1.8695761805542086	0.014440566261665526	6.377308034408986	5.419806871806278	2.829177322189322	NA	5.289362532129296	8.286199300454129	2.8963821807526	0.8810770695430625	5.057272473738867	0.0016174873123815294	0.12068259086469166	6.158176988473106	9.6472649669972	192	NA	continue	Number of parameters to estimate is less than number of non-excluded detected observations
28	DTXSID1051432	rat	iv	plasma	model_2comp	L-BFGS-B	NA	NA	NA	6.975425516811337	NA	2.6945735236061297	1.2205990174819639	0.12803126467316273	NA	0.8930725505508053	NA	26.87351658630413	0.8175924583735417	0	7.810592221773273	1.1197298577626729	0.4106708957403824	NA	155	NA	continue	Number of parameters to estimate is less than number of non-excluded detected observations
29	DTXSID2020139	rat	iv	blood	model_2comp	L-BFGS-B	NA	0.5	NA	0.01925	45.45468089612199	0.5	0.1	10.263636363636364	NA	0.197575	0.39515	121.47285840819943	221.85233678941037	0	0.09743135518157663	5.0613691003416	61.58181818181818	123.16363636363636	36,38,59,46,31	NA	continue	Number of parameters to estimate is less than number of non-excluded detected observations
30	DTXSID2020139	rat	oral	blood	model_2comp	L-BFGS-B	NA	0.5	NA	0.01925	45.45468089612199	0.5	0.1	10.263636363636364	NA	0.197575	0.39515	60.736429204099714	221.85233678941037	0.09968888670283566	0.04626979484009167	2.5306845501708004	61.58181818181818	123.16363636363636	31	Adjusted analyte_dtxsid and adjusted analyte_name_original.	continue	Number of parameters to estimate is less than number of non-excluded detected observations
31	DTXSID2020420	rat	iv	plasma	model_1comp	L-BFGS-B	1.947388521785974	0	NA	6.566520143019525	9.473567997826214	NA	NA	NA	NA	12.787565954592615	Inf	1.8768231644099926	0.10555776354341784	0	0.5135082130826609	0.0782009651837497	1.947388521785974	Inf	192	NA	continue	Number of parameters to estimate is less than number of non-excluded detected observations
32	DTXSID2020420	rat	oral	plasma	model_1comp	L-BFGS-B	1.947388521785974	0	NA	6.566520143019525	9.473567997826214	NA	NA	NA	NA	12.787565954592615	Inf	0	0.10555776354341784	0.12608033629898757	0	0	1.947388521785974	Inf	192	NA	continue	Number of parameters to estimate is less than number of non-excluded detected observations
33	DTXSID2020428	rat	iv	plasma	model_1comp	L-BFGS-B	0.7489722787685988	1	NA	3.203746535107374	0.4682270960446432	NA	NA	NA	NA	2.399517342996373	2.399517342996373	10.002011475370395	0.21635518695511108	0	1.335162900346754	0.4167504781404331	0.7489722787685988	0.7489722787685988	134	NA	continue	Number of parameters to estimate is less than number of non-excluded detected observations
34	DTXSID2020428	rat	oral	plasma	model_1comp	L-BFGS-B	0.7489722787685988	1	NA	3.203746535107374	0.4682270960446432	NA	NA	NA	NA	2.399517342996373	2.399517342996373	10.002011475370395	0.21635518695511108	0.7030192301040629	0.14040248116656442	0.4167504781404331	0.7489722787685988	0.7489722787685988	134	NA	continue	Number of parameters to estimate is less than number of non-excluded detected observations
35	DTXSID2020682	rat	iv	blood	model_2comp	L-BFGS-B	NA	1	NA	0.0019799794693337756	0.943309741588053	1.719115031150658e-4	1.5740718564269613	6.31981410643062	NA	0.012513102180738608	0.012513102180738608	1917.9896122756154	350.11624532791063	0	0.1582325022792153	79.91623384482087	6.320504321898236	6.320504321898236	174	NA	continue	Number of parameters to estimate is less than number of non-excluded detected observations
36	DTXSID2020682	rat	oral	blood	model_2comp	L-BFGS-B	NA	1	NA	0.0019799794693337756	0.943309741588053	1.719115031150658e-4	1.5740718564269613	6.31981410643062	NA	0.012513102180738608	0.012513102180738608	1917.9896122756152	350.11624532791063	6.55058131307861	0.15617659814073007	79.91623384482084	6.320504321898236	6.320504321898236	180,174	NA	continue	Number of parameters to estimate is less than number of non-excluded detected observations
37	DTXSID2021319	rat	oral	blood	model_1comp	L-BFGS-B	NA	NA	0.7171668831364408	1.0837506289997116	0.13866581405785464	NA	NA	NA	NA	NA	1.5111554290684228	15.881887156237267	0.6395818023189629	2.1755891672642726	0.06786445703013441	0.6617452981765528	NA	1.3943755958538178	4	NA	continue	Number of parameters to estimate is less than number of non-excluded detected observations
38	DTXSID2021731	rat	iv	blood	model_1comp	L-BFGS-B	0.9944348778120156	NA	NA	0.3025641330658175	NA	NA	NA	NA	NA	0.3008803266956046	NA	79.7659330657414	2.2909099420887515	0	1.0055962660925861	3.3235805444058912	0.9944348778120156	NA	17	NA	continue	Number of parameters to estimate is less than number of non-excluded detected observations
39	DTXSID20230862	rat	oral	plasma	model_1comp	L-BFGS-B	NA	NA	0.030079078526143117	0.34363664763359303	10.396039603960396	NA	NA	NA	NA	NA	11.424440656814754	2.1007593037549586	2.017093302862803	0.3391821217119657	0.026769801895599084	0.08753163765645658	NA	33.2456993032833	192	NA	continue	Number of parameters to estimate is less than number of non-excluded detected observations
40	DTXSID2039336	rat	iv	plasma	model_1comp	L-BFGS-B	13.856560768881828	0	NA	2.042921504342491	0.004813522087221842	NA	NA	NA	NA	28.307865970977208	Inf	0.8478208857073907	0.33929212604917625	0	0.07216797996843023	0.03532587023780794	13.856560768881828	Inf	192	NA	continue	Number of parameters to estimate is less than number of non-excluded detected observations
41	DTXSID2046624	rat	iv	plasma	model_2comp	L-BFGS-B	NA	0.15688987829730253	NA	2.7710824219656667	0.9643334763627691	2.7455210244384887	2.206624367087731	2.26999348034737	NA	6.290339031367263	40.093976103717935	3.8153746372528	0.7739597280859548	0	0.44052989960436945	0.1589739432188667	5.094359475116708	32.47092502336588	192	NA	continue	Number of parameters to estimate is less than number of non-excluded detected observations
42	DTXSID2046624	rat	oral	plasma	model_2comp	L-BFGS-B	NA	0.15688987829730253	NA	2.7710824219656667	0.9643334763627691	2.7455210244384887	2.206624367087731	2.26999348034737	NA	6.290339031367263	40.093976103717935	0.5985936624972066	0.7739597280859548	0.5960374342017773	0.009876677424905098	0.024941402604050283	5.094359475116708	32.47092502336588	192	NA	continue	Number of parameters to estimate is less than number of non-excluded detected observations
43	DTXSID3020095	rat	iv	plasma	model_2comp	L-BFGS-B	NA	0	NA	6.024053380324616	0.014440566261665526	7.097159104686814	2.6548773039515288	0.42115218347412303	NA	2.5370432344883835	Inf	9.459830906208348	0.6365468540448845	0	2.374438597826819	0.39415962109201447	1.5469985828362665	Inf	166	NA	continue	Number of parameters to estimate is less than number of non-excluded detected observations
44	DTXSID3020095	rat	oral	plasma	model_2comp	L-BFGS-B	NA	0	NA	6.024053380324616	0.014440566261665526	7.097159104686814	2.6548773039515288	0.42115218347412303	NA	2.5370432344883835	Inf	0	0.6365468540448845	0	0	0	1.5469985828362665	Inf	166	NA	continue	Number of parameters to estimate is less than number of non-excluded detected observations
45	DTXSID3020209	rat	oral	plasma	model_2comp	L-BFGS-B	NA	NA	NA	0.39396720409343455	2.772588722239781	1.9889993567527735	1.1310448072862826	NA	0.4144135484091085	NA	0.9506619790927073	25.245566276780227	5.261304911927718	0.4726395165350977	0.17773926716289015	1.051898594865842	NA	6.65651608712017	61	Adjusted analyte_dtxsid and adjusted analyte_name_original.	continue	Number of parameters to estimate is less than number of non-excluded detected observations
46	DTXSID3022405	mouse	iv	plasma	model_1comp	L-BFGS-B	0.9428759694114985	0.012526129399082882	NA	8.966786620546534	2.7651446324666886	NA	NA	NA	NA	8.454567627353867	674.9545177118226	2.8387022326665785	0.07730162541970886	0	1.0605848833162603	0.11827925969444077	0.9428759694114985	75.27273105453729	129	NA	continue	Number of parameters to estimate is less than number of non-excluded detected observations
47	DTXSID3022405	mouse	oral	plasma	model_1comp	L-BFGS-B	0.9428759694114985	0.012526129399082882	NA	8.966786620546534	2.7651446324666886	NA	NA	NA	NA	8.454567627353867	674.9545177118226	0.03555795149184704	0.07730162541970886	0.18969725049512035	0.0024245903431510687	0.0014815813121602929	0.9428759694114985	75.27273105453729	129	NA	continue	Number of parameters to estimate is less than number of non-excluded detected observations
48	DTXSID3022405	rat	iv	plasma	model_2comp	L-BFGS-B	NA	0	NA	9.195552944401054	0.02166084939249829	4.782495530412371	4.012909907751214	0.44396620458038233	NA	4.082514739743695	Inf	5.878729540485811	0.2935952118049495	0	2.2524236973063223	0.24494706418690865	0.9730751150392456	Inf	129	NA	continue	Number of parameters to estimate is less than number of non-excluded detected observations
49	DTXSID3022405	rat	oral	plasma	model_2comp	L-BFGS-B	NA	0	NA	9.195552944401054	0.02166084939249829	4.782495530412371	4.012909907751214	0.44396620458038233	NA	4.082514739743695	Inf	0	0.2935952118049495	0	0	0	0.9730751150392456	Inf	129	NA	continue	Number of parameters to estimate is less than number of non-excluded detected observations
50	DTXSID3026148	rat	iv	plasma	model_2comp	L-BFGS-B	NA	0.11109815643503827	NA	8.887121327036992	3.5896381074425667	7.157679994674887	3.728812805077551	1.1042919806394549	NA	9.81397681241682	88.33609060070485	2.445491818325347	0.37492976120891164	0	0.9055576039055693	0.10189549243022274	3.2240467206306316	29.019803965116278	130	NA	continue	Number of parameters to estimate is less than number of non-excluded detected observations
51	DTXSID3026148	rat	oral	plasma	model_2comp	L-BFGS-B	NA	0.11109815643503827	NA	8.887121327036992	3.5896381074425667	7.157679994674887	3.728812805077551	1.1042919806394549	NA	9.81397681241682	88.33609060070485	0.27168963259291556	0.37492976120891164	0.14425116416960632	0.015705121864921852	0.011320401358038142	3.2240467206306316	29.019803965116278	130	NA	continue	Number of parameters to estimate is less than number of non-excluded detected observations
52	DTXSID3031860	rat	iv	plasma	model_2comp	L-BFGS-B	NA	0.8383755018734413	NA	0.0013446199757245062	11.606489545770808	0.1594594943273585	11.6190957907649	0.2507370364157757	NA	3.3714602781861495e-4	4.021420319000561e-4	71185.7712080536	522.5721564343827	0	3.988242081404304	2966.0738003361116	0.25417813043513815	0.3031793389324347	147	NA	continue	Number of parameters to estimate is less than number of non-excluded detected observations
53	DTXSID3031860	rat	oral	plasma	model_2comp	L-BFGS-B	NA	0.8383755018734413	NA	0.0013446199757245062	11.606489545770808	0.1594594943273585	11.6190957907649	0.2507370364157757	NA	3.3714602781861495e-4	4.021420319000561e-4	59680.40666279991	522.5721564343827	0.772747434351015	3.294993606907876	2486.6836109504525	0.25417813043513815	0.3031793389324347	147	NA	continue	Number of parameters to estimate is less than number of non-excluded detected observations
54	DTXSID3031862	rat	iv	plasma	model_1comp	L-BFGS-B	1.0534079060133188	1	NA	0.2364975106420625	11.935294566409933	NA	NA	NA	NA	0.24912834746281765	0.24912834746281765	96.33588567668717	2.9308857360829443	0	0.9492998811681185	4.013995236528633	1.0534079060133188	1.0534079060133188	145	NA	continue	Number of parameters to estimate is less than number of non-excluded detected observations
55	DTXSID3031862	rat	oral	plasma	model_1comp	L-BFGS-B	1.0534079060133188	1	NA	0.2364975106420625	11.935294566409933	NA	NA	NA	NA	0.24912834746281765	0.24912834746281765	96.33588567668718	2.9308857360829443	0.335189807859244	0.876952817078249	4.013995236528633	1.0534079060133188	1.0534079060133188	145	NA	continue	Number of parameters to estimate is less than number of non-excluded detected observations
56	DTXSID3032179	rat	oral	plasma	model_2comp	L-BFGS-B	NA	NA	NA	0.7401005453771267	3.5758314454194674e-4	0.8016839611010321	0.07332125774938232	NA	0.11572965051236482	NA	6.395081486036741	3.75288415830236	20.191827149669916	116.55708543552642	5.338326171427312e-5	0.15637017326259825	NA	103.11838329919253	179	Adjusted dose_level_normalized.	continue	Number of parameters to estimate is less than number of non-excluded detected observations
57	DTXSID3037707	rat	iv	plasma	model_1comp	L-BFGS-B	0.23923150053390946	0.7872510290280235	NA	0.267770874246706	1.895764710990727	NA	NA	NA	NA	0.06405922804531625	0.08137077715148462	374.65328153848685	2.588583177725768	0	4.180051530706579	15.610553397436952	0.23923150053390946	0.30388210585037373	144	NA	continue	Number of parameters to estimate is less than number of non-excluded detected observations
58	DTXSID3037707	rat	oral	plasma	model_1comp	L-BFGS-B	0.23923150053390946	0.7872510290280235	NA	0.267770874246706	1.895764710990727	NA	NA	NA	NA	0.06405922804531625	0.08137077715148462	294.94618141989963	2.588583177725768	1.2022440536109498	2.3849770966273955	12.289424225829148	0.23923150053390946	0.30388210585037373	144	NA	continue	Number of parameters to estimate is less than number of non-excluded detected observations
59	DTXSID3037709	rat	iv	plasma	model_1comp	L-BFGS-B	0.28301718346715254	1	NA	0.005222631194911196	14.69989588547537	NA	NA	NA	NA	0.001478094371071456	0.001478094371071456	16237.122926462833	132.71991735417407	0	3.5333543629730233	676.546788602618	0.28301718346715254	0.28301718346715254	143	NA	continue	Number of parameters to estimate is less than number of non-excluded detected observations
60	DTXSID3037709	rat	oral	plasma	model_1comp	L-BFGS-B	0.28301718346715254	1	NA	0.005222631194911196	14.69989588547537	NA	NA	NA	NA	0.001478094371071456	0.001478094371071456	16237.122926462833	132.71991735417407	0.540508401748965	3.523394206358451	676.5467886026181	0.28301718346715254	0.28301718346715254	143	NA	continue	Number of parameters to estimate is less than number of non-excluded detected observations
61	DTXSID30575892	rat	iv	plasma	model_1comp	L-BFGS-B	1.539483118211998	NA	NA	4.211910095498567	NA	NA	NA	NA	NA	6.484164487446727	NA	3.7013249812622337	0.16456837036971392	0	0.6495686689708102	0.15422187421925976	1.539483118211998	NA	156	NA	continue	Number of parameters to estimate is less than number of non-excluded detected observations
62	DTXSID3061635	rat	oral	blood	model_1comp	L-BFGS-B	NA	NA	0.07591971974222626	1.3832311161649438	1.3698755137049123	NA	NA	NA	NA	NA	18.219655194480332	1.3172587375457485	0.5011072787906332	0.7264577649551709	0.027793925169668818	0.0548857807310729	NA	13.17180837067558	66	NA	continue	Number of parameters to estimate is less than number of non-excluded detected observations
63	DTXSID4020290	rat	iv	plasma	model_2comp	L-BFGS-B	NA	0.39062659719087567	NA	12.36906267777514	0.5110976803201381	25.349924830661656	5.280108559604926	0.017116541734308287	NA	0.2117155775384132	0.5419896624063225	113.35963219638619	0.43962382411336115	0	58.42301649027656	4.72331800818276	0.09929345939186192	0.25419021670801184	173	NA	continue	Number of parameters to estimate is less than number of non-excluded detected observations
64	DTXSID4020290	rat	oral	plasma	model_2comp	L-BFGS-B	NA	0.39062659719087567	NA	12.36906267777514	0.5110976803201381	25.349924830661656	5.280108559604926	0.017116541734308287	NA	0.2117155775384132	0.5419896624063225	44.28128738368356	0.43962382411336115	0.844633253187628	0.5600279381520777	1.8450536409868157	0.09929345939186192	0.25419021670801184	173	NA	continue	Number of parameters to estimate is less than number of non-excluded detected observations
65	DTXSID4020458	rat	oral	plasma	model_2comp	L-BFGS-B	NA	NA	NA	0.11470347991820135	0.23099999999999998	0.5	0.1	NA	0.1767942163943942	NA	0.6487965627920754	36.99156465428356	42.19650679890615	3.0199656110260937	0.03945078157144662	1.5413151939284808	NA	33.93776177957736	192	NA	continue	Number of parameters to estimate is less than number of non-excluded detected observations
66	DTXSID4020533	rat	iv	plasma	model_2comp	L-BFGS-B	NA	NA	NA	0.11418665575862708	NA	3.7732106896204973	2.1124010854586097	0.842273948112027	NA	0.09617644536752776	NA	249.54134984181033	17.125001874983134	0	1.18726217549708	10.397556243408786	2.346759571833049	NA	6	NA	continue	Number of parameters to estimate is less than number of non-excluded detected observations
67	DTXSID4022107	rat	iv	plasma	model_2comp	L-BFGS-B	NA	NA	NA	0.04054883538392118	NA	0.09609223977887064	0.1287022497471175	0.7843016154812521	NA	0.03180251709749274	NA	754.6572469854005	32.401354202296275	0	1.2750196866372563	31.444051957725023	1.3698803372352437	NA	150	NA	continue	Number of parameters to estimate is less than number of non-excluded detected observations
68	DTXSID4022527	rat	oral	plasma	model_2comp	L-BFGS-B	NA	NA	NA	0.6800410838775545	2.311289049418338	1.5794964839741998	0.526168455789021	NA	0.6873726517059824	NA	0.9893339256221035	24.258745584721105	5.134864231711362	0.4752590580752576	0.26493558433039466	1.010781066030046	NA	5.822000102737124	61,64	NA	continue	Number of parameters to estimate is less than number of non-excluded detected observations
69	DTXSID4022577	rat	iv	plasma	model_2comp	L-BFGS-B	NA	0.41375940082977236	NA	8.77979555299758	0.34050225322082406	10.78283820114927	6.474690492739917	0.8685883120108636	NA	7.626027799178655	18.43106835490641	3.147116773241355	0.28815038347170285	0	1.1512934104361892	0.1311298655517231	2.3151203496927333	5.595329906824795	192	NA	continue	Number of parameters to estimate is less than number of non-excluded detected observations
70	DTXSID4022577	rat	oral	plasma	model_2comp	L-BFGS-B	NA	0.41375940082977236	NA	8.77979555299758	0.34050225322082406	10.78283820114927	6.474690492739917	0.8685883120108636	NA	7.626027799178655	18.43106835490641	1.3021491504376697	0.28815038347170285	0.7929760267144534	0.013556475118335526	0.054256214601569555	2.3151203496927333	5.595329906824795	192	NA	continue	Number of parameters to estimate is less than number of non-excluded detected observations
71	DTXSID4023917	rat	iv	plasma	model_1comp	L-BFGS-B	1.1571242306477192	NA	NA	3.297815769625086	NA	NA	NA	NA	NA	3.8159825352453436	NA	6.2893369606202745	0.21018371824898702	0	0.8642114420508105	0.26205570669251144	1.1571242306477192	NA	155	NA	continue	Number of parameters to estimate is less than number of non-excluded detected observations
72	DTXSID4024642	rat	iv	plasma	model_1comp	L-BFGS-B	0.8583782203082759	0.9075746468585564	NA	3.3359892372305784	0.9081374695407575	NA	NA	NA	NA	2.8635405044215467	3.155157004807587	8.381232939761805	0.2077786021682048	0	1.1649876200736575	0.3492180391567418	0.8583782203082759	0.9457935204332039	132	NA	continue	Number of parameters to estimate is less than number of non-excluded detected observations
73	DTXSID4024642	rat	oral	plasma	model_1comp	L-BFGS-B	0.8583782203082759	0.9075746468585564	NA	3.3359892372305784	0.9081374695407575	NA	NA	NA	NA	2.8635405044215467	3.155157004807587	7.6065945255436205	0.2077786021682048	0.5359177150865703	0.17691520484168466	0.31694143856431745	0.8583782203082759	0.9457935204332039	132	NA	continue	Number of parameters to estimate is less than number of non-excluded detected observations
74	DTXSID4024729	rat	oral	plasma	model_2comp	L-BFGS-B	NA	NA	NA	0.06844444444444443	0.3465	0.5	0.1	NA	0.12608008182441702	NA	0.5428648479127913	44.20989882154883	66.64102804402677	2.536703052957433	0.037454295101663565	1.8420791175645306	NA	47.588801602744695	192	NA	continue	Number of parameters to estimate is less than number of non-excluded detected observations
75	DTXSID4040002	rat	iv	plasma	model_2comp	L-BFGS-B	NA	0.8430912801282486	NA	2.2735448443239745	1.0336438474441076	0.01195081345793009	2.575890788716482	0.49288442355798684	NA	1.1205948400278551	1.329150077151069	21.417196601943502	0.3146447853461109	0	2.028873204759233	0.8923831917476459	0.4951711547455291	0.5873280466976305	135	NA	continue	Number of parameters to estimate is less than number of non-excluded detected observations
76	DTXSID4040002	rat	oral	plasma	model_2comp	L-BFGS-B	NA	0.8430912801282486	NA	2.2735448443239745	1.0336438474441076	0.01195081345793009	2.575890788716482	0.49288442355798684	NA	1.1205948400278551	1.329150077151069	18.056651699890924	0.3146447853461109	0.6357117704616437	0.4024145655909351	0.7523604874954553	0.4951711547455291	0.5873280466976305	135	NA	continue	Number of parameters to estimate is less than number of non-excluded detected observations
77	DTXSID5020285	rat	oral	plasma	model_1comp	L-BFGS-B	NA	NA	0.3185383551126685	2.836091392242185	16.23163997709214	NA	NA	NA	NA	NA	8.903453372951105	2.6955832747900437	0.24440227224551822	0.13023248562737325	0.2201681693544369	0.1123159697829185	NA	3.139339372950223	176	NA	continue	Number of parameters to estimate is less than number of non-excluded detected observations
78	DTXSID5021122	rat	oral	plasma	model_1comp	L-BFGS-B	NA	NA	0.15344351822680288	0.12025641152636213	0.11671614696466959	NA	NA	NA	NA	NA	0.7837177673977254	30.623268985836773	5.763910395812837	8.440423761299698	0.05560746565334695	1.2759695410765322	NA	6.51705599269376	140	NA	continue	Number of parameters to estimate is less than number of non-excluded detected observations
79	DTXSID5023320	rat	iv	plasma	model_2comp	L-BFGS-B	NA	0.10156453851176869	NA	7.9345669501203	0.6107136212004999	13.620102028156415	4.66303152388311	0.5275965231188414	NA	4.18624993533714	41.21763360202796	5.733054731732628	0.4631274452299195	0	1.8953877749015218	0.23887728048885937	2.068636603541711	20.367705439847096	192	NA	continue	Number of parameters to estimate is less than number of non-excluded detected observations
80	DTXSID5023320	rat	oral	plasma	model_2comp	L-BFGS-B	NA	0.10156453851176869	NA	7.9345669501203	0.6107136212004999	13.620102028156415	4.66303152388311	0.5275965231188414	NA	4.18624993533714	41.21763360202796	0.5822750580911363	0.4631274452299195	0.7755500041970519	0.008221566853954757	0.024261460753797336	2.068636603541711	20.367705439847096	192	NA	continue	Number of parameters to estimate is less than number of non-excluded detected observations
81	DTXSID5023794	rat	iv	plasma	model_2comp	L-BFGS-B	NA	0.20568076895197268	NA	9.435709915964816	0.2335257615006759	7.407201128788172	1.997086465604548	0.2881926216831709	NA	2.7193019781237924	13.220983137994592	8.825794337324398	0.6540182971494716	0	3.4699014643732475	0.3677414307218495	1.357100127394898	6.598089526356188	168	NA	continue	Number of parameters to estimate is less than number of non-excluded detected observations
82	DTXSID5023794	rat	oral	plasma	model_2comp	L-BFGS-B	NA	0.20568076895197268	NA	9.435709915964816	0.2335257615006759	7.407201128788172	1.997086465604548	0.2881926216831709	NA	2.7193019781237924	13.220983137994592	1.8152961659128481	0.6540182971494716	1.1238922446285033	0.012156889485081078	0.07563734024636859	1.357100127394898	6.598089526356188	168	NA	continue	Number of parameters to estimate is less than number of non-excluded detected observations
83	DTXSID5024219	rat	iv	plasma	model_1comp	L-BFGS-B	1.6714169759343778	0.6831482827339681	NA	1.5776607191022263	4.619583331539499	NA	NA	NA	NA	2.636928908172299	3.8599656543368237	9.101496792583164	0.4393512319647429	0	0.5982947489455567	0.37922903302429845	1.6714169759343778	2.4466386261637747	137	NA	continue	Number of parameters to estimate is less than number of non-excluded detected observations
84	DTXSID5024219	rat	oral	plasma	model_1comp	L-BFGS-B	1.6714169759343778	0.6831482827339681	NA	1.5776607191022263	4.619583331539499	NA	NA	NA	NA	2.636928908172299	3.8599656543368237	6.217671904161907	0.4393512319647429	0.3531849614631974	0.23412007985468433	0.2590696626734128	1.6714169759343778	2.4466386261637747	137	NA	continue	Number of parameters to estimate is less than number of non-excluded detected observations
85	DTXSID5025231	rat	oral	plasma	model_1comp	L-BFGS-B	0.6211337642863559	0	NA	3.0566957028389035	0.086625	NA	NA	NA	NA	1.8986169081822566	Inf	0	0.22676355383239014	1.1998035315839717	0	0	0.6211337642863559	Inf	160	NA	continue	Number of parameters to estimate is less than number of non-excluded detected observations
86	DTXSID5030955	rat	iv	plasma	model_2comp	L-BFGS-B	NA	NA	NA	3.82359469268465	NA	4.029963402484996	1.7703700874654316	0.9260114063612326	NA	3.5406922987282576	NA	6.778335414410424	0.9072324666389288	0	1.0799003048240043	0.282430642267101	3.0339277704826393	NA	165	NA	continue	Number of parameters to estimate is less than number of non-excluded detected observations
87	DTXSID5032442	rat	iv	plasma	model_1comp	L-BFGS-B	2.8709002279465747	1	NA	0.07279973304968118	16.636197781349942	NA	NA	NA	NA	0.20900077020677948	0.20900077020677948	114.832112705877	9.521287393827619	0	0.34832279793828114	4.7846713627448745	2.8709002279465747	2.8709002279465747	192	NA	continue	Number of parameters to estimate is less than number of non-excluded detected observations
88	DTXSID5032442	rat	oral	plasma	model_1comp	L-BFGS-B	2.8709002279465747	1	NA	0.07279973304968118	16.636197781349942	NA	NA	NA	NA	0.20900077020677948	0.20900077020677948	114.832112705877	9.521287393827619	0.3279293225588997	0.34010570385321215	4.7846713627448745	2.8709002279465747	2.8709002279465747	192	NA	continue	Number of parameters to estimate is less than number of non-excluded detected observations
89	DTXSID5032498	rat	iv	plasma	model_1comp	L-BFGS-B	1.797369724053134	NA	NA	5.820790346000551	NA	NA	NA	NA	NA	10.462112337962157	NA	2.2939918082235766	0.119081282670867	0	0.5563685571296726	0.09558299200931569	1.797369724053134	NA	192	NA	continue	Number of parameters to estimate is less than number of non-excluded detected observations
90	DTXSID5032600	rat	iv	plasma	model_2comp	L-BFGS-B	NA	0.25736858740100566	NA	0.5173811202486137	2.0572842881152273	1.0031795953591829	1.0378124032244864	0.10118868316154762	NA	0.052353114250603544	0.20341687685852752	458.4254507786673	3.0048474986028344	0	9.882528053097609	19.101060449111124	0.1990006016870313	0.7732124720293418	192	NA	continue	Number of parameters to estimate is less than number of non-excluded detected observations
91	DTXSID5032600	rat	oral	plasma	model_2comp	L-BFGS-B	NA	0.25736858740100566	NA	0.5173811202486137	2.0572842881152273	1.0031795953591829	1.0378124032244864	0.10118868316154762	NA	0.052353114250603544	0.20341687685852752	117.98431069557486	3.0048474986028344	0.6739593712114089	1.163893879633178	4.91601294564895	0.1990006016870313	0.7732124720293418	192	NA	continue	Number of parameters to estimate is less than number of non-excluded detected observations
92	DTXSID5034773	rat	iv	plasma	model_2comp	L-BFGS-B	NA	0.6698325497356926	NA	0.7216482926304311	0.11238390937925735	16.636197781349942	5.331074458846677	0.5528393150637766	NA	0.39895554781475134	0.5956048985260183	60.15707797888305	4.0571058994062525	0	1.8088438588790272	2.506544915786784	2.2780345374724185	3.4009015213896396	192	NA	continue	Number of parameters to estimate is less than number of non-excluded detected observations
93	DTXSID5034773	rat	oral	plasma	model_2comp	L-BFGS-B	NA	0.6698325497356926	NA	0.7216482926304311	0.11238390937925735	16.636197781349942	5.331074458846677	0.5528393150637766	NA	0.39895554781475134	0.5956048985260183	40.29516892724412	4.0571058994062525	7.016282971372979	0.0843755996901269	1.6789653719684985	2.2780345374724185	3.4009015213896396	192	NA	continue	Number of parameters to estimate is less than number of non-excluded detected observations
94	DTXSID50881104	rat	iv	plasma	model_2comp	L-BFGS-B	NA	0.10136523129687655	NA	4.009569610123643	5.705755690882352	8.664339756999317	2.781304190790622	0.543582754779785	NA	2.1795328941523184	21.501779912768555	11.01153373935853	0.9134613283502244	0	1.8396462934242968	0.45881390580660536	2.236955845379733	22.06827545066394	192	NA	continue	Number of parameters to estimate is less than number of non-excluded detected observations
95	DTXSID50881104	rat	oral	plasma	model_2comp	L-BFGS-B	NA	0.10136523129687655	NA	4.009569610123643	5.705755690882352	8.664339756999317	2.781304190790622	0.543582754779785	NA	2.1795328941523184	21.501779912768555	1.1161866644234373	0.9134613283502244	0.1341364910985459	0.046643252737822896	0.04650777768430988	2.236955845379733	22.06827545066394	192	NA	continue	Number of parameters to estimate is less than number of non-excluded detected observations
96	DTXSID6021117	rat	iv	plasma	model_2comp	L-BFGS-B	NA	NA	NA	0.5009738327048134	NA	0.10829121367130272	0.08664339756999316	1.114010340753647	NA	0.5580900300801498	NA	43.0038142708861	10.006758872812801	0	0.8976577356754901	1.7918255946202533	2.5063556922288046	NA	192	NA	continue	Number of parameters to estimate is less than number of non-excluded detected observations
97	DTXSID60221219	rat	iv	blood	model_1comp	L-BFGS-B	34.98928061448805	NA	NA	0.13408493727010265	NA	NA	NA	NA	NA	4.691535496319649	NA	5.115595953356249	5.16946343617747	0	0.02858018177104015	0.21314983138984372	34.98928061448805	NA	17	NA	continue	Number of parameters to estimate is less than number of non-excluded detected observations
98	DTXSID6022896	rat	iv	plasma	model_1comp	L-BFGS-B	21.12735720676366	NA	NA	0.14111924362959383	NA	NA	NA	NA	NA	2.9814766689107355	NA	8.049702434454487	4.91178355787748	0	0.04733199662472988	0.33540426810227025	21.12735720676366	NA	192	NA	continue	Number of parameters to estimate is less than number of non-excluded detected observations
99	DTXSID6022923	rat	iv	plasma	model_2comp	L-BFGS-B	NA	0.45644471413743104	NA	3.4404282999343705	9.600462962441288	20.879795262337062	7.484502672703123	0.23019654384001956	NA	0.7919747039742863	1.735094480107903	30.303998195350477	0.8337550295712641	0	4.344113874685162	1.2626665914729358	0.8723843972837665	1.9112597216343272	192	NA	continue	Number of parameters to estimate is less than number of non-excluded detected observations
100	DTXSID6022923	rat	oral	plasma	model_2comp	L-BFGS-B	NA	0.45644471413743104	NA	3.4404282999343705	9.600462962441288	20.879795262337062	7.484502672703123	0.23019654384001956	NA	0.7919747039742863	1.735094480107903	13.832099793497976	0.8337550295712641	0.09274325062740447	0.49257533305161194	0.5763374913957487	0.8723843972837665	1.9112597216343272	192	NA	continue	Number of parameters to estimate is less than number of non-excluded detected observations
101	DTXSID60230861	rat	oral	plasma	model_1comp	L-BFGS-B	NA	NA	0.035443721899514606	0.4569235790369	10.396039603960396	NA	NA	NA	NA	NA	12.891523647891997	1.8616883973931542	1.516987111982611	0.3143804784711366	0.03070109392082	0.07757034989138142	NA	28.21374128922095	192	NA	continue	Number of parameters to estimate is less than number of non-excluded detected observations
102	DTXSID6023733	rat	iv	plasma	model_2comp	L-BFGS-B	NA	0.8108715449485094	NA	2.2833126092324183	1.5801786472174173	9.746138515795515	16.796011866232828	0.13945179257538184	NA	0.3184120363674331	0.3926787644122502	75.3740350829737	0.49571872226589736	0	7.170936863070022	3.140584795123905	0.22037079272493887	0.27177028728876224	192	NA	continue	Number of parameters to estimate is less than number of non-excluded detected observations
103	DTXSID6023733	rat	oral	plasma	model_2comp	L-BFGS-B	NA	0.8108715449485094	NA	2.2833126092324183	1.5801786472174173	9.746138515795515	16.796011866232828	0.13945179257538184	NA	0.3184120363674331	0.3926787644122502	61.11866027673404	0.49571872226589736	0.6455504273953129	1.394800343366411	2.5466108448639204	0.22037079272493887	0.27177028728876224	192	NA	continue	Number of parameters to estimate is less than number of non-excluded detected observations
104	DTXSID7021106	rat	iv	plasma	model_1comp	L-BFGS-B	0.0911609308348443	0.755368324217215	NA	0.16430814456054893	0.1591024319263655	NA	NA	NA	NA	0.014978483401885801	0.019829377168294606	1602.2984007164828	4.218580779509166	0	10.969611552252509	66.76243336318677	0.0911609308348443	0.12068407942484746	161	Adjusted loq and loq_units.	continue	Number of parameters to estimate is less than number of non-excluded detected observations
105	DTXSID7021106	rat	oral	plasma	model_1comp	L-BFGS-B	0.0911609308348443	0.755368324217215	NA	0.16430814456054893	0.1591024319263655	NA	NA	NA	NA	0.014978483401885801	0.019829377168294606	1210.3254578451333	4.218580779509166	6.184623817081662	2.99934819707349	50.43022741021387	0.0911609308348443	0.12068407942484746	138,161	Adjusted loq and loq_units.	continue	Number of parameters to estimate is less than number of non-excluded detected observations
106	DTXSID7022413	rat	iv	plasma	model_2comp	L-BFGS-B	NA	0.05951857554143892	NA	3.054377886381722	8.31024327524282	3.0886254260369106	0.23148023117630107	1.3813628276773344	NA	4.219204073927376	70.888861763666	5.68827664637231	6.138636128502635	0	0.7239227666792152	0.23701152693217972	19.8127957429874	332.88423929421896	157	NA	continue	Number of parameters to estimate is less than number of non-excluded detected observations
107	DTXSID7022413	rat	oral	plasma	model_2comp	L-BFGS-B	NA	0.05951857554143892	NA	3.054377886381722	8.31024327524282	3.0886254260369106	0.23148023117630107	1.3813628276773344	NA	4.219204073927376	70.888861763666	0.3385581232777132	6.138636128502635	0.14045663775438258	0.01835397946452734	0.014106588469904726	19.8127957429874	332.88423929421896	157	NA	continue	Number of parameters to estimate is less than number of non-excluded detected observations
108	DTXSID7023510	rat	oral	plasma	model_1comp	L-BFGS-B	NA	NA	4.0916151705077	1.0451610058954075	0.24418602183368965	NA	NA	NA	NA	NA	0.2554397132528279	93.95563318788021	0.6631965569420705	1.815282542776739	0.6136547968346945	3.9148180494950093	NA	0.24440226128986536	140	NA	continue	Number of parameters to estimate is less than number of non-excluded detected observations
109	DTXSID7029904	rat	iv	plasma	model_2comp	L-BFGS-B	NA	0	NA	6.5171280236149665	0.0018050707827081908	6.299115795649961	4.105666803281497	0.5641540548446926	NA	3.676664200464361	Inf	6.527656237131694	0.3926314208652603	0	1.7725654746473327	0.271985676547154	1.429706932933063	Inf	131	NA	continue	Number of parameters to estimate is less than number of non-excluded detected observations
110	DTXSID7029904	rat	oral	plasma	model_2comp	L-BFGS-B	NA	0	NA	6.5171280236149665	0.0018050707827081908	6.299115795649961	4.105666803281497	0.5641540548446926	NA	3.676664200464361	Inf	0	0.3926314208652603	0	0	0	1.429706932933063	Inf	131	NA	continue	Number of parameters to estimate is less than number of non-excluded detected observations
111	DTXSID7038319	rat	iv	blood	model_2comp	L-BFGS-B	NA	NA	NA	0.01872972972972973	NA	0.5	0.1	24.881057342925878	NA	0.466015479422909	NA	51.50043519953552	227.8528107657867	0	0.040191218010448324	2.145851466647317	149.28634405755525	NA	59	NA	continue	Number of parameters to estimate is less than number of non-excluded detected observations
112	DTXSID7046627	rat	iv	plasma	model_2comp	L-BFGS-B	NA	0.48090888974952933	NA	5.695258323793096	0.6037546301543023	13.28735991808142	1.6972921020163	0.27696468282685344	NA	1.5773854152663518	3.2800088517554706	15.215051291663835	1.4485616348779096	0	3.61056864649114	0.6339604704859925	2.4452004396219578	5.0845399029647504	192	NA	continue	Number of parameters to estimate is less than number of non-excluded detected observations
113	DTXSID7046627	rat	oral	plasma	model_2comp	L-BFGS-B	NA	0.48090888974952933	NA	5.695258323793096	0.6037546301543023	13.28735991808142	1.6972921020163	0.27696468282685344	NA	1.5773854152663518	3.2800088517554706	7.317053424156197	1.4485616348779096	1.0413840300929977	0.06519009588898678	0.3048772260065079	2.4452004396219578	5.0845399029647504	192	NA	continue	Number of parameters to estimate is less than number of non-excluded detected observations
114	DTXSID70904607	rat	iv	plasma	model_1comp	L-BFGS-B	1.3020116433489546	NA	NA	0.02999166241276189	NA	NA	NA	NA	NA	0.03904949366480718	NA	614.6046401013817	23.111329109419458	0	0.768042286801569	25.608526670890903	1.3020116433489546	NA	139	NA	continue	Number of parameters to estimate is less than number of non-excluded detected observations
115	DTXSID80108992	rat	iv	plasma	model_1comp	L-BFGS-B	0.3279786106002205	1	NA	0.0010670978398444615	5.400852922377043	NA	NA	NA	NA	3.499852668866831e-4	3.499852668866831e-4	68574.31518044624	649.5629123014412	0	3.0489793165778103	2857.2631325185935	0.3279786106002205	0.3279786106002205	148	NA	continue	Number of parameters to estimate is less than number of non-excluded detected observations
116	DTXSID80108992	rat	oral	plasma	model_1comp	L-BFGS-B	0.3279786106002205	1	NA	0.0010670978398444615	5.400852922377043	NA	NA	NA	NA	3.499852668866831e-4	3.499852668866831e-4	68574.31518044625	649.5629123014412	1.5795755204946995	3.043844402866449	2857.263132518594	0.3279786106002205	0.3279786106002205	148	NA	continue	Number of parameters to estimate is less than number of non-excluded detected observations
117	DTXSID8020541	rat	iv	plasma	model_1comp	L-BFGS-B	0.029151569415423254	0.15874330047600405	NA	37.34905220020833	2.1609996569169985	NA	NA	NA	NA	1.0887834878146396	6.85876811525172	22.042950015867515	0.018558628391541328	0	34.30347044955079	0.9184562506611464	0.029151569415423254	0.18363968323708796	192	NA	continue	Number of parameters to estimate is less than number of non-excluded detected observations
118	DTXSID8020541	rat	oral	plasma	model_1comp	L-BFGS-B	0.029151569415423254	0.15874330047600405	NA	37.34905220020833	2.1609996569169985	NA	NA	NA	NA	1.0887834878146396	6.85876811525172	3.499170637746395	0.018558628391541328	0.0809859145464663	0.26448586611160185	0.14579877657276646	0.029151569415423254	0.18363968323708796	192	NA	continue	Number of parameters to estimate is less than number of non-excluded detected observations
119	DTXSID8020913	rat	iv	blood	model_1comp	L-BFGS-B	0.6363094720115137	NA	NA	7.459067874286105	NA	NA	NA	NA	NA	4.746275540785035	NA	5.056596439411606	0.09292678284232468	0	1.5715623356018589	0.21069151830881688	0.6363094720115137	NA	169	NA	continue	Number of parameters to estimate is less than number of non-excluded detected observations
120	DTXSID8021359	rat	iv	plasma	model_2comp	L-BFGS-B	NA	0.9507492333328319	NA	0.22836761827313512	3.5265621249910803	0.7373006119286277	1.5712531947176536	0.13460437977502607	NA	0.030739281618355263	0.03233163965917631	780.7599506707063	4.610191982503076	0	7.429178765738318	32.53166461127943	0.19776663262520006	0.2080113511445423	192	NA	continue	Number of parameters to estimate is less than number of non-excluded detected observations
121	DTXSID8021359	rat	oral	plasma	model_2comp	L-BFGS-B	NA	0.9507492333328319	NA	0.22836761827313512	3.5265621249910803	0.7373006119286277	1.5712531947176536	0.13460437977502607	NA	0.030739281618355263	0.03233163965917631	742.3069245171536	4.610191982503076	0.6256894485374817	4.663591611770315	30.92945518821473	0.19776663262520006	0.2080113511445423	192	NA	continue	Number of parameters to estimate is less than number of non-excluded detected observations
122	DTXSID8022406	mouse	iv	plasma	model_1comp	L-BFGS-B	17.473814428651888	0.08804121955076194	NA	1.7385440073355267	0.05682128385651998	NA	NA	NA	NA	30.3789953602258	345.05423158876374	0.7900195419701863	0.3986940667796238	0	0.0572284891820927	0.03291748091542443	17.473814428651888	198.4731074582288	129	NA	continue	Number of parameters to estimate is less than number of non-excluded detected observations
123	DTXSID8022406	mouse	oral	plasma	model_1comp	L-BFGS-B	17.473814428651888	0.08804121955076194	NA	1.7385440073355267	0.05682128385651998	NA	NA	NA	NA	30.3789953602258	345.05423158876374	0.06955428394398955	0.3986940667796238	2.034159523112249	1.4669874011569788e-4	0.002898095164332898	17.473814428651888	198.4731074582288	129	NA	continue	Number of parameters to estimate is less than number of non-excluded detected observations
124	DTXSID8022406	rat	iv	plasma	model_1comp	L-BFGS-B	69.74068479162807	0.5	NA	1.2793885519647752	0.693	NA	NA	NA	NA	89.22543372859286	178.45086745718572	0.26898160084044564	0.5417800397662378	0	0.014338832533517705	0.011207566701685235	69.74068479162807	139.48136958325614	129	NA	continue	Number of parameters to estimate is less than number of non-excluded detected observations
125	DTXSID8022406	rat	oral	plasma	model_1comp	L-BFGS-B	69.74068479162807	0.5	NA	1.2793885519647752	0.693	NA	NA	NA	NA	89.22543372859286	178.45086745718572	0.13449080042022285	0.5417800397662378	1.0455653470039938	0.0018816327852912607	0.005603783350842617	69.74068479162807	139.48136958325614	129	NA	continue	Number of parameters to estimate is less than number of non-excluded detected observations
126	DTXSID8023393	rat	iv	plasma	model_1comp	L-BFGS-B	0.025162536727316394	0.013726071593223067	NA	74.14350418251713	7.813767412108571	NA	NA	NA	NA	1.865638647084524	135.9193440318088	12.864227505956391	0.009348724317826183	0	39.74162107886373	0.5360094794148496	0.025162536727316394	1.8331928808924338	192	NA	continue	Number of parameters to estimate is less than number of non-excluded detected observations
127	DTXSID8023393	rat	oral	plasma	model_1comp	L-BFGS-B	0.025162536727316394	0.013726071593223067	NA	74.14350418251713	7.813767412108571	NA	NA	NA	NA	1.865638647084524	135.9193440318088	0.17657530773826685	0.009348724317826183	0.03392317442986455	0.044102349758717484	0.007357304489094451	0.025162536727316394	1.8331928808924338	192	NA	continue	Number of parameters to estimate is less than number of non-excluded detected observations
128	DTXSID8025337	rat	iv	plasma	model_1comp	L-BFGS-B	0.7249333077226241	1	NA	0.0498717016028058	1.996374329808842	NA	NA	NA	NA	0.0361536576046777	0.0361536576046777	663.8332492504102	13.898606991202973	0	1.3794372383598943	27.65971871876709	0.7249333077226241	0.7249333077226241	172	NA	continue	Number of parameters to estimate is less than number of non-excluded detected observations
129	DTXSID8025337	rat	oral	plasma	model_1comp	L-BFGS-B	0.7249333077226241	1	NA	0.0498717016028058	1.996374329808842	NA	NA	NA	NA	0.0361536576046777	0.0361536576046777	663.8332492504102	13.898606991202973	1.8955197830515231	1.255009096424242	27.65971871876709	0.7249333077226241	0.7249333077226241	172	NA	continue	Number of parameters to estimate is less than number of non-excluded detected observations
130	DTXSID8031865	rat	iv	plasma	model_1comp	L-BFGS-B	1.0403021934253307	0.7740190510342555	NA	0.0060544021770295425	18.25091880126676	NA	NA	NA	NA	0.00629840786464293	0.008137277572466602	3810.4867953578637	114.48647782100635	0	0.9612591478898738	158.77028313991096	1.0403021934253307	1.3440265999076686	192,131,146	NA	continue	Number of parameters to estimate is less than number of non-excluded detected observations
131	DTXSID8031865	rat	oral	plasma	model_1comp	L-BFGS-B	1.0403021934253307	0.7740190510342555	NA	0.0060544021770295425	18.25091880126676	NA	NA	NA	NA	0.00629840786464293	0.008137277572466602	2949.3893733214545	114.48647782100635	0.43909260643255615	0.7420575510686744	122.89122388839394	1.0403021934253307	1.3440265999076686	192,131,146	NA	continue	Number of parameters to estimate is less than number of non-excluded detected observations
132	DTXSID8032673	rat	oral	plasma	model_2comp	L-BFGS-B	NA	1	NA	4.642313435863291	0.6106746491685282	5.739480317773664	1.8429300383564529	0.08507800461417114	NA	0.39495876391680573	0.3949587639168058	60.76583732942654	0.9300424911673104	0.7186170337192567	0.706283537039281	2.531909888726103	0.35003843327697987	0.35003843327697987	192	NA	continue	Number of parameters to estimate is less than number of non-excluded detected observations
133	DTXSID8034586	rat	iv	plasma	model_1comp	L-BFGS-B	2.824857763958184	0.5233436542773774	NA	2.9251635454360296	0.30060670352759034	NA	NA	NA	NA	8.263170952172416	15.789187247492357	2.9044540091101854	0.23696014591779813	0	0.35400012445185997	0.12101891704625771	2.824857763958184	5.397710932138256	192	NA	continue	Number of parameters to estimate is less than number of non-excluded detected observations
134	DTXSID8034586	rat	oral	plasma	model_1comp	L-BFGS-B	2.824857763958184	0.5233436542773774	NA	2.9251635454360296	0.30060670352759034	NA	NA	NA	NA	8.263170952172416	15.789187247492357	1.5200275748083036	0.23696014591779813	0.8669284113720243	0.01467100256938653	0.06333448228367931	2.824857763958184	5.397710932138256	192	NA	continue	Number of parameters to estimate is less than number of non-excluded detected observations
135	DTXSID9021924	rat	iv	plasma	model_2comp	L-BFGS-B	NA	1	NA	0.1756607359439769	13.233366173579991	0.2620600530119963	0.6146016518731973	1.5626338964970512	NA	0.27449342026967627	0.27449342026967627	87.43378976596665	6.016592943174658	0	0.639945160694194	3.643074573581944	2.2289255026231722	2.2289255026231722	162,149	NA	continue	Number of parameters to estimate is less than number of non-excluded detected observations
136	DTXSID9021924	rat	oral	plasma	model_2comp	L-BFGS-B	NA	1	NA	0.1756607359439769	13.233366173579991	0.2620600530119963	0.6146016518731973	1.5626338964970512	NA	0.27449342026967627	0.27449342026967627	87.43378976596665	6.016592943174658	0.2718683992946128	0.5714784028709038	3.6430745735819436	2.2289255026231722	2.2289255026231722	162,149	NA	continue	Number of parameters to estimate is less than number of non-excluded detected observations
137	DTXSID9022360	rat	iv	blood	model_1comp	L-BFGS-B	9.647826728271044	0.223643230227858	NA	1.4980835568377044	0.18904010750944208	NA	NA	NA	NA	14.453250580842159	64.62637195016599	1.6605261125004014	0.4626892654927109	0	0.10365028603485366	0.06918858802085007	9.647826728271044	43.13936405962924	60	NA	continue	Number of parameters to estimate is less than number of non-excluded detected observations
138	DTXSID9025617	rat	iv	plasma	model_2comp	L-BFGS-B	NA	NA	NA	0.8565541757559273	NA	5.45141699502078	9.08304916129375	0.7567257398643915	NA	0.6481765923828381	NA	37.02694648655975	1.3245966648131822	0	1.321482734523084	1.5427894369399908	1.2108934412179795	NA	151	NA	continue	Number of parameters to estimate is less than number of non-excluded detected observations
139	DTXSID9030258	rat	iv	plasma	model_2comp	L-BFGS-B	NA	0.8312254194890897	NA	0.9799441513727383	8.506423867235815	0.028881132523331052	41.59299013260998	1.1897855446290313	NA	1.1659233858470472	1.4026560768120864	20.584542939383553	0.7078363481235295	0	0.8404876025887458	0.8576892891409809	1.1906117019665832	1.4323571850081163	175	NA	continue	Number of parameters to estimate is less than number of non-excluded detected observations
140	DTXSID9030258	rat	oral	plasma	model_2comp	L-BFGS-B	NA	0.8312254194890897	NA	0.9799441513727383	8.506423867235815	0.028881132523331052	41.59299013260998	1.1897855446290313	NA	1.1659233858470472	1.4026560768120864	17.110395339780272	0.7078363481235295	0.2871763171260056	0.5269908460827529	0.712933139157511	1.1906117019665832	1.4323571850081163	175	NA	continue	Number of parameters to estimate is less than number of non-excluded detected observations
141	DTXSID90382620	rat	iv	plasma	model_2comp	L-BFGS-B	NA	1	NA	0.010139441046179653	4.617086218330663	0.3364896857714122	4.5390380353205275	37.55262800477617	NA	0.380762657783543	0.380762657783543	63.03139110254763	73.4398371875852	0	0.026629294755957267	2.6263079626062065	40.33649363861538	40.33649363861538	131	NA	continue	Number of parameters to estimate is less than number of non-excluded detected observations
142	DTXSID90382620	rat	oral	plasma	model_2comp	L-BFGS-B	NA	1	NA	0.010139441046179653	4.617086218330663	0.3364896857714122	4.5390380353205275	37.55262800477617	NA	0.380762657783543	0.380762657783543	63.03139110254764	73.4398371875852	1.2617227343037951	0.024494842741006353	2.626307962606207	40.33649363861538	40.33649363861538	131	NA	continue	Number of parameters to estimate is less than number of non-excluded detected observations
