"DTXSID","Compound","CAS","Species","Media","Reference","AIC.best","Model","Vdist","kelim","kgutabs","Fgutabs","halflife","CLtot","Css","kelim.1comp","Vdist.1comp","Fgutabs.1comp","kgutabs.1comp","LogLikelihood.1comp","AIC.1comp","CLtot.1comp","Css.1comp","halflife.1comp","kelim.2comp","Vdist.2comp","Fgutabs.2comp","kgutabs.2comp","V1.2comp","Ralphatokelim.2comp","Fbetaofalpha.2comp","LogLikelihood.2comp","AIC.2comp","beta.2comp","alpha.2comp","k21.2comp","k12.2comp","halflife.2comp","CLtot.2comp","Css.2comp","A.flat","LogLikelihood.flat","AIC.flat"
"DTXSID00148077","macelignan","107534-93-0","rat","blood","24864",-111,"1comp",1.14,35.2,0.016,NA,0.0197,40,0.00104,35.2,1.14,NA,0.016,59.5,-111,40,0.00104,0.0197,0.016,261,NA,501,280,0.956,0.416,59.6,Inf,0.00639,0.0153,0.00611,-0.000421,108,1.67,0.025,0.00328,56.9,-110
"DTXSID00200321","isopsoralen","523-50-2","rat","blood","24851",60.5,"2comp",0.0723,0.154,0.816,NA,7.5,0.00668,6.24,0.107,0.117,NA,2.19,0,Inf,0.0125,3.32,6.45,0.154,0.0723,NA,0.816,0.0496,3.21,0.187,-24.2,60.5,0.0925,0.494,0.297,0.136,7.5,0.00668,6.24,5.98,-49.3,103
"DTXSID0020232","caffeine","58-08-2","rat","blood","24812",-44.1,"1comp",13.1,0.405,17.8,NA,1.71,5.31,0.00785,0.405,13.1,NA,17.8,26,-44.1,5.31,0.00785,1.71,0.187,1.35,NA,95.2,2.73,7.31,0.331,26.4,Inf,0.454,1.37,3.32,-1.68,1.53,0.612,0.0681,0.172,-3.53,11.1
"DTXSID0020232","caffeine","58-08-2","rat","plasma","Joint Analysis",202,"flat",NA,NA,NA,NA,NA,NA,NA,4.75,46200,NA,0.4,0,Inf,219000,1.9e-07,0.146,0.386,3.01,NA,0.543,4.06,16.2,0.0849,-39,Inf,0.532,6.26,8.62,-2.22,1.3,1.6,0.026,0.000201,-98.1,202
"DTXSID0020365","cyclosporin a","59865-13-3","rat","plasma","Joint Analysis",78.5,"2comp",1.61,0.36,NA,NA,9.63,0.116,0.361,0.0792,1.11,NA,NA,-53.9,116,0.0876,0.475,8.75,0.36,1.61,NA,NA,0.327,38,0.00525,-33.3,78.5,0.072,13.7,2.74,10.7,9.63,0.116,0.361,0.459,-70.4,147
"DTXSID0020442","2,4-dichlorophenoxyacetic acid","94-75-7","hamster","plasma","164",1150,"flat",NA,NA,NA,NA,NA,NA,NA,4.75,0.0743,0.161,1.9,0,Inf,0.353,0.0191,0.146,0.507,132,1.06,179,1.08,1.26,0.00135,0,Inf,0.00086,0.639,0.00108,0.132,806,0.114,0.39,0.101,-575,1150
"DTXSID0020442","2,4-dichlorophenoxyacetic acid","94-75-7","mouse","plasma","164",989,"flat",NA,NA,NA,NA,NA,NA,NA,0.991,0.114,0.71,1.83,0,Inf,0.113,0.263,0.7,1.24,0.228,1.01,2.38,0.116,1.48,0.17,0,Inf,0.31,1.83,0.458,0.442,2.24,0.0705,0.598,0.585,-493,989
"DTXSID0020442","2,4-dichlorophenoxyacetic acid","94-75-7","rat","plasma","Joint Analysis",1350,"flat",NA,NA,NA,NA,NA,NA,NA,0.43,0.536,0.195,2.23,0,Inf,0.231,0.0353,1.61,0.185,0.655,1.08,6.18,0.909,14.5,0.0983,0,Inf,0.264,2.69,3.84,-1.07,2.62,0.173,0.26,0.483,-671,1350
"DTXSID0020652","gemfibrozil","25812-30-0","rat","plasma","163",1370,"flat",NA,NA,NA,NA,NA,NA,NA,3180,2740,1.04,0.14,0,Inf,8740000,4.95e-09,0.000218,1.87,3.98,0.184,0.0274,0.0657,9.21,0.0016,-3480,6980,0.0276,17.2,0.254,15.1,25.1,0.11,0.0699,0.0205,-681,1370
"DTXSID0020868","dichloromethane","75-09-2","mouse","blood","30",46.3,"2comp",1.13,11.1,NA,NA,0.296,2.64,0.0158,10.9,0.675,NA,NA,-39.7,85.5,7.33,0.00568,0.0639,11.1,1.13,NA,NA,0.593,1.31,0.16,-18.2,46.3,2.34,14.6,3.08,2.76,0.296,2.64,0.0158,0.0234,-66.9,138
"DTXSID0020868","dichloromethane","75-09-2","rat","blood","Joint Analysis",377,"flat",NA,NA,NA,NA,NA,NA,NA,0.606,0.909,NA,3.29e-06,-1600,3210,0.551,0.0757,1.14,0.523,-146000,NA,21.2,1.95,0.0436,0.00669,-159,Inf,0.000152,0.0228,6.65e-06,-0.5,4540,-22.3,-0.00187,0.236,-185,377
"DTXSID0021125","phenolphthalein","77-09-8","rat","plasma","139",606,"flat",NA,NA,NA,NA,NA,NA,NA,1.13e-07,534,NA,NA,-301,608,6.02e-05,692,6140000,1.09e-12,-1.91e+69,NA,NA,534,9.11e-37,0.367,0,Inf,3.63e-49,9.11e-43,3.04e-79,-1.09e-12,1.91e+48,-6.92e+20,-6.02e-23,0.00187,-301,606
"DTXSID0021256","sulfasalazine","599-79-1","rat","blood","24900",95.6,"flat",NA,NA,NA,NA,NA,NA,NA,1.29,10100,NA,0.0908,0,Inf,13000,3.21e-06,0.539,0.219,51.6,NA,0.0224,19.7,2.3,0.113,0,Inf,0.0568,0.503,0.131,0.211,12.2,2.93,0.0142,0.00249,-45.8,95.6
"DTXSID0021383","trichloroethylene","79-01-6","mouse","blood","45",355,"flat",NA,NA,NA,NA,NA,NA,NA,234,0.945,NA,0.0116,0,Inf,221,0.000189,0.00297,0.225,96.4,NA,0.211,4.71,2.14,0.0124,-1090,2190,0.006,0.482,0.0129,0.25,116,0.578,0.0721,0.00976,-175,355
"DTXSID0021383","trichloroethylene","79-01-6","rat","blood","Joint Analysis",220,"2comp",96.8,0.377,0.803,NA,261,0.257,0.162,1.33,37000,NA,0.333,-103,Inf,49200,8.46e-07,0.521,0.377,96.8,NA,0.803,1.34,2.03,0.00348,-102,220,0.00265,0.764,0.00538,0.384,261,0.257,0.162,0.00517,-113,233
"DTXSID00216205","psoralen","66-97-7","rat","blood","24851",47.1,"2comp",0.0698,0.139,0.653,NA,7.78,0.00622,6.7,0.0957,0.118,NA,2.19,0,Inf,0.0113,3.69,7.25,0.139,0.0698,NA,0.653,0.0516,2.66,0.24,-17.5,47.1,0.0891,0.371,0.237,0.0834,7.78,0.00622,6.7,5.62,-42.9,89.9
"DTXSID0021961","benzophenone","119-61-9","mouse","plasma","171",307,"2comp",8.88,2.07,7.96,0.435,1.89,3.26,0.00556,2.09,3.29,0.149,0.657,-324,659,6.88,0.000905,0.332,2.07,8.88,0.435,7.96,2.3,2.62,0.0678,-146,307,0.366,5.4,0.959,2.75,1.89,3.26,0.00556,0.00563,-747,1500
"DTXSID0021961","benzophenone","119-61-9","rat","plasma","171",-27.1,"2comp",18.5,0.238,6.48,0.548,14.2,0.904,0.0253,0.0956,12.5,0.0953,18.2,-56.6,123,1.19,0.00334,7.25,0.238,18.5,0.548,6.48,4.09,11.4,0.0181,20.6,-27.1,0.0488,2.7,0.554,1.96,14.2,0.904,0.0253,0.0219,-238,480
"DTXSID0022808","chlorpromazine","50-53-3","rat","blood","24993",-53.8,"flat",NA,NA,NA,NA,NA,NA,NA,1.42,3750,NA,0.0228,0,Inf,5320,7.83e-06,0.489,0.0419,298,NA,0.714,349,0.955,0.259,36.7,Inf,0.0103,0.04,0.00987,-0.00143,67,3.08,0.0135,0.00147,28.9,-53.8
"DTXSID0022985","l-ephedrine","299-42-3","rat","plasma","136",614,"2comp",24.8,0.341,4.2,0.0566,4.5,3.83,0.000616,0.179,22.3,0.00668,7.05,-303,615,4.01,6.95e-05,3.86,0.341,24.8,0.0566,4.2,12.2,6.64,0.0681,-300,614,0.154,2.26,1.02,1.05,4.5,3.83,0.000616,0.000973,-467,938
"DTXSID0023030","etizolam","40054-69-1","rat","blood","25007",-74,"2comp",3.55,3.66,5.93,NA,0.981,2.51,0.0166,12.2,4.56,NA,1.33,34.1,-60.2,55.5,0.000751,0.0569,3.66,3.55,NA,5.93,1.75,1.33,0.146,43,-74,0.706,4.85,0.937,0.962,0.981,2.51,0.0166,0.0255,2.87,-1.74
"DTXSID0023537","pseudoephedrine","90-82-4","rat","plasma","136",-49.7,"flat",NA,NA,NA,NA,NA,NA,NA,78,135000,NA,0.192,0,Inf,10500000,3.97e-09,0.00888,0.000436,264000,NA,5.51,3230,743,1.65e-05,61.9,Inf,5.33e-06,0.325,0.00397,0.32,130000,1.41,0.0296,0.000105,26.8,-49.7
"DTXSID0023589","sotalol","3930-20-9","rat","blood","24897",-20.1,"1comp",33.3,1.2,0.215,NA,0.576,40,0.00104,1.2,33.3,NA,0.215,14,-20.1,40,0.00104,0.576,0.374,12.6,NA,0.622,2.21,1.37,0.0398,14.6,-17.1,0.0204,0.513,0.028,0.132,33.9,0.257,0.162,0.0232,-7.06,18.1
"DTXSID00343363","2-(1h-imidazol-2-yl)pyridine","18653-75-3","rat","blood","24983",-23.5,"1comp",1.54,3.84,0.27,NA,0.18,5.91,0.00705,3.84,1.54,NA,0.27,15.8,-23.5,5.91,0.00705,0.18,0.000777,0.0247,NA,4.95,7.11,1000,0.408,0,Inf,0.317,0.778,317,-316,2.19,0.00781,5.33,0.0227,-44.7,93.3
"DTXSID0041436","tert-amyl alcohol","75-85-4","human","blood","51",-114,"1comp",1.08,4.8,0.186,NA,0.144,5.19,0.00803,4.8,1.08,NA,0.186,61.2,-114,5.19,0.00803,0.144,0.188,1.97,NA,21.1,1.87,2.57,0.358,0,Inf,0.173,0.482,0.443,0.0239,4.02,0.34,0.123,0.195,36.6,-69.1
"DTXSID0043763","taltirelin","103300-74-9","rat","blood","24904",-90.6,"1comp",77.6,2.87,0.347,NA,0.242,223,0.000187,2.87,77.6,NA,0.347,49.3,-90.6,223,0.000187,0.242,1.01,8.57,NA,1.33,0.639,1.27,0.0133,50.7,-89.5,0.0171,1.29,0.0217,0.269,40.6,0.146,0.285,0.00927,39.4,-74.9
"DTXSID0075368","scopoletin","92-61-5","rat","blood","25035",37.3,"2comp",7.01,5.14,8.37,NA,5.74,0.846,0.0492,26.2,1.87,NA,2,-19,46.1,49,0.00085,0.0265,5.14,7.01,NA,8.37,0.551,1.39,0.0169,-12.7,37.3,0.121,7.16,0.168,1.97,5.74,0.846,0.0492,0.0252,-41.6,87.3
"DTXSID00861411","fexofenadine","83799-24-0","rat","blood","25008",-177,"1comp",34.9,18.5,0.102,NA,0.0375,645,6.46e-05,18.5,34.9,NA,0.102,92.3,-177,645,6.46e-05,0.0375,1.26,336,NA,3.78,29.5,2.79,0.0208,94.3,-177,0.0732,3.51,0.204,2.12,9.47,24.6,0.0017,0.00122,85.1,-166
"DTXSID101027953","darolutamide","1297538-32-9","rat","blood","24997",17.5,"1comp",1.39,0.904,0.173,NA,0.767,1.25,0.0333,0.904,1.39,NA,0.173,-4.73,17.5,1.25,0.0333,0.767,0.425,0.0978,NA,0.482,0.0799,1.05,0.162,-3.72,19.4,0.0722,0.445,0.0757,0.017,9.6,0.00706,5.9,0.0731,-26,55.9
"DTXSID10160043","elbasvir","1370468-36-2","rat","blood","25004",-15,"flat",NA,NA,NA,NA,NA,NA,NA,2.14,37000,NA,0.0189,0,Inf,79100,5.27e-07,0.324,0.032,13.4,NA,0.0416,17.4,9.13,0.148,0,Inf,0.0431,0.292,0.394,-0.0904,16.1,0.579,0.072,0.000476,9.49,-15
"DTXSID1020198","bromodichloromethane","75-27-4","rat","plasma","154",184,"1comp",167,0.0992,NA,NA,6.98,16.5,0.00252,0.0992,167,NA,NA,-89,184,16.5,0.00252,6.98,7.65,2.66,NA,NA,3.12,43.5,0.0271,0,Inf,9.01,332,392,-57.8,0.0769,24,0.00174,0.00397,-99.4,203
"DTXSID1021087","oxazepam","604-75-1","rat","plasma","159",670,"2comp",13.1,0.189,1.24,0.241,30.8,0.295,0.0341,0.031,9.55,0.0368,1.74,-406,823,0.296,0.00518,22.4,0.189,13.1,0.241,1.24,1.81,6.25,0.019,-328,670,0.0225,1.18,0.141,0.875,30.8,0.295,0.0341,0.0119,-531,1070
"DTXSID1021116","phenacetin","62-44-2","human","blood","14",153,"2comp",6.81,0.00171,5.05,0.132,2710,0.00174,3.15,0.646,1.38,0.0399,0.388,-77.6,165,0.89,0.00187,1.07,0.00171,6.81,0.132,5.05,1.02,1000,0.000149,-69.4,153,0.000256,1.71,0.256,1.46,2710,0.00174,3.15,0.0509,-188,380
"DTXSID1021116","phenacetin","62-44-2","dog","plasma","32",-40.8,"2comp",0.353,4.41,NA,NA,0.403,0.608,0.0686,1.52,0.661,NA,NA,8.53,-11.1,1.01,0.0414,0.455,4.41,0.353,NA,NA,0.208,1.8,0.217,25.4,-40.8,1.72,7.94,3.1,2.15,0.403,0.608,0.0686,0.102,-5.31,14.6
"DTXSID1021116","phenacetin","62-44-2","rat","plasma","Joint Analysis",216,"2comp",1.61,0.726,4.28,0.159,2.65,0.423,0.0156,0.497,1.04,0.00431,6.89,0,Inf,0.519,0.000346,1.39,0.726,1.61,0.159,4.28,0.855,2,0.18,-97.1,216,0.262,1.45,0.524,0.465,2.65,0.423,0.0156,0.0304,-213,437
"DTXSID1021378","trichloroacetic acid","76-03-9","mouse","blood","45",398,"1comp",8.94,0.223,0.0527,NA,3.1,2,0.0209,0.223,8.94,NA,0.0527,-195,398,2,0.0209,3.1,0.0527,6.85,NA,0.223,7.1,0.995,0.123,-195,Inf,0.00643,0.0524,0.0064,-0.000221,108,0.044,0.946,0.0281,-213,430
"DTXSID1021950","trichloroethanol","115-20-8","mouse","blood","45",221,"1comp",4.13,3.38,0.135,NA,0.205,14,0.00298,3.38,4.13,NA,0.135,-106,221,14,0.00298,0.205,0.0744,110,NA,2.4,27,3.86,0.0504,-105,222,0.0145,0.287,0.0558,0.171,47.9,1.59,0.0263,0.0184,-126,256
"DTXSID1022265","alachlor","15972-60-8","rat","plasma","192",-291,"1comp",6430,0.0363,64.8,0.00081,19.1,233,1.45e-07,0.0363,6430,0.00081,64.8,151,-291,233,1.45e-07,19.1,0.0363,759,0.594,61.4,6430,0.917,0.102,151,Inf,0.00339,0.0333,0.00311,-0.00274,204,2.57,0.00962,6.81e-05,131,-259
"DTXSID1022845","clonazepam","1622-61-3","rat","blood","24995",-85.5,"2comp",6.21,2.39,4.45,NA,6.04,0.713,0.0585,14,1.61,NA,0.462,34.6,-61.3,22.4,0.00186,0.0496,2.39,6.21,NA,4.45,0.691,1.67,0.0287,48.8,-85.5,0.115,4,0.192,1.53,6.04,0.713,0.0585,0.0374,24.9,-45.9
"DTXSID10234975","tedizolid","856866-72-3","rat","blood","25039",38.9,"2comp",1.8,0.314,7.93,NA,3.75,0.334,0.125,3.88,0.947,NA,0.00342,0,Inf,3.68,0.0113,0.179,0.314,1.8,NA,7.93,1.35,1.93,0.305,-13.5,38.9,0.185,0.606,0.357,0.12,3.75,0.334,0.125,0.183,-54.6,113
"DTXSID1023815","dibromoacetic acid","631-64-1","rat","plasma","Joint Analysis",2530,"2comp",1.59,1.26,4.64,0.999,2.79,0.396,0.105,2.72,0.412,0.357,2.19,0,Inf,1.12,0.0133,0.255,1.26,1.59,0.999,4.64,0.652,1.55,0.128,-1260,2530,0.249,1.95,0.386,0.555,2.79,0.396,0.105,0.0585,-2000,4000
"DTXSID1026118","tetralin","119-64-2","rat","plasma","152",754,"flat",NA,NA,NA,NA,NA,NA,NA,3.06e-08,343,NA,NA,-375,756,1.05e-05,3980,22700000,2.41,342,NA,NA,2e-07,1000,5.85e-13,0,Inf,1.41e-09,2410,1.41e-06,2400,4.92e+08,4.82e-07,86500,0.00292,-375,754
"DTXSID1034187","tamoxifen","10540-29-1","rat","plasma","Joint Analysis",541,"flat",NA,NA,NA,NA,NA,NA,NA,0.14,25100,0.00014,7310,0,Inf,3520,1.65e-09,4.94,0.00124,244,0.353,11.2,27100,705,0.18,0,Inf,0.158,0.876,111,-110,4.4,38.4,0.000383,6.89e-06,-268,541
"DTXSID1040619","bexarotene","153559-49-0","rat","blood","24990",32.4,"1comp",10.9,1.1,0.101,NA,0.629,12,0.00346,1.1,10.9,NA,0.101,-12.2,32.4,12,0.00346,0.629,0.165,20.2,NA,0.912,12.7,4.03,0.139,-12.2,36.4,0.0926,0.666,0.374,0.22,7.49,1.87,0.0223,0.02,-23.5,51
"DTXSID1043881","imipramine","50-49-7","rat","plasma","Joint Analysis",-23.8,"2comp",42.6,0.508,2.4,0.105,17.6,1.68,0.00262,1.67,4.42,0.0876,0.06,7.73,-3.45,7.38,0.000495,0.415,0.508,42.6,0.105,2.4,4.22,4.21,0.0184,19.9,-23.8,0.0393,2.14,0.165,1.5,17.6,1.68,0.00262,0.00191,-14.4,34.8
"DTXSID1044196","desloratadine","100643-71-8","rat","blood","24998",-57.9,"2comp",1.18,0.277,0.29,NA,2.52,0.326,0.128,0.611,16400,NA,0.129,0,Inf,10000,4.16e-06,1.14,0.277,1.18,NA,0.29,1.18,15.4,0.0648,34.9,-57.9,0.276,4.25,4.23,0.0154,2.52,0.326,0.128,0.00456,11.2,-18.3
"DTXSID1045164","loxoprofen","68767-14-6","rat","blood","24861",49.4,"2comp",0.315,2.01,5.02,NA,3.02,0.0725,0.575,0.358,0.597,NA,2.19,0,Inf,0.214,0.195,1.94,2.01,0.315,NA,5.02,0.0627,2.08,0.0548,-18.7,49.4,0.23,4.19,0.479,1.93,3.02,0.0725,0.575,0.97,-37.3,78.6
"DTXSID1045536","disopyramide","9/5/3737","rat","blood","24825",-5.55,"1comp",5.6,1.87,0.223,NA,0.37,10.5,0.00397,1.87,5.6,NA,0.223,6.78,-5.55,10.5,0.00397,0.37,0.406,14.4,NA,0.992,0.546,2.31,0.00946,8.75,-5.5,0.00886,0.937,0.0205,0.52,78.2,0.128,0.326,0.0401,-3.52,11
"DTXSID1046716","mofezolac","78967-07-4","rat","blood","24872",107,"flat",NA,NA,NA,NA,NA,NA,NA,1160,0.986,NA,0.177,0,Inf,1140,3.64e-05,0.000597,0.388,9.05,NA,0.334,1.98,1.52,0.0577,-453,919,0.034,0.59,0.0518,0.185,20.4,0.308,0.135,0.0262,-51.5,107
"DTXSID1048384","pitavastatin","147511-69-1","rat","blood","24884",-102,"2comp",2.55,1.1,2.19,NA,9.28,0.19,0.219,5.66,1.26,NA,0.222,49.7,-91.3,7.12,0.00585,0.122,1.1,2.55,NA,2.19,0.366,1.77,0.0384,56.9,-102,0.0747,1.94,0.132,0.788,9.28,0.19,0.219,0.0871,36.9,-69.7
"DTXSID1051432","thiodiglycolic acid","123-93-3","rat","plasma","155",352,"1comp",12.6,0.185,NA,NA,3.75,2.33,0.0179,0.185,12.6,NA,NA,-173,352,2.33,0.0179,3.75,0.000457,0.0303,NA,NA,13,1000,0.75,0,Inf,0.342,0.458,343,-342,2.02,0.0104,4.01,0.0369,-189,383
"DTXSID201029738","vaniprevir","923590-37-8","rat","blood","25042",-26.5,"flat",NA,NA,NA,NA,NA,NA,NA,3.06,1660,NA,0.154,0,Inf,5090,8.19e-06,0.226,NA,NA,NA,NA,NA,NA,NA,NA,Inf,NA,NA,NA,NA,NA,NA,NA,0.00406,15.2,-26.5
"DTXSID201319103","d-carnosine","5853-00-9","rat","blood","24818",42.6,"flat",NA,NA,NA,NA,NA,NA,NA,1.33,12100,NA,0.225,0,Inf,16100,2.59e-06,0.521,0.763,0.4,NA,0.782,0.392,1.16,0.75,0,Inf,0.665,0.887,0.773,0.0159,1.04,0.266,0.157,0.00307,-19.3,42.6
"DTXSID20157989","ibrolipim","133208-93-2","rat","blood","24848",-29.8,"1comp",3.81,0.418,1.07,NA,1.66,1.59,0.0262,0.418,3.81,NA,1.07,18.9,-29.8,1.59,0.0262,1.66,0.68,0.095,NA,0.765,0.0767,1.04,0.138,20.8,-29.6,0.0976,0.709,0.102,0.0242,7.11,0.00927,4.5,0.23,-6.34,16.7
"DTXSID20164370","sacubitril","149709-62-6","rat","blood","25032",-51.1,"2comp",449,0.63,657,NA,5.03,61.9,0.000673,53.6,5.51,NA,0.273,22.3,-36.5,295,0.000141,0.0129,0.63,449,NA,657,109,7.82,0.028,31.5,-51.1,0.138,4.92,1.08,3.35,5.03,61.9,0.000673,0.00202,18,-32.1
"DTXSID2020006","acetaminophen","103-90-2","rat","blood","24786",186,"flat",NA,NA,NA,NA,NA,NA,NA,1.03,0.948,NA,2.19,0,Inf,0.973,0.0428,0.675,1.34,0.271,NA,13.2,0.791,0.817,0.311,-67.2,Inf,0.341,1.1,0.278,-0.183,2.04,0.0923,0.451,0.519,-91,186
"DTXSID2020139","benzo(a)pyrene","50-32-8","mouse","blood","53",-39.1,"2comp",11.6,0.693,0.853,NA,161,0.0502,0.83,2,704,NA,0.227,21.4,-34.9,1410,2.96e-05,0.347,0.693,11.6,NA,0.853,0.399,1.21,0.00512,25.6,-39.1,0.00431,0.841,0.00523,0.148,161,0.0502,0.83,0.00581,13.2,-22.5
"DTXSID2020139","benzo(a)pyrene","50-32-8","rat","blood","Joint Analysis",385,"flat",NA,NA,NA,NA,NA,NA,NA,1.71,0.562,0.0553,2.19,0,Inf,0.96,0.0024,0.406,2.33e-05,15600000,1.09,33.1,157,905,1.11e-08,0,Inf,2.33e-10,0.022,2.2e-07,0.022,2.98e+09,0.00364,12.5,0.005,-187,385
"DTXSID2020139","benzo(a)pyrene","50-32-8","rat","plasma","54",46,"flat",NA,NA,NA,NA,NA,NA,NA,1.45,0.589,0.0564,2.37,0,Inf,0.854,0.00275,0.478,1.69,0.679,1.07,1.8,0.428,1.17,0.167,0,Inf,0.33,1.97,0.384,0.226,2.1,0.224,0.198,0.00398,-21,46
"DTXSID2020341","codeine","76-57-3","rat","blood","24996",-98.4,"1comp",1.4,105,0.129,NA,0.00662,147,0.000284,105,1.4,NA,0.129,53.2,-98.4,147,0.000284,0.00662,0.122,260,NA,186,274,914,0.00115,53.2,Inf,0.129,112,118,-6.04,5.37,33.6,0.00124,0.00272,49.7,-95.4
"DTXSID2020420","propyzamide","23950-58-5","rat","plasma","192",-221,"1comp",42.9,0.106,13.4,0.147,6.55,4.54,0.00135,0.106,42.9,0.147,13.4,116,-221,4.54,0.00135,6.55,0.165,25,1,2.97,19.1,1.56,0.345,87.1,-160,0.0885,0.257,0.138,0.0426,7.83,2.22,0.0188,0.00386,-84.6,173
"DTXSID2020428","dichloroacetic acid","79-43-6","mouse","blood","45",54.8,"flat",NA,NA,NA,NA,NA,NA,NA,1.79,110000,NA,0.00659,0,Inf,197000,2.12e-07,0.387,0.0549,556,NA,0.205,643,0.968,0.204,-7.85,Inf,0.0108,0.0532,0.0105,-0.00142,63.9,6.03,0.00691,0.000194,-25.4,54.8
"DTXSID2020428","dichloroacetic acid","79-43-6","rat","plasma","134",854,"flat",NA,NA,NA,NA,NA,NA,NA,3.44,0.484,0.225,2.19,0,Inf,1.67,0.00562,0.201,0.483,33.9,1.08,9.8,4.4,1.11,0.0127,0,Inf,0.00676,0.534,0.00748,0.0501,102,0.229,0.196,0.0898,-425,854
"DTXSID2020507","n,n-dimethylaniline","121-69-7","rat","blood","24983",-21.6,"1comp",2.54,8.48,0.346,NA,0.0817,21.5,0.00194,8.48,2.54,NA,0.346,14.8,-21.6,21.5,0.00194,0.0817,0.346,21.2,NA,8.48,21.9,0.988,0.274,14.8,Inf,0.0935,0.342,0.0923,-0.00314,7.42,1.98,0.0211,0.023,-9.28,22.6
"DTXSID2020557","ellagic acid","476-66-4","rat","blood","25005",-126,"2comp",0.105,1.28,2,NA,6.26,0.0116,3.58,0.178,0.419,NA,2.19,0,Inf,0.0745,0.559,3.9,1.28,0.105,NA,2,0.027,1.38,0.0628,68.8,-126,0.111,1.76,0.153,0.442,6.26,0.0116,3.58,0.698,23.8,-43.6
"DTXSID2020636","fluvastatin","93957-54-1","rat","blood","24839",-149,"2comp",2.69,1.32,2.12,NA,7.34,0.254,0.164,7.11,1.3,NA,0.143,74.7,-141,9.28,0.00449,0.0975,1.32,2.69,NA,2.12,0.517,1.48,0.0484,80.7,-149,0.0944,1.95,0.14,0.589,7.34,0.254,0.164,0.034,47.3,-90.7
"DTXSID2020682","hexachlorobenzene","118-74-1","rat","blood","Joint Analysis",NA,"None",NA,NA,NA,NA,NA,NA,NA,1.13e-14,21.8,0.00122,939,0,Inf,2.46e-13,2.06e+08,6.15e+13,4.43e-14,4.67e+08,0.0086,8830,21.8,0.00524,8.89e-06,0,Inf,2.07e-21,5.24e-09,2.44e-16,5.24e-09,3.36e+20,9.66e-13,3.71e+08,0.000582,0,Inf
"DTXSID2020844","methyl methacrylate","80-62-6","rat","blood","24868",144,"1comp",37.8,5.63,5.63,NA,0.123,212,0.000196,5.63,37.8,NA,5.63,-68.2,144,212,0.000196,0.123,6.58,14.4,NA,2.19,9.59,2,0.25,0,Inf,3.29,13.2,6.58,3.29,0.211,47.4,0.00088,0.0362,-117,239
"DTXSID20211535","beta-hydroxyisovaleric acid","625-08-1","rat","blood","24989",32.7,"2comp",0.379,0.968,1.47,NA,4.79,0.0548,0.76,0.444,4.23,NA,2.93,-21.9,51.8,1.88,0.0222,1.56,0.968,0.379,NA,1.47,0.2,1.19,0.126,-10.4,32.7,0.145,1.15,0.172,0.153,4.79,0.0548,0.76,0.158,-51.4,107
"DTXSID2021284","styrene","100-42-5","rat","blood","24899",94.9,"2comp",6.24,3.89,6.19,NA,0.867,4.99,0.00835,2.91,744,NA,0.422,0,Inf,2170,1.92e-05,0.238,3.89,6.24,NA,6.19,2.32,1.77,0.116,-41.4,94.9,0.8,6.91,1.42,2.4,0.867,4.99,0.00835,0.00969,-53.1,110
"DTXSID2021315","2,3,7,8-tetrachlorodibenzo-p-dioxin","1746-01-6","rat","plasma","177",-40.8,"flat",NA,NA,NA,NA,NA,NA,NA,0.00302,0.159,NA,2.19,0,Inf,0.000479,87,230,0.00886,2.63,NA,1.3,0.297,38.5,0.00287,25,-37.9,0.000979,0.341,0.0377,0.296,708,0.00257,16.2,0.335,22.4,-40.8
"DTXSID2021319","tetrachloroethylene","127-18-4","rat","blood","4",70.1,"1comp",2.45,1.23,0.0863,NA,0.565,3,0.0139,1.23,2.45,NA,0.0863,-31,70.1,3,0.0139,0.565,0.391,2.48,NA,0.612,1.01,1.41,0.119,-30.3,72.5,0.0655,0.552,0.0924,0.134,10.6,0.162,0.257,0.032,-47.5,99
"DTXSID2021731","methanol","67-56-1","rat","blood","17",46.4,"1comp",0.992,0.305,NA,NA,2.28,0.302,0.138,0.305,0.992,NA,NA,-20.2,46.4,0.302,0.138,2.28,0.305,0.973,NA,NA,0.992,0.991,0.33,-20.2,Inf,0.0996,0.302,0.0986,-0.00192,6.96,0.0968,0.43,0.575,-38.5,81
"DTXSID2021781","di-n-butyl phthalate","84-74-2","rat","plasma","135",47.9,"1comp",2.52,4.94,3.63e-10,0.000265,0.14,12.4,8.88e-07,4.94,2.52,0.000265,3.63e-10,-19,47.9,12.4,8.88e-07,0.14,11.3,2.36,0.498,2.15,1.07,18.4,0.0238,-19,51.9,4.94,207,90.8,110,0.14,11.7,0.00178,0.00243,-58.8,122
"DTXSID2022674","betaxolol","63659-18-7","rat","blood","24809",-99.9,"1comp",251,8.68,0.454,NA,0.0799,2180,1.91e-05,8.68,251,NA,0.454,54,-99.9,2180,1.91e-05,0.0799,2.35,20.8,NA,3.62,6.01,1.4,0.074,55.1,-98.1,0.243,3.29,0.34,0.836,2.85,5.06,0.00823,0.00459,44.1,-84.2
"DTXSID20230862","r-metoprolol","81024-43-3","rat","plasma","216",-51,"1comp",1.38,326,0.9,NA,0.00213,449,9.28e-05,326,1.38,NA,0.9,29.5,-51,449,9.28e-05,0.00213,3.56,20.4,NA,5.15,8.99,1.28,0.114,28.8,-45.6,0.519,4.55,0.662,0.839,1.34,10.6,0.00394,0.00151,15.4,-26.9
"DTXSID2023309","metoprolol","51384-51-1","rat","blood","24869",-80.3,"2comp",36.3,1.07,1.64,NA,22.1,1.14,0.0365,4.42,145,NA,0.346,32.8,-57.6,639,6.52e-05,0.157,1.07,36.3,NA,1.64,3.91,1.34,0.022,46.1,-80.3,0.0314,1.42,0.0419,0.348,22.1,1.14,0.0365,0.00427,7.73,-11.5
"DTXSID2024666","1,4-butanediol","110-63-4","rat","blood","24791",55.9,"1comp",5.2,3.45,25.9,NA,0.201,17.9,0.00232,3.45,5.2,NA,25.9,-24,55.9,17.9,0.00232,0.201,4.07,3.98,NA,2.19,2.66,2,0.25,0,Inf,2.04,8.14,4.07,2.04,0.341,8.11,0.00514,0.159,-33.8,71.7
"DTXSID2026238","trimethylamine","75-50-3","rat","blood","24913",50.9,"1comp",6.42,0.336,1.4,NA,2.06,2.16,0.0193,0.336,6.42,NA,1.4,-21.4,50.9,2.16,0.0193,2.06,0.336,1.2,NA,1.4,1.41,0.955,0.253,-21.4,Inf,0.0812,0.321,0.0775,-0.0114,8.54,0.0977,0.426,0.227,-38.9,81.8
"DTXSID2031374","glycidamide","5694-00-8","rat","blood","24985",-111,"1comp",5.27,0.332,2.65,NA,2.08,1.75,0.0238,0.332,5.27,NA,2.65,59.7,-111,1.75,0.0238,2.08,0.332,1.42,NA,2.65,1.45,0.991,0.311,59.7,Inf,0.102,0.329,0.101,-0.00212,6.78,0.146,0.286,0.162,32.9,-61.8
"DTXSID2032390","fenarimol","60168-88-9","rat","plasma","192",-193,"2comp",9.83,0.299,2.75,0.182,7.64,0.892,0.0085,0.13,7.93,0.0352,3.47,92.3,-175,1.03,0.00143,5.35,0.299,9.83,0.182,2.75,3.29,7.52,0.0404,103,-193,0.0908,2.25,0.682,1.36,7.64,0.892,0.0085,0.00773,23.1,-42.3
"DTXSID2032552","flufenacet","142459-58-3","rat","plasma","192",-401,"flat",NA,NA,NA,NA,NA,NA,NA,0.0164,15200,0.000471,63.6,215,Inf,249,7.88e-08,42.2,10000,2620,32.5,10000,1160000,1000,0.75,0,Inf,7500000,1e+07,7.5e+09,-7.48e+09,9.24e-08,1.96e+10,6.9e-11,3.36e-05,203,-401
"DTXSID2039336","s-bioallethrin","28434-00-6","rat","plasma","192",-138,"1comp",93.1,0.241,64.9,0.00393,2.88,22.4,7.31e-06,0.241,93.1,0.00393,64.9,74,-138,22.4,7.31e-06,2.88,0.241,15.6,0.0811,63.1,93.1,0.956,0.0555,74,Inf,0.0128,0.23,0.0122,-0.0102,54.3,0.199,0.017,0.000589,10.9,-17.9
"DTXSID2044002","fluvoxamine","54739-18-3","rat","blood","24840",-1.83,"2comp",1.58,0.496,0.86,NA,11,0.1,0.416,1.72,1.53,NA,0.141,-1,10,2.63,0.0158,0.403,0.496,1.58,NA,0.86,0.479,1.51,0.0846,6.91,-1.83,0.0633,0.748,0.0954,0.22,11,0.1,0.416,0.0993,-21.2,46.4
"DTXSID2046624","nilvadipine","75530-68-6","rat","plasma","219",-146,"2comp",10.9,0.521,3,0.03,6.57,1.15,0.00109,0.518,4.83,0.0122,0.213,75.5,-141,2.5,0.000204,1.34,0.521,10.9,0.03,3,2.51,6.4,0.0316,80,-146,0.106,3.34,0.675,2.24,6.57,1.15,0.00109,0.00131,14.4,-24.8
"DTXSID3020095","anthraquinone","84-65-1","rat","plasma","166",132,"1comp",7.52,0.0706,0.0292,0.0541,9.81,0.531,0.00425,0.0706,7.52,0.0541,0.0292,-61.1,132,0.531,0.00425,9.81,0.116,4.77,1.1,0.115,4.03,1.3,0.429,0,Inf,0.0646,0.151,0.084,0.0154,10.7,0.308,0.148,0.0012,-507,1020
"DTXSID3020259","celiprolol","56980-93-9","rat","blood","24814",-25.4,"flat",NA,NA,NA,NA,NA,NA,NA,2.09,4860,NA,0.0702,0,Inf,10200,4.1e-06,0.332,5.92,8.75,NA,3.75,1.5,2.9,0.0411,0,Inf,0.708,17.2,2.05,9.93,0.979,6.2,0.00673,0.00263,14.7,-25.4
"DTXSID3020833","methyl tert-butyl ether","1634-04-4","human","blood","51",-118,"2comp",0.44,1.52,1.97,NA,6.24,0.0489,0.853,0.564,14.1,NA,16.4,37.5,-67.1,7.94,0.00525,1.23,1.52,0.44,NA,1.97,0.177,1.13,0.0646,65.1,-118,0.111,1.72,0.126,0.186,6.24,0.0489,0.853,0.0174,50.5,-97
"DTXSID3021726","salicylamide","65-45-2","rat","blood","25034",72.2,"flat",NA,NA,NA,NA,NA,NA,NA,4.66,474,NA,2.45,0,Inf,2210,1.89e-05,0.149,1.28,2.59,NA,2.87,4.13,3.08,0.726,-13.5,Inf,2.86,3.94,8.82,-3.3,0.242,7.41,0.00563,0.0253,-34.1,72.2
"DTXSID3022405","2-hydroxy-4-methoxybenzophenone","131-57-7","mouse","plasma","129",983,"1comp",2840,0.0734,23,0.00149,9.44,208,2.97e-07,0.0734,2840,0.00149,23,-487,983,208,2.97e-07,9.44,0.0734,2430,0.532,23,2840,1,0.000383,-487,Inf,2.81e-05,0.0734,2.81e-05,-4e-06,24700,0.0684,0.324,0.000119,-566,1140
"DTXSID3022405","2-hydroxy-4-methoxybenzophenone","131-57-7","rat","plasma","129",300,"1comp",242,0.0251,14.8,0.00119,27.7,6.08,8.18e-06,0.0251,242,0.00119,14.8,-145,300,6.08,8.18e-06,27.7,5.38,61200000,1.1,581,353000,390,1.47e-05,0,Inf,0.0309,2100,12.1,2080,22.4,1890000,2.43e-08,0.000184,-346,696
"DTXSID3022908","dextromethorphan","125-71-3","rat","blood","24812",-171,"flat",NA,NA,NA,NA,NA,NA,NA,62.3,954,NA,0.41,0,Inf,59400,7.01e-07,0.0111,0.416,1020,NA,16,1030,0.999,0.209,108,Inf,0.0867,0.415,0.0866,-0.000372,8,88.5,0.000471,0.000638,87.3,-171
"DTXSID3023342","nadolol","42200-33-9","rat","blood","24814",-72.4,"2comp",4.6,0.757,0.9,NA,55.5,0.0574,0.725,3.27,1520,NA,0.219,0,Inf,4950,8.41e-06,0.212,0.757,4.6,NA,0.9,0.506,1.16,0.0143,42.2,-72.4,0.0125,0.876,0.0144,0.117,55.5,0.0574,0.725,0.00546,30.4,-56.8
"DTXSID3023390","olopatadine","113806-05-6","rat","blood","24877",-117,"2comp",1.53,1.33,1.9,NA,6.77,0.156,0.267,7.17,1.28,NA,0.213,53.9,-99.8,9.15,0.00455,0.0967,1.33,1.53,NA,1.9,0.473,1.23,0.0626,64.5,-117,0.102,1.64,0.126,0.28,6.77,0.156,0.267,0.0257,26.8,-49.6
"DTXSID3023425","paroxetine","61869-08-7","rat","blood","25027",-111,"1comp",174,1.1,0.0596,NA,0.631,192,0.000217,1.1,174,NA,0.0596,59.5,-111,192,0.000217,0.631,0.000478,474,NA,0.922,78,219,0.000748,60.1,-108,7.84e-05,0.105,0.0172,0.0874,8840,0.0371,1.12,0.00641,42.7,-81.4
"DTXSID30242658","trichloroethanol glucuronide","97-25-6","mouse","blood","45",282,"1comp",1.53,2.21,0.037,NA,0.313,3.38,0.0123,2.21,1.53,NA,0.037,-137,282,3.38,0.0123,0.313,0.121,5.83,NA,0.00867,1.43,2.28,0.0676,0,Inf,0.0187,0.276,0.0426,0.131,37.1,0.109,0.383,0.0285,-141,286
"DTXSID3024786","chlorogenic acid","327-97-9","rat","blood","24815",98.7,"2comp",11.1,0.961,1.37,NA,12.1,0.636,0.0655,3.5,26.1,NA,0.236,-48.9,106,91.6,0.000455,0.198,0.961,11.1,NA,1.37,2.45,1.29,0.0464,-43.4,98.7,0.0574,1.24,0.074,0.261,12.1,0.636,0.0655,0.00671,-69.1,142
"DTXSID3026148","alpha-thujone","546-80-5","rat","plasma","130",-526,"2comp",20.1,1.34,6.97,0.249,4.63,3.02,0.00344,0.172,22.9,0.0276,11.9,191,-372,3.94,0.000292,4.04,1.34,20.1,0.249,6.97,2.77,4.74,0.0236,270,-526,0.15,6.34,0.71,4.45,4.63,3.02,0.00344,0.00332,-188,380
"DTXSID3026306","2,5-dimethylaniline","95-78-3","rat","blood","24984",46,"flat",NA,NA,NA,NA,NA,NA,NA,0.202,30.6,NA,2.74,0,Inf,6.16,0.00676,3.44,0.105,3.26,NA,8.38,4.93,0.876,0.338,-4.43,Inf,0.0311,0.092,0.0272,-0.0092,22.3,0.102,0.41,0.148,-21,46
"DTXSID3031860","perfluorodecanoic acid","335-76-2","rat","plasma","147",1900,"2comp",0.37,0.000924,0.54,0.911,1650,0.000155,245,0.001,0.34,0.712,2.22,-8390,16800,0.00034,87.3,693,0.000924,0.37,0.911,0.54,0.19,4.64,0.0977,-944,1900,0.000419,0.00429,0.00195,0.00184,1650,0.000155,245,0.863,-1480,2960
"DTXSID3031862","perfluorohexanoic acid","307-24-4","rat","plasma","145",1960,"1comp",2.26,0.281,9.24,1,2.46,0.637,0.0654,0.281,2.26,1,9.24,-974,1960,0.637,0.0654,2.46,0.152,12.4,1.03,2.16,5.27,2.88,0.113,0,Inf,0.0497,0.439,0.143,0.193,13.9,0.615,0.0699,0.0561,-1470,2940
"DTXSID3032179","3,3',4,4',5-pentachlorobiphenyl","57465-28-8","rat","plasma","179",-1310,"flat",NA,NA,NA,NA,NA,NA,NA,128,26300,NA,0.000108,674,Inf,3370000,1.24e-08,0.00541,0.000416,22400000,NA,2.3e-07,67600,1.73,0.000739,-1220,Inf,5.32e-07,0.000721,9.21e-07,0.000304,1300000,11.9,0.0035,5.6e-08,658,-1310
"DTXSID3034872","chloridazon","1698-60-8","rat","plasma","192",45.9,"flat",NA,NA,NA,NA,NA,NA,NA,0.0757,45.7,0.107,88.8,0,Inf,3.46,0.00129,9.16,0.107,53.2,1.08,2.96,31.5,1.37,0.205,0,Inf,0.0299,0.146,0.0408,0.0281,23.2,1.59,0.0282,0.00387,-20.9,45.9
"DTXSID3037707","potassium perfluorobutane sulfonate","29420-49-3","rat","plasma","144",2200,"2comp",0.217,0.972,7.26,0.522,2.69,0.0559,0.389,0.297,0.206,0.401,2.84,0,Inf,0.0611,0.274,2.34,0.972,0.217,0.522,7.26,0.0621,10.1,0.0263,-1090,2200,0.258,9.79,2.6,6.48,2.69,0.0559,0.389,0.0831,-1740,3490
"DTXSID3037709","perfluorohexane-1-sulphonic acid â€“ potassium salt","3871-99-6","rat","plasma","143",2620,"1comp",1.03,0.00479,9350,0.0873,145,0.00495,0.735,0.00479,1.03,0.0873,9350,-1300,2620,0.00495,0.735,145,0.000791,0.242,1.1,6.57,0.716,38.2,0.0819,0,Inf,0.00248,0.0303,0.0946,-0.0627,280,0.000598,76.4,0.628,-1470,2940
"DTXSID3043782","pranlukast","103177-37-3","rat","blood","24886",-81.2,"2comp",18.9,0.202,0.282,NA,34.5,0.379,0.11,0.651,8480,NA,0.0585,0,Inf,5520,7.55e-06,1.07,0.202,18.9,NA,0.282,7.02,1.23,0.081,46.6,-81.2,0.0201,0.248,0.0247,0.0416,34.5,0.379,0.11,0.00527,22.1,-40.2
"DTXSID3044122","rabeprazole","117976-89-3","rat","blood","24891",12.3,"flat",NA,NA,NA,NA,NA,NA,NA,6.07,758,NA,4,0,Inf,4600,9.06e-06,0.114,5.3,31.6,NA,2.19,21.1,2,0.25,0,Inf,2.65,10.6,5.29,2.65,0.262,83.8,0.000497,0.0217,-4.16,12.3
"DTXSID3045809","terguride","37686-84-3","rat","blood","24907",-228,"2comp",282,2e-04,3.38,NA,46800,0.00419,9.95,3.9,2.45,NA,0.149,117,-226,9.55,0.00436,0.178,2e-04,282,NA,3.38,20.9,1000,7.39e-05,120,-228,1.48e-05,0.201,0.0149,0.186,46800,0.00419,9.95,0.0311,84.2,-164
"DTXSID3046455","telithromycin","191114-48-4","rat","blood","24905",-19.5,"1comp",53.7,1.56,0.208,NA,0.443,83.9,0.000496,1.56,53.7,NA,0.208,13.7,-19.5,83.9,0.000496,0.443,0.504,11.6,NA,0.912,3.73,1.51,0.0919,15.3,-18.6,0.0701,0.763,0.106,0.222,9.88,0.811,0.0514,0.0154,-4.01,12
"DTXSID30575892","glyoxylic acid monohydrate","563-96-2","rat","plasma","156",281,"2comp",0.898,13.4,NA,NA,0.261,2.38,0.0175,7.65,0.712,NA,NA,-168,343,5.45,0.00765,0.0907,13.4,0.898,NA,NA,0.287,2.11,0.0938,-136,281,2.65,28.3,5.59,11.9,0.261,2.38,0.0175,0.201,-194,391
"DTXSID3057723","rivaroxaban","366789-02-8","rat","blood","24799",-74.2,"flat",NA,NA,NA,NA,NA,NA,NA,0.493,1260,NA,0.322,0,Inf,619,6.73e-05,1.41,0.499,0.155,NA,0.195,0.156,1.79,0.567,0,Inf,0.507,0.894,0.908,-0.00601,1.37,0.0786,0.53,0.0225,39.1,-74.2
"DTXSID3061635","solvent red1","1229-55-6","rat","blood","66",-5.57,"1comp",35.2,10.7,0.0477,NA,0.065,376,0.000111,10.7,35.2,NA,0.0477,6.78,-5.57,376,0.000111,0.065,0.321,54.4,NA,0.415,23.5,1.18,0.087,7.32,-2.64,0.0329,0.378,0.0387,0.051,21.1,1.79,0.0233,0.000775,4.36,-4.72
"DTXSID401318399","domitroban","112966-96-8","rat","blood","24826",64.8,"flat",NA,NA,NA,NA,NA,NA,NA,557,0.984,NA,0.258,0,Inf,548,7.6e-05,0.00124,0.0368,117,NA,3.02,0.481,78.3,5.2e-05,0,Inf,0.00015,2.88,0.0117,2.83,4630,0.0175,2.39,0.0158,-30.4,64.8
"DTXSID40143602","silmitasertib","1009820-21-6","rat","blood","24896",28.4,"1comp",1.02,3.99,0.0347,NA,0.174,4.07,0.0102,3.99,1.02,NA,0.0347,-10.2,28.4,4.07,0.0102,0.174,0.0478,1.95,NA,3.01,2.21,0.961,0.269,-6.83,Inf,0.0124,0.046,0.0119,-0.00137,56,0.0242,1.72,0.321,-25.4,54.9
"DTXSID40143768","quinotolast","101193-40-2","rat","blood","24890",-105,"1comp",1.12,23.2,0.241,NA,0.0299,25.9,0.00161,23.2,1.12,NA,0.241,56.6,-105,25.9,0.00161,0.0299,0.0915,4.46,NA,25.4,11.2,8.65,0.363,56.7,Inf,0.287,0.791,2.48,-1.5,2.41,1.28,0.0326,0.0395,38.4,-72.9
"DTXSID40152299","vibegron","1190389-15-1","rat","blood","25043",-67.8,"1comp",190,0.704,0.112,NA,0.984,134,0.000312,0.704,190,NA,0.112,37.9,-67.8,134,0.000312,0.984,0.261,13.5,NA,0.342,0.973,1.24,0.0119,0,Inf,0.00387,0.324,0.0048,0.062,179,0.0524,0.795,0.0163,29.2,-54.5
"DTXSID40167227","tebipenem","161715-21-5","rat","blood","25038",53.2,"flat",NA,NA,NA,NA,NA,NA,NA,2.7,0.962,NA,5.03e-05,0,Inf,2.6,0.016,0.256,2.17,-0.103,NA,2.28,0.0241,0.676,0.123,-12.3,Inf,0.181,1.47,0.122,-0.645,3.84,-0.0186,-2.24,0.249,-24.6,53.2
"DTXSID40171081","bromazepam","1812-30-2","rat","blood","24991",-60.2,"2comp",0.439,0.956,1.05,NA,11.2,0.0272,1.53,1.55,17.3,NA,0.57,32.4,-56.7,26.9,0.00155,0.447,0.956,0.439,NA,1.05,0.281,1.04,0.0622,36.1,-60.2,0.0619,0.995,0.0644,0.0363,11.2,0.0272,1.53,0.0469,14.5,-25.1
"DTXSID4020290","wyeth-14643","50892-23-4","rat","plasma","173",412,"1comp",2.79,0.298,3.05,1,2.32,0.832,0.0501,0.298,2.79,1,3.05,-201,412,0.832,0.0501,2.32,0.0958,8.55,1.04,7.03,2.43,4.07,0.0567,0,Inf,0.0221,0.39,0.09,0.226,31.4,0.189,0.23,0.131,-316,635
"DTXSID4020406","diazepam","439-14-5","rat","blood","24999",-100,"2comp",5.71,1.68,183,NA,1.56,2.53,0.0164,72.4,1.07,NA,0.779,30,-51.9,77.4,0.000539,0.00957,1.68,5.71,NA,183,2.58,1.78,0.149,56.1,-100,0.443,2.98,0.788,0.958,1.56,2.53,0.0164,0.00986,-0.241,4.48
"DTXSID4020458","chlorpyrifos","2921-88-2","rat","plasma","202",24.1,"flat",NA,NA,NA,NA,NA,NA,NA,5.44,1.1,NA,8.28e-05,0,Inf,6,0.00695,0.127,3.16,32.3,NA,1.11,4.52,23.3,0.00577,0,Inf,0.425,73.6,9.92,61,1.63,13.7,0.00303,0.000117,-10.1,24.1
"DTXSID4020533","1,4-dioxane","123-91-1","mouse","blood","56",147,"2comp",1.02,0.103,2.85,NA,903,0.000786,53,0.0423,0.91,NA,1.61e-06,-466,940,0.0385,1.08,16.4,0.103,1.02,NA,2.85,0.986,1,0.00744,-67.4,147,0.000768,0.103,0.000768,2.98e-05,903,0.000786,53,0.641,-76.1,156
"DTXSID4020533","1,4-dioxane","123-91-1","rat","blood","24",344,"flat",NA,NA,NA,NA,NA,NA,NA,0.0841,1.24,NA,NA,-255,515,0.104,0.4,8.24,0.323,1.32,NA,NA,0.328,54.4,0.00452,-246,502,0.0794,17.6,4.32,13,8.73,0.105,0.398,0.028,-170,344
"DTXSID4020533","1,4-dioxane","123-91-1","rat","plasma","Joint Analysis",1460,"1comp",1.32,0.0708,1.61,0.000323,9.78,0.0936,0.000144,0.0708,1.32,0.000323,1.61,-725,1460,0.0936,0.000144,9.78,0.0151,0.359,0.00159,1.67,1.48,11.5,0.511,-721,Inf,0.0886,0.173,1.01,-0.768,7.82,0.0318,0.00208,0.0379,-1080,2160
"DTXSID4021266","senkirkine","2318-18-5","rat","blood","24983",-96.3,"2comp",14.6,1.33,3.82,NA,9.15,1.11,0.0375,9.74,1.76,NA,0.662,42,-76,17.2,0.00243,0.0712,1.33,14.6,NA,3.82,2.06,1.59,0.0359,54.1,-96.3,0.0758,2.11,0.12,0.734,9.15,1.11,0.0375,0.032,25.6,-47.3
"DTXSID4021268","simazine","122-34-9","rat","plasma","192",-74.2,"1comp",4.22,2.19,0.611,0.0252,0.317,9.23,0.000114,2.19,4.22,0.0252,0.611,42.1,-74.2,9.23,0.000114,0.317,2.21,5.44,1.09,2.45,3.95,1.06,0.116,0,Inf,0.27,2.33,0.285,0.107,2.56,1.47,0.031,0.00147,-7.38,18.8
"DTXSID4022107","2-methylimidazole","693-98-1","rat","plasma","150",125,"2comp",2.44,0.0203,NA,NA,96.1,0.0176,2.37,0.0167,1.54,NA,NA,-73.6,153,0.0257,1.62,41.6,0.0203,2.44,NA,NA,1.17,2.52,0.141,-57.7,125,0.00721,0.051,0.0181,0.0198,96.1,0.0176,2.37,0.132,-162,328
"DTXSID4022527","propylparaben","94-13-3","rat","plasma","64",140,"1comp",1.21,69.5,0.224,NA,0.00997,84.2,0.000495,69.5,1.21,NA,0.224,-66,140,84.2,0.000495,0.00997,0.381,5.36,NA,0.197,2.89,2.38,0.17,0,Inf,0.154,0.908,0.368,0.313,4.49,0.827,0.0504,0.013,-75.6,155
"DTXSID4022577","alprazolam","28981-97-7","rat","plasma","24797",-170,"1comp",2.24,3.49,0.393,0.15,0.199,7.81,0.000799,3.49,2.24,0.15,0.393,90.2,-170,7.81,0.000799,0.199,4.08,9.84,0.294,12.3,1.14,2.89,0.0274,0,Inf,0.323,11.8,0.934,7.1,2.14,3.18,0.00386,0.00682,39,-74.1
"DTXSID4023628","sumatriptan","103628-46-2","rat","blood","6728",-13.6,"flat",NA,NA,NA,NA,NA,NA,NA,0.98,264,NA,0.519,0,Inf,259,0.000161,0.707,0.042,0.0448,NA,0.0171,0.0558,2.28,0.679,0,Inf,0.0649,0.0957,0.148,-0.0293,10.7,0.00291,14.3,0.0363,8.82,-13.6
"DTXSID40238683","letermovir","917389-32-3","rat","blood","25014",-104,"2comp",2.8,1.4,1.82,NA,39.4,0.0492,0.846,4.71,1.92,NA,0.556,49.9,-91.7,9.02,0.00462,0.147,1.4,2.8,NA,1.82,0.197,1.2,0.0105,58.2,-104,0.0176,1.68,0.0211,0.279,39.4,0.0492,0.846,0.02,24.7,-45.4
"DTXSID4023917","bis 2-chloroethoxy methane","111-91-1","rat","plasma","155",424,"2comp",1.59,4.62,NA,NA,0.754,1.47,0.0284,3.63,1.08,NA,NA,0,Inf,3.91,0.0107,0.191,4.62,1.59,NA,NA,0.54,1.95,0.102,-207,424,0.92,8.99,1.79,3.5,0.754,1.47,0.0284,0.00265,-326,657
"DTXSID4024642","bromochloroacetic acid","5589-96-8","rat","plasma","132",1370,"1comp",6.9,0.548,2.23,0.684,1.26,3.78,0.00754,0.548,6.9,0.684,2.23,-679,1370,3.78,0.00754,1.26,9140,7.24,0.661,10000,3100,1000,0.75,0,Inf,6850000,9140000,6.85e+09,-6.84e+09,1.01e-07,49600000,5.55e-10,0.0411,-840,1680
"DTXSID4024729","carbendazim","10605-21-7","rat","plasma","201",28.1,"1comp",2560,1.03,0.245,NA,0.67,2650,1.57e-05,1.03,2560,NA,0.245,-10.1,28.1,2650,1.57e-05,0.67,0.000627,0.137,NA,1.24,38.5,1000,0.402,0,Inf,0.252,0.628,253,-252,2.75,0.0346,1.2,0.0057,-29.1,62.2
"DTXSID4025080","diisobutyl ketone","108-83-8","rat","blood","25000",43.7,"1comp",106,5.23,0.119,NA,0.133,554,7.52e-05,5.23,106,NA,0.119,-17.8,43.7,554,7.52e-05,0.133,0.000172,2190,NA,4.56,186,1000,8.5e-05,0,Inf,1.46e-05,0.173,0.0147,0.158,47500,0.0319,1.3,0.00231,-36,75.9
"DTXSID4031980","resveratrol","501-36-0","rat","blood","25030",-6.74,"flat",NA,NA,NA,NA,NA,NA,NA,4.36,28900,NA,0.102,0,Inf,126000,3.31e-07,0.159,0.000386,0.599,NA,0.868,290,1000,0.75,0,Inf,0.29,0.387,290,-290,2.39,0.174,0.24,0.00122,5.37,-6.74
"DTXSID4032376","dimethenamid","87674-68-8","rat","plasma","192",-167,"2comp",2370,8.26,88.3,0.5,24.2,67.8,0.000307,9.83,3.88,0.112,0.0236,-1910,3840,38.1,0.000123,0.0705,8.26,2370,0.5,88.3,8.22,450,7.7e-06,90.7,-167,0.0287,3720,12.9,3700,24.2,67.8,0.000307,0.000155,76.6,-149
"DTXSID4032405","formetanate hydrochloride","23422-53-9","rat","plasma","192",15.8,"flat",NA,NA,NA,NA,NA,NA,NA,1.11e-08,684,0.00161,1730,-3.6,17.2,7.56e-06,8.85,62700000,7.79e-10,802,0.168,1190,684,15.5,0.0551,-3.6,21.2,6.65e-10,1.55e-05,1.32e-05,2.28e-06,1.04e+09,5.33e-07,13200,0.000296,-5.88,15.8
"DTXSID4040002","monobutyl phthalate","131-70-4","rat","blood","24875",192,"2comp",0.0867,1.25,1.4,NA,12.5,0.0048,8.69,27.8,0.866,NA,0.0609,0,Inf,24.1,0.00173,0.0249,1.25,0.0867,NA,1.4,0.0396,1.06,0.0417,-90.2,192,0.0553,1.33,0.0585,0.0697,12.5,0.0048,8.69,0.0269,-124,251
"DTXSID4040002","mono-n-butyl phthalate","131-70-4","rat","plasma","Joint Analysis",1530,"1comp",3.14,0.304,0.134,0.336,2.28,0.956,0.0147,0.304,3.14,0.336,0.134,-760,1530,0.956,0.0147,2.28,1.02,2.89,0.999,1.36,0.48,2.74,0.041,-2420,4870,0.114,2.79,0.313,1.57,6.06,0.331,0.126,0.0234,-817,1640
"DTXSID40430968","ag-041r","199800-49-2","rat","blood","24796",-14.2,"flat",NA,NA,NA,NA,NA,NA,NA,2.13,2220000,NA,0.583,0,Inf,4730000,8.81e-09,0.326,0.685,25.1,NA,1.57,26,0.924,0.75,0,Inf,0.475,0.633,0.439,-0.016,1.46,11.9,0.0035,0.00131,9.1,-14.2
"DTXSID40868904","quinaprilat","82768-85-2","rat","blood","24889",-31.8,"2comp",0.377,1.04,4.7,NA,9.88,0.0264,1.58,0.668,1.53,NA,10.3,0,Inf,1.02,0.0407,1.04,1.04,0.377,NA,4.7,0.144,1.13,0.0596,21.9,-31.8,0.0702,1.18,0.0795,0.129,9.88,0.0264,1.58,0.0253,-14.5,32.9
"DTXSID40870340","lurasidone","367514-87-2","rat","blood","25017",-113,"2comp",1720,0.00307,4.47,NA,2990,0.399,0.105,6.29,4120,NA,0.322,0,Inf,25900,1.61e-06,0.11,0.00307,1720,NA,4.47,131,154,0.000491,62.5,-113,0.000232,0.472,0.0356,0.433,2990,0.399,0.105,0.00359,48.6,-93.2
"DTXSID40893458","pomalidomide","19171-19-8","rat","blood","24885",-87.2,"1comp",3.11,1.01,0.083,NA,0.685,3.15,0.0132,1.01,3.11,NA,0.083,47.6,-87.2,3.15,0.0132,0.685,0.00759,104,NA,0.745,9.7,18.6,0.00477,47.9,-83.7,0.000673,0.141,0.0125,0.122,1030,0.0701,0.595,0.0446,29.8,-55.7
"DTXSID50146144","sepimostat","103926-64-3","rat","blood","24895",-30.7,"flat",NA,NA,NA,NA,NA,NA,NA,29.4,922,NA,0.131,0,Inf,27200,1.53e-06,0.0235,NA,NA,NA,NA,NA,NA,NA,NA,Inf,NA,NA,NA,NA,NA,NA,NA,0.000493,17.3,-30.7
"DTXSID50159234","grazoprevir","1350514-68-9","rat","blood","25010",-55,"flat",NA,NA,NA,NA,NA,NA,NA,1.53,2550,NA,0.146,0,Inf,3900,1.07e-05,0.454,0.405,0.726,NA,0.429,1.86,0.965,0.0579,35.2,Inf,0.0226,0.39,0.0218,-0.0133,30.6,0.0164,2.54,0.00499,29.5,-55
"DTXSID50175419","dabigatran","211914-51-1","rat","blood","24819",-101,"2comp",11.3,0.809,1.26,NA,6,1.3,0.032,2.91,127,NA,0.332,51.4,-94.9,370,0.000113,0.238,0.809,11.3,NA,1.26,5.29,1.23,0.116,56.6,-101,0.116,0.996,0.142,0.16,6,1.3,0.032,0.00836,18.3,-32.5
"DTXSID5020027","acrylamide","79-06-1","rat","blood","24985",-113,"1comp",62,0.2,0.956,NA,3.46,12.4,0.00336,0.2,62,NA,0.956,60.5,-113,12.4,0.00336,3.46,0.2,3.26,NA,0.956,3.26,0.999,0.335,60.5,Inf,0.067,0.2,0.0669,-0.00014,10.4,0.218,0.191,0.112,44,-83.9
"DTXSID5020029","acrylonitrile","107-13-1","rat","blood","Joint Analysis",363,"flat",NA,NA,NA,NA,NA,NA,NA,0.49,25.4,0.0175,0.156,0,Inf,12.4,5.86e-05,1.41,11.1,0.681,0.0553,2.19,0.267,1.89,0.123,-341,698,2.6,21.1,4.92,7.64,0.267,1.77,0.0013,0.02,-178,363
"DTXSID5020108","aspirin","50-78-2","rat","blood","24801",62.2,"1comp",5.24,8.53,8.53,NA,0.0813,44.6,0.000933,8.53,5.24,NA,8.53,-27.1,62.2,44.6,0.000933,0.0813,5.47,5.87,NA,2.18,3.91,2,0.25,0,Inf,2.74,10.9,5.47,2.74,0.253,16.1,0.00259,0.126,-53.4,111
"DTXSID5020285","1-chloro-2-propanol","127-00-4","rat","plasma","176",175,"2comp",2.2,2.47,10.2,NA,0.689,2.22,0.0188,178,0.946,NA,1.41,0,Inf,168,0.000248,0.0039,2.47,2.2,NA,10.2,1.35,1.78,0.229,-81.5,175,1.01,4.39,1.79,1.14,0.689,2.22,0.0188,0.0401,-265,534
"DTXSID5020732","ibuprofen","15687-27-1","rat","blood","24796",26.7,"2comp",1.99,2.45,180,NA,1.02,1.36,0.0307,1.18,0.849,NA,0.000563,-314,636,1,0.0415,0.586,2.45,1.99,NA,180,0.745,2.81,0.099,-7.36,26.7,0.681,6.88,1.91,3.2,1.02,1.36,0.0307,0.152,-22.7,49.5
"DTXSID5020732","ibuprofen","15687-27-1","rat","plasma","Joint Analysis",123,"2comp",0.662,0.921,299,0.129,4.31,0.106,0.0505,1.09,0.243,0.267,2.02,0,Inf,0.264,0.0422,0.638,0.921,0.662,0.129,299,0.181,2.29,0.0761,-53.7,123,0.161,2.11,0.368,0.982,4.31,0.106,0.0505,0.0923,-132,271
"DTXSID5021122","phenobarbital","50-06-6","rat","plasma","140",382,"1comp",2.02,0.494,0.0156,NA,1.4,1,0.0417,0.494,2.02,NA,0.0156,-187,382,1,0.0417,1.4,0.0155,20.3,NA,0.494,21.7,0.995,0.0725,-187,Inf,0.00112,0.0155,0.00112,-7.24e-05,618,0.0227,1.83,0.0289,-196,396
"DTXSID5021336","theophylline","58-55-9","rat","blood","24911",145,"flat",NA,NA,NA,NA,NA,NA,NA,0.182,0.774,NA,2.19,0,Inf,0.141,0.296,3.82,0.18,0.309,NA,2.14,0.573,0.905,0.204,-39.6,Inf,0.0334,0.163,0.0302,-0.0139,20.8,0.0103,4.05,0.824,-70.7,145
"DTXSID5022934","digoxin","20830-75-5","rat","blood","24823",-276,"2comp",7.1,1.21,4.19,NA,4.18,1.18,0.0354,10.2,1.31,NA,0.237,136,-265,13.4,0.00312,0.068,1.21,7.1,NA,4.19,1.37,2.98,0.046,144,-276,0.166,3.61,0.494,2.07,4.18,1.18,0.0354,0.0589,111,-218
"DTXSID5022984","enoxacin","74011-58-8","rat","blood","24830",16.7,"2comp",3.17,1.87,4.97,NA,2.23,0.985,0.0423,13.6,1.24,NA,0.472,-4.48,17,16.8,0.00249,0.0511,1.87,3.17,NA,4.97,0.875,2.1,0.0792,-2.37,16.7,0.31,3.92,0.65,1.71,2.23,0.985,0.0423,0.0887,-19.1,42.3
"DTXSID5023299","methylphenidate","113-45-1","rat","blood","25019",-122,"2comp",3.46,1.9,2.31,NA,3.83,0.626,0.0666,5.93,28.8,NA,0.485,62.3,-117,171,0.000244,0.117,1.9,3.46,NA,2.31,1.82,1.1,0.0863,67.1,-122,0.181,2.1,0.2,0.179,3.83,0.626,0.0666,0.00424,34.4,-64.8
"DTXSID5023320","midazolam","59467-70-8","rat","blood","24812",-38.8,"2comp",13.9,1.2,1.62,NA,2.56,3.78,0.011,5.37,4570,NA,0.279,0,Inf,24600,1.7e-06,0.129,1.2,13.9,NA,1.62,9.51,1.16,0.195,25.4,-38.8,0.271,1.39,0.313,0.146,2.56,3.78,0.011,0.00335,15.3,-26.5
"DTXSID5023320","midazolam","59467-70-8","rat","plasma","Joint Analysis",-4.24,"flat",NA,NA,NA,NA,NA,NA,NA,1.9,2.83,0.0527,0.625,0,Inf,5.36,0.00041,0.366,3.62,4.23,0.166,8.2,1.2,2.61,0.0754,0,Inf,0.712,9.45,1.86,4.68,0.974,3.01,0.0023,0.00479,5.12,-4.24
"DTXSID5023372","nitrazepam","146-22-5","rat","blood","25023",-23.2,"1comp",14.4,0.242,3.68,NA,2.86,3.48,0.012,0.242,14.4,NA,3.68,15.6,-23.2,3.48,0.012,2.86,0.242,1.27,NA,3.68,2.49,0.89,0.226,15.6,Inf,0.0487,0.216,0.0434,-0.0212,14.2,0.0619,0.673,0.227,-12.4,28.8
"DTXSID5023407","oxycodone","76-42-6","rat","blood","25025",-224,"1comp",4.06,285,0.278,NA,0.00243,1160,3.59e-05,285,4.06,NA,0.278,116,-224,1160,3.59e-05,0.00243,0.294,2290,NA,897,1040,5.63,0.072,0,Inf,0.119,1.65,0.671,0.809,5.82,272,0.000153,0.000393,102,-200
"DTXSID5023742","warfarin","81-81-2","rat","blood","24918",21.9,"2comp",0.259,0.0772,1.35,NA,14.6,0.0123,3.4,0.0809,0.29,NA,2.19,0,Inf,0.0235,1.77,8.56,0.0772,0.259,NA,1.35,0.207,1.68,0.365,-4.93,21.9,0.0473,0.13,0.0795,0.0203,14.6,0.0123,3.4,1.13,-33.1,70.3
"DTXSID5023794","oxymetholone","434-07-1","rat","plasma","168",223,"1comp",19.5,0.098,3.56,0.0408,7.07,1.91,0.000889,0.098,19.5,0.0408,3.56,-107,223,1.91,0.000889,7.07,0,NA,0.999,3.61e-05,8.03,0,2.52999999999755e-312,-518,Inf,0,0,NA,NA,Inf,NA,NA,0.00862,-152,307
"DTXSID5024219","nitrite","14797-65-0","rat","plasma","137",809,"2comp",2.98,0.524,16.7,0.509,2.06,1,0.0211,0.403,2.69,0.18,24.4,-400,810,1.09,0.0069,1.72,0.524,2.98,0.509,16.7,2.01,7.9,0.0814,-397,809,0.337,4.14,2.66,1.29,2.06,1,0.0211,0.0667,-565,1130
"DTXSID5024637","bromobenzene","108-86-1","rat","blood","24785",-5.29,"1comp",117,2.47,0.876,NA,0.281,289,0.000144,2.47,117,NA,0.876,6.65,-5.29,289,0.000144,0.281,1.51,1.67,NA,1.85,0.922,1.12,0.104,6.79,-1.59,0.177,1.7,0.198,0.162,3.92,0.296,0.141,0.0292,-5.02,14
"DTXSID5025231","emodin","518-82-1","rat","plasma","160",579,"flat",NA,NA,NA,NA,NA,NA,NA,0.995,28,1.04,0.00195,0,Inf,27.9,0.00156,0.696,3.53,12.4,0.194,3.46,0.532,2.59,0.0103,-492,997,0.0946,9.16,0.245,5.47,7.33,1.17,0.00689,0.00357,-288,579
"DTXSID5025607","methyleugenol","93-15-2","rat","plasma","Joint Analysis",1680,"1comp",160,0.166,24.6,0.0402,4.19,26.5,6.33e-05,0.166,160,0.0402,24.6,-835,1680,26.5,6.33e-05,4.19,650,135,0.411,25.3,59700,1000,0.75,0,Inf,488000,650000,4.88e+08,-4.87e+08,1.42e-06,65700000,2.61e-10,0.00333,-1070,2150
"DTXSID5030955","dl-camphor","76-22-2","rat","plasma","165",108,"1comp",17.8,0.144,NA,NA,4.83,2.56,0.0163,0.144,17.8,NA,NA,-51.2,108,2.56,0.0163,4.83,0.000341,0.0454,NA,NA,19.4,1000,0.75,0,Inf,0.256,0.342,256,-256,2.71,0.0116,3.59,0.0275,-73.3,151
"DTXSID5032442","imidacloprid","138261-41-3","rat","plasma","192",36.5,"1comp",5.35,0.0705,3.29,1,9.83,0.377,0.11,0.0705,5.35,1,3.29,-13.2,36.5,0.377,0.11,9.83,0.0689,7.07,1.04,2.64,5.35,2.12,0.294,0,Inf,0.0428,0.146,0.0906,0.0291,16.2,0.303,0.143,0.0497,-169,342
"DTXSID5032498","triclosan","3380-34-5","rat","plasma","192",74,"flat",NA,NA,NA,NA,NA,NA,NA,0.781,39.2,NA,NA,-49.5,105,30.6,0.00136,0.888,0.00174,0.0979,NA,NA,42.5,1000,0.75,0,Inf,1.3,1.74,1300,-1300,0.532,0.128,0.327,0.00645,-35,74
"DTXSID5032600","cyclanilide","113136-77-9","rat","plasma","192",-158,"2comp",0.362,0.219,1.69,0.365,11.9,0.021,0.723,0.087,0.227,0.211,2.37,0,Inf,0.0198,0.444,7.96,0.219,0.362,0.365,1.69,0.114,4.6,0.0576,86.1,-158,0.0582,1.01,0.268,0.581,11.9,0.021,0.723,0.222,-114,232
"DTXSID5034141","fadrozole","102676-47-1","rat","blood","24833",-113,"1comp",18.9,0.0782,0.993,NA,8.86,1.48,0.0282,0.0782,18.9,NA,0.993,60.4,-113,1.48,0.0282,8.86,0.0142,83.9,NA,0.954,2.61,6.1,0.00428,61.3,-111,0.000371,0.0866,0.00226,0.0705,1870,0.0311,1.34,0.153,13.9,-23.8
"DTXSID5034773","novaluron","116714-46-6","rat","plasma","192",-301,"2comp",7.1,0.0549,0.335,0.689,45,0.11,0.262,0.0339,3.86,0.144,0.54,143,-277,0.131,0.0458,20.5,0.0549,7.1,0.689,0.335,2.53,3.38,0.0831,157,-301,0.0154,0.186,0.052,0.0939,45,0.11,0.262,0.0363,53,-102
"DTXSID5037523","diazinon-o-analog","962-58-3","rat","plasma","192",-158,"2comp",269,0.000156,1.9,0.579,616000,0.000303,79.6,0.102,2.06,0.161,3.77,73.1,-136,0.209,0.0321,6.82,0.000156,269,0.579,1.9,1.94,1000,7.21e-06,86,-158,1.13e-06,0.157,0.00113,0.156,616000,0.000303,79.6,0.0187,-74.2,152
"DTXSID5045174","memantine","19982-08-2","rat","blood","25018",-18.8,"2comp",6.68,1.21,1.98,NA,8.96,0.517,0.0806,18.6,1.24,NA,0.15,7.56,-7.11,23.1,0.0018,0.0372,1.21,6.68,NA,1.98,1.14,1.5,0.0427,15.4,-18.8,0.0774,1.81,0.116,0.562,8.96,0.517,0.0806,0.0215,-5.76,15.5
"DTXSID5046354","tacrolimus","104987-11-3","rat","blood","24902",-170,"2comp",1170,0.0027,0.724,NA,25100,0.0325,1.28,6.21,58.2,NA,0.055,88.5,-169,361,0.000115,0.112,0.0027,1170,NA,0.724,12.1,249,4.11e-05,91,-170,2.77e-05,0.673,0.00689,0.663,25100,0.0325,1.28,0.00112,80.2,-156
"DTXSID5048184","melengestrol acetate","2919-66-6","rat","blood","24865",-114,"2comp",1280,0.00205,1.72,NA,4820,0.184,0.227,5.6,462,NA,0.148,53.5,-99,2590,1.61e-05,0.124,0.00205,1280,NA,1.72,89.9,296,0.000237,63,-114,0.000144,0.606,0.0426,0.562,4820,0.184,0.227,0.00244,47.5,-91.1
"DTXSID5048265","propiverine","60569-19-9","rat","blood","24887",12.6,"1comp",3.61,0.607,0.0448,NA,1.14,2.19,0.019,0.607,3.61,NA,0.0448,-2.32,12.6,2.19,0.019,1.14,0.000826,909,NA,0.565,15.2,62.1,0.000266,0,Inf,1.36e-05,0.0513,0.000846,0.0496,50900,0.0124,3.37,0.019,-53.4,111
"DTXSID50881104","diltiazem","34933-06-7","rat","plasma","207",52.1,"1comp",2.71,0.941,0.626,0.0716,0.736,2.55,0.00117,0.941,2.71,0.0716,0.626,-21.1,52.1,2.55,0.00117,0.736,0.03,613,0.999,8,87.1,5.43,0.0219,-34,81.9,0.00358,0.163,0.0194,0.117,194,2.19,0.019,0.0093,-32.1,68.2
"DTXSID601004469","canagliflozin","842133-18-0","rat","blood","24992",-69.4,"1comp",18.3,0.274,0.115,NA,2.53,5.01,0.00831,0.274,18.3,NA,0.115,38.7,-69.4,5.01,0.00831,2.53,0.115,2.43,NA,0.274,4.04,0.932,0.167,38.7,Inf,0.0179,0.107,0.0167,-0.00662,38.8,0.0435,0.958,0.0449,21.7,-39.4
"DTXSID601010282","safinamide","133865-89-1","rat","blood","25033",-53.4,"1comp",1.21,38.5,0.382,NA,0.018,46.7,0.000892,38.5,1.21,NA,0.382,30.7,-53.4,46.7,0.000892,0.018,0.941,19.1,NA,74.7,7.87,6.95,0.054,0,Inf,0.353,6.54,2.45,3.5,1.96,6.74,0.00618,0.0254,14.6,-25.1
"DTXSID6020438","1,2-dichloroethane","107-06-2","rat","blood","18",293,"2comp",4.26,0.391,16.6,NA,2.13,1.38,0.0301,267,0.99,NA,0.295,0,Inf,264,0.000158,0.0026,0.391,4.26,NA,16.6,3.62,7.8,0.107,-141,293,0.325,3.05,2.54,0.447,2.13,1.38,0.0301,0.104,-167,338
"DTXSID6020771","ketoprofen","22071-15-4","rat","blood","24796",-149,"2comp",2090,0.288,183,NA,21.8,66.5,0.000627,13.4,11500,NA,0.0834,0,Inf,155000,2.69e-07,0.0516,0.288,2090,NA,183,246,14.5,0.0076,80.4,-149,0.0318,4.18,0.462,3.46,21.8,66.5,0.000627,0.000468,56.4,-109
"DTXSID6021080","omeprazole","73590-58-6","rat","blood","24812",-346,"1comp",3.42,33,0.366,NA,0.021,113,0.000369,33,3.42,NA,0.366,177,-346,113,0.000369,0.021,4.38,15.3,NA,1.75,1.76,1.2,0.0174,0,Inf,0.0909,5.24,0.109,0.84,7.62,1.39,0.0299,0.00516,165,-326
"DTXSID6021115","petasitenine","60102-37-6","rat","blood","25022",-73.9,"2comp",0.499,1.19,1.73,NA,5.48,0.063,0.661,5.27,1.14,NA,0.255,33,-57.9,5.99,0.00695,0.131,1.19,0.499,NA,1.73,0.194,1.23,0.0864,42.9,-73.9,0.126,1.46,0.155,0.244,5.48,0.063,0.661,0.0631,0.53,2.94
"DTXSID6021402","1,2,4-trimethylbenzene","95-63-6","rat","blood","24790",13,"2comp",55.8,0.471,73.5,NA,3.15,12.3,0.00339,153,1.11,NA,0.426,-7.89,23.8,171,0.000244,0.00452,0.471,55.8,NA,73.5,31.4,3.16,0.148,-0.5,13,0.22,1.49,0.697,0.542,3.15,12.3,0.00339,0.011,-31,66
"DTXSID60221219","formate","71-47-6","rat","blood","17",38.4,"1comp",31.1,0.152,NA,NA,4.56,4.73,0.0088,0.152,31.1,NA,NA,-16.2,38.4,4.73,0.0088,4.56,0.000422,0.0733,NA,NA,33.3,1000,0.75,0,Inf,0.317,0.423,317,-317,2.19,0.0232,1.79,0.0194,-19.7,43.4
"DTXSID6022682","bisoprolol","66722-44-9","rat","blood","24810",-89.9,"2comp",0.483,1.74,2.81,NA,2.33,0.144,0.29,7.06,1.15,NA,0.443,46.6,-85.1,8.09,0.00515,0.0981,1.74,0.483,NA,2.81,0.21,1.37,0.125,51,-89.9,0.298,2.38,0.408,0.532,2.33,0.144,0.29,0.126,23,-42.1
"DTXSID6022896","desmethylimipramine","50-47-5","rat","plasma","212",-5.41,"1comp",21.8,0.108,NA,NA,6.39,2.37,0.0176,0.108,21.8,NA,NA,5.7,-5.41,2.37,0.0176,6.39,NA,NA,NA,NA,NA,NA,NA,NA,Inf,NA,NA,NA,NA,NA,NA,NA,0.0394,4.63,-5.26
"DTXSID6022923","hexobarbital","15307-86-5","rat","plasma","Joint Analysis",203,"flat",NA,NA,NA,NA,NA,NA,NA,4.69,0.447,0.239,2.08,-462,936,2.09,0.00475,0.148,0.627,3.47,1.1,3.14,0.374,11.9,0.00839,0,Inf,0.0626,7.46,0.744,6.15,11.1,0.217,0.21,0.215,-98.7,203
"DTXSID60230861","s-metoprolol","81024-42-2","rat","plasma","216",-55.8,"1comp",1.45,334,0.947,NA,0.00208,484,8.61e-05,334,1.45,NA,0.947,31.9,-55.8,484,8.61e-05,0.00208,5.19,129,NA,610,23.7,128,0.00143,0,Inf,0.947,664,121,539,0.732,122,0.000341,0.002,18.8,-33.6
"DTXSID6023319","miconazole","22916-47-8","rat","blood","24870",-253,"2comp",11.5,0.373,0.425,NA,24.1,0.331,0.126,2.19,7660,NA,0.0728,0,Inf,16800,2.48e-06,0.317,0.373,11.5,NA,0.425,5.97,1.08,0.071,132,-253,0.0287,0.405,0.0312,0.029,24.1,0.331,0.126,0.00223,107,-209
"DTXSID6023440","perindopril","82834-16-0","rat","blood","24882",-203,"2comp",510,0.000379,3.88,NA,8620,0.041,1.02,5.1,59.5,NA,0.152,98.7,-189,303,0.000137,0.136,0.000379,510,NA,3.88,108,1000,0.000212,107,-203,8.04e-05,0.38,0.0806,0.299,8620,0.041,1.02,0.00426,88.5,-173
"DTXSID6023577","sertraline","79617-96-2","rat","blood","25036",-12.4,"flat",NA,NA,NA,NA,NA,NA,NA,0.409,2960,NA,10000,0,Inf,1210,3.45e-05,1.7,NA,NA,NA,NA,NA,NA,NA,NA,Inf,NA,NA,NA,NA,NA,NA,NA,0.00708,8.2,-12.4
"DTXSID6023733","valproic acid","99-66-1","rat","plasma","Joint Analysis",567,"flat",NA,NA,NA,NA,NA,NA,NA,1.1,0.221,0.274,2.19,0,Inf,0.243,0.0471,0.631,1.54,0.238,0.138,0.381,0.164,17.4,0.0389,-627,1270,1.04,26.8,18.1,8.19,0.665,0.248,0.0232,1.04,-280,567
"DTXSID6023947","free carbon disulfide","75-15-0","rat","plasma","167",134,"2comp",3.35,7.07,NA,NA,0.472,4.92,0.00847,1.93,3.28,NA,NA,-70.1,146,6.35,0.00657,0.358,7.07,3.35,NA,NA,0.826,5,0.0415,-62.1,134,1.47,35.3,7.33,22.4,0.472,4.92,0.00847,0.0995,-108,220
"DTXSID6024200","m-cresol","108-39-4","rat","blood","24863",31.1,"1comp",8.11,2.14,2.14,NA,0.324,17.3,0.0024,2.14,8.11,NA,2.14,-11.6,31.1,17.3,0.0024,0.324,0.738,0.38,NA,1.31,0.58,3.07,0.67,-11.2,Inf,1.52,2.26,4.65,-1.61,0.457,0.576,0.0724,0.129,-31.3,66.6
"DTXSID6024206","molinate","2212-67-1","rat","blood","24873",-72.3,"2comp",224,0.0222,5.53,NA,3840,0.0405,1.03,17.1,4.28,NA,0.264,36.4,-64.8,73,0.000571,0.0406,0.0222,224,NA,5.53,1.83,234,3.47e-05,42.2,-72.3,0.00018,5.21,0.0423,5.14,3840,0.0405,1.03,0.00436,22.9,-41.7
"DTXSID6025355","glutaraldehyde","111-30-8","rat","blood","24845",20.2,"flat",NA,NA,NA,NA,NA,NA,NA,17,1.02,NA,0.0144,-7.75,23.5,17.3,0.0024,0.0409,0.00114,37.3,NA,9180,16.4,1000,0.000439,0,Inf,5e-04,1.14,0.5,0.638,1390,0.0186,2.23,0.0345,-8.12,20.2
"DTXSID6034392","boscalid","188425-85-6","rat","plasma","192",-219,"2comp",11.3,1.12,3.73,0.208,5.16,1.52,0.00572,0.111,32.4,0.0311,12,61,-112,3.58,0.000362,6.27,1.12,11.3,0.208,3.73,1.9,3.06,0.0392,117,-219,0.134,3.42,0.411,2.03,5.16,1.52,0.00572,0.00433,5.21,-6.42
"DTXSID6034849","propamocarb hydrochloride","25606-41-1","rat","plasma","192",-214,"1comp",7.1,2.97,3.95,0.00424,0.233,21.1,8.36e-06,2.97,7.1,0.00424,3.95,112,-214,21.1,8.36e-06,0.233,2.99,9.12,0.0508,1.62,6.32,1.76,0.28,-149,311,1.48,5.27,2.6,1.15,0.469,13.5,0.000157,0.000149,-19.8,43.5
"DTXSID6041056","l-arginine","74-79-3","rat","blood","25013",127,"1comp",1.38,3.98,0.105,NA,0.174,5.5,0.00757,3.98,1.38,NA,0.105,-59.5,127,5.5,0.00757,0.174,0.105,11.5,NA,3.99,11.9,0.988,0.256,-59.5,Inf,0.0266,0.104,0.0262,-0.000912,26.1,0.306,0.136,0.0546,-70.6,145
"DTXSID6046214","adefovir","106941-25-7","rat","blood","24986",-65.1,"1comp",6.65,3.53,0.175,NA,0.196,23.5,0.00178,3.53,6.65,NA,0.175,36.6,-65.1,23.5,0.00178,0.196,0.144,63.6,NA,2.69,29.6,2.52,0.136,38.5,-65,0.0493,0.361,0.124,0.143,14.1,3.14,0.0133,0.0143,12.3,-20.5
"DTXSID6046763","triazolam","28911-01-5","rat","blood","25041",-217,"2comp",202,0.76,70.1,NA,17.8,7.86,0.0053,52.3,1.71,NA,0.916,108,-209,89.5,0.000466,0.0133,0.76,202,NA,70.1,26.7,1.55,0.0331,114,-217,0.0389,1.18,0.0603,0.396,17.8,7.86,0.0053,0.00194,65.4,-127
"DTXSID6048385","duloxetine","116539-59-4","rat","blood","25003",-155,"2comp",42.3,0.299,0.368,NA,22.7,1.29,0.0323,1.65,4590,NA,0.0227,0,Inf,7560,5.51e-06,0.421,0.299,42.3,NA,0.368,20.8,1.13,0.0901,83.4,-155,0.0305,0.338,0.0346,0.0356,22.7,1.29,0.0323,0.00132,61.7,-119
"DTXSID6048620","teprenone","6809-52-5","rat","blood","24906",24.9,"1comp",7.46,2.25,0.118,NA,0.308,16.8,0.00248,2.25,7.46,NA,0.118,-8.44,24.9,16.8,0.00248,0.308,0.0103,4.93,NA,2.78,44.9,20.7,0.75,0,Inf,0.16,0.214,3.32,-2.95,4.32,0.79,0.0528,0.00839,-30.7,65.4
"DTXSID701032738","ipragliflozin","761423-87-4","rat","blood","25012",-69,"2comp",0.967,0.888,1.79,NA,5,0.134,0.311,0.189,16.5,NA,6.31,36.8,-65.6,3.12,0.0134,3.68,0.888,0.967,NA,1.79,0.3,1.7,0.0919,40.5,-69,0.138,1.51,0.235,0.522,5,0.134,0.311,0.0994,9.39,-14.8
"DTXSID701316916","neopetasitenine","60409-51-0","rat","blood","25022",-100,"2comp",4.55,2.09,2.92,NA,13.1,0.24,0.173,8.86,2.03,NA,0.608,43.6,-79.3,18,0.00232,0.0782,2.09,4.55,NA,2.92,0.583,1.21,0.0208,56.1,-100,0.0528,2.54,0.064,0.436,13.1,0.24,0.173,0.0233,28.5,-52.9
"DTXSID70158385","hydroxyethoxyacetic acid","13382-47-3","mouse","blood","56",169,"flat",NA,NA,NA,NA,NA,NA,NA,0.0379,0.95,NA,8.26e-06,0,Inf,0.036,1.16,18.3,0.156,5.69,NA,0.184,1.58,1.49,0.0755,-482,975,0.0176,0.234,0.0264,0.0685,39.3,0.1,0.415,0.0956,-82.3,169
"DTXSID70197572","sitagliptin","486460-32-6","rat","blood","25037",-109,"2comp",347,0.000187,8.13,NA,43000,0.00558,7.46,9.48,1.59,NA,0.137,58.2,-108,15.1,0.00276,0.0731,0.000187,347,NA,8.13,29.9,1000,8.62e-05,60.7,-109,1.61e-05,0.188,0.0162,0.172,43000,0.00558,7.46,0.0205,35.8,-67.6
"DTXSID7020182","bisphenol a","80-05-7","rat","blood","24811",-176,"2comp",26.6,1.41,2.07,NA,15.4,1.2,0.0348,29.4,1.86,NA,0.111,81.8,-156,54.6,0.000763,0.0236,1.41,26.6,NA,2.07,3.09,1.34,0.0239,93.9,-176,0.045,1.88,0.0601,0.458,15.4,1.2,0.0348,0.00201,73.6,-143
"DTXSID7020182","bisphenol a","80-05-7","rat","plasma","Joint Analysis",-156,"2comp",10.6,1.43,24.7,0.121,5.64,1.3,0.00385,3.69,1.46,0.122,0.1,73,-134,5.4,0.000941,0.188,1.43,10.6,0.121,24.7,1.14,4.49,0.0191,85.9,-156,0.123,6.43,0.551,4.57,5.64,1.3,0.00385,0.0137,40.3,-74.5
"DTXSID7020261","chloral hydrate","302-17-0","mouse","blood","45",58,"flat",NA,NA,NA,NA,NA,NA,NA,8.25,50900,NA,0.105,0,Inf,420000,9.92e-08,0.084,0.152,375,NA,0.195,102,2.33,0.0754,-788,1590,0.0268,0.355,0.0623,0.167,25.9,10,0.00415,0.000888,-27,58
"DTXSID7020348","coumarin","91-64-5","rat","blood","23064",53.2,"1comp",88,0.399,5.19,NA,1.74,35.1,0.00119,0.399,88,NA,5.19,-22.6,53.2,35.1,0.00119,1.74,0.000512,89,NA,4.56,3.74,1000,4.2e-05,0,Inf,2.15e-05,0.513,0.0215,0.491,32200,0.00191,21.8,0.107,-42.3,88.6
"DTXSID7020687","hexachlorocyclohexane","608-73-1","rabbit","blood","28",114,"flat",NA,NA,NA,NA,NA,NA,NA,1,0.291,NA,2.19,0,Inf,0.291,0.143,0.693,1,0.436,NA,2.18,0.291,2,0.25,0,Inf,0.5,2,1,0.5,1.39,0.218,0.191,1.79,-55.2,114
"DTXSID7021106","pentachlorophenol, purified","87-86-5","rat","plasma","161",3710,"flat",NA,NA,NA,NA,NA,NA,NA,0.0892,0.104,0.147,1.95,0,Inf,0.00925,0.664,7.77,0.0825,0.0843,0.353,0.499,0.0778,10.3,0.0887,0,Inf,0.0755,0.851,0.778,0.0655,9.18,0.00637,2.31,1.11,-1850,3710
"DTXSID7022253","resmethrin","10453-86-8","rat","plasma","192",-265,"1comp",15.5,2.04,0.273,0.175,0.339,31.7,0.00023,2.04,15.5,0.175,0.273,138,-265,31.7,0.00023,0.339,0.876,57.6,0.999,2.13,20.9,2.17,0.108,138,-263,0.205,1.9,0.446,0.786,3.38,11.8,0.00352,0.00147,41.6,-79.2
"DTXSID7022413","isoeugenol","97-54-1","rat","plasma","157",750,"flat",NA,NA,NA,NA,NA,NA,NA,4.34,1.63,0.118,0.107,-652,1310,7.09,0.000696,0.16,0.0392,42.5,0.592,21.6,111,5.43,0.75,0,Inf,0.16,0.213,0.867,-0.534,4.35,6.78,0.00364,0.00388,-373,750
"DTXSID7022592","amiodarone","1951-25-3","rat","blood","24988",-38.4,"1comp",23.7,1.94,0.0589,NA,0.357,46.1,0.000904,1.94,23.7,NA,0.0589,23.2,-38.4,46.1,0.000904,0.357,0.000119,417,NA,1.64,89.1,1000,0.000213,23.8,-35.6,2.53e-05,0.12,0.0256,0.0942,27400,0.0106,3.94,0.00613,10,-16
"DTXSID7022754","cefixime","79350-37-1","rat","blood","24813",98.2,"2comp",0.213,0.627,0.8,NA,12.9,0.0114,3.65,0.172,5.81,NA,1.87,-48.4,105,0.997,0.0418,4.04,0.627,0.213,NA,0.8,0.0865,1.16,0.0738,-43.1,98.2,0.0536,0.726,0.0621,0.0906,12.9,0.0114,3.65,0.158,-67,138
"DTXSID7023065","flunitrazepam","1622-62-4","rat","blood","25009",-93.5,"2comp",26.4,0.503,7.5,NA,3.78,4.84,0.00861,34.9,1.27,NA,0.371,42.5,-77,44.3,0.000941,0.0198,0.503,26.4,NA,7.5,10.7,6.33,0.0575,52.8,-93.5,0.183,3.18,1.16,1.7,3.78,4.84,0.00861,0.0288,27.5,-51.1
"DTXSID7023067","fluoxetine","54910-89-3","rat","blood","24837",-109,"1comp",639,1.34,0.0789,NA,0.517,857,4.86e-05,1.34,639,NA,0.0789,58.7,-109,857,4.86e-05,0.517,0.0789,98.9,NA,1.34,103,0.984,0.281,58.7,Inf,0.0218,0.0776,0.0215,-0.000926,31.7,2.16,0.0193,0.00487,41.1,-78.1
"DTXSID7023194","lamivudine","134678-17-4","rat","blood","24857",-35.4,"1comp",15.9,0.81,0.81,NA,0.855,12.9,0.00323,0.81,15.9,NA,0.81,21.7,-35.4,12.9,0.00323,0.855,0.798,0.304,NA,0.894,0.302,1.29,0.75,0,Inf,0.771,1.03,0.993,0.00773,0.899,0.234,0.178,0.0953,11.9,-19.9
"DTXSID7023225","lorazepam","846-49-1","rat","blood","25016",-108,"1comp",1.16,18.1,0.0794,NA,0.0383,21,0.00198,18.1,1.16,NA,0.0794,57.8,-108,21,0.00198,0.0383,0.113,54.4,NA,112,17,8.41,0.0341,0,Inf,0.0323,0.949,0.272,0.596,21.4,1.76,0.0237,0.0182,51.3,-98.5
"DTXSID7023510","primidone","125-33-7","rat","plasma","140",711,"1comp",3.03,0.216,1.12,NA,3.21,0.654,0.0637,0.216,3.03,NA,1.12,-352,711,0.654,0.0637,3.21,0.000348,0.00329,NA,1.61,1.43,1000,0.75,0,Inf,0.261,0.349,262,-261,2.66,0.000858,48.6,0.0718,-541,1090
"DTXSID7029904","fluorotelomer alcohol 8+2","678-39-7","rat","plasma","131",425,"1comp",301,0.119,1.54,0.0622,5.82,35.9,7.22e-05,0.119,301,0.0622,1.54,-208,425,35.9,7.22e-05,5.82,2080,699,622,10000,363000,1000,0.75,0,Inf,1560000,2080000,1.56e+09,-1.56e+09,4.45e-07,1.09e+09,2.38e-08,0.000966,-540,1080
"DTXSID7032004","flutamide","13311-84-7","rat","blood","24838",-31.8,"1comp",9.9,8.86,0.381,NA,0.0782,87.8,0.000475,8.86,9.9,NA,0.381,19.9,-31.8,87.8,0.000475,0.0782,2.62,8.1,NA,3.86,2.28,1.38,0.0704,20.6,-29.2,0.254,3.62,0.35,0.895,2.72,2.06,0.0202,0.00969,13.9,-23.7
"DTXSID7037680","norfloxacin","70458-96-7","rat","blood","24830",-14.3,"1comp",2.22,19.4,0.594,NA,0.0357,43.1,0.000967,19.4,2.22,NA,0.594,11.2,-14.3,43.1,0.000967,0.0357,0.594,25,NA,19.4,25.3,0.998,0.187,11.2,Inf,0.111,0.593,0.111,-0.00109,6.24,2.78,0.015,0.0234,-1.61,7.22
"DTXSID7038319","3-hydroxybenzo(a)pyrene","13345-21-6","rat","blood","Joint Analysis",-131,"1comp",333,0.0547,0.498,0.00124,12.7,18.2,2.83e-06,0.0547,333,0.00124,0.498,71.4,-131,18.2,2.83e-06,12.7,0.000121,5200,0.0834,0.464,316,583,0.000104,0,Inf,7.33e-06,0.071,0.00431,0.0665,94500,0.0381,0.0911,0.000238,0,Inf
"DTXSID7038319","3-hydroxybenzo(a)pyrene","13345-21-6","rat","plasma","54",-59.3,"flat",NA,NA,NA,NA,NA,NA,NA,0.841,35600,NA,0.00133,0,Inf,29900,1.39e-06,0.824,NA,NA,NA,NA,NA,NA,NA,NA,Inf,NA,NA,NA,NA,NA,NA,NA,0.00013,31.6,-59.3
"DTXSID7040653","balsalazide","80573-04-2","rat","blood","24805",-57.3,"2comp",172,4.5,10000,NA,3.65,32.6,0.00128,55.2,2.74,NA,0.203,30.1,-52.2,151,0.000276,0.0126,4.5,172,NA,10000,9.87,3.58,0.0118,34.6,-57.3,0.19,16.1,0.679,11.1,3.65,32.6,0.00128,0.00219,19.1,-34.2
"DTXSID7045946","zolpidem","82626-48-0","rat","blood","25045",-32,"2comp",1.03,7.43,9.64,NA,1.92,0.37,0.113,68.8,1.1,NA,0.553,9.79,-11.6,75.7,0.00055,0.0101,7.43,1.03,NA,9.64,0.25,1.19,0.0409,22,-32,0.361,8.83,0.429,1.33,1.92,0.37,0.113,0.0121,-23.2,50.4
"DTXSID7046627","bosentan","147536-97-8","rat","plasma","198",-17.4,"1comp",3.74,0.243,1.92,0.123,2.85,0.912,0.0056,0.243,3.74,0.123,1.92,13.7,-17.4,0.912,0.0056,2.85,0.00127,0.0243,0.388,1.8,4.21,1000,0.206,0,Inf,0.26,1.27,260,-259,2.66,0.00632,2.56,0.0302,-10.3,24.6
"DTXSID7047859","benzydamine","642-72-8","rat","blood","24807",16.4,"1comp",2.49,6.12,0.422,NA,0.113,15.2,0.00273,6.12,2.49,NA,0.422,-4.19,16.4,15.2,0.00273,0.113,0.481,13.7,NA,3.57,7.4,2.32,0.173,-3.39,18.8,0.193,1.11,0.447,0.379,3.59,2.64,0.0158,0.0377,-19.6,43.3
"DTXSID7048320","itopride","122898-67-3","rat","blood","24852",25.6,"2comp",14.7,0.544,4.35,NA,12.3,0.824,0.0505,12.6,1.18,NA,0.306,-17.2,42.4,14.8,0.00281,0.0551,0.544,14.7,NA,4.35,2.05,3.46,0.0298,-6.8,25.6,0.0562,1.88,0.194,1.2,12.3,0.824,0.0505,0.0629,-28.4,60.8
"DTXSID7048328","sarpogrelate","125926-17-2","rat","blood","24894",95.1,"flat",NA,NA,NA,NA,NA,NA,NA,7.08,0.965,NA,0.00324,0,Inf,6.84,0.00609,0.0979,0.574,0.0117,NA,0.765,0.0175,104,0.0145,-401,Inf,0.864,59.6,89.7,-29.8,0.802,0.0101,4.14,0.043,-45.6,95.1
"DTXSID7049136","beraprost","88430-50-6","rat","blood","24808",-106,"2comp",0.995,1.13,1.52,NA,7.74,0.0891,0.468,4.48,1.29,NA,0.134,56.4,-105,5.8,0.00718,0.155,1.13,0.995,NA,1.52,0.303,1.24,0.0635,59.1,-106,0.0895,1.41,0.111,0.255,7.74,0.0891,0.468,0.0324,37.1,-70.2
"DTXSID70904607","phenolphthalein glucuronide","15265-26-6","rat","plasma","139",657,"flat",NA,NA,NA,NA,NA,NA,NA,6.25e-08,1.6,NA,NA,-326,659,1e-07,416000,11100000,2.83e-07,-21800000,NA,NA,1.6,0.00196,0.0042,-326,Inf,2.32e-12,2.51e-09,2.06e-14,-2.8e-07,2.98e+11,-5.06e-05,-823,0.623,-326,657
"DTXSID80108992","perfluorooctane sulfonate","45298-90-6","rat","plasma","148",2360,"flat",NA,NA,NA,NA,NA,NA,NA,0.00104,0.442,0.472,2.52,0,Inf,0.000458,42.9,669,1.75e-11,0.00112,0.109,9.29,0.516,607,0.75,0,Inf,7.96e-09,0.000607,0.277,-0.276,87100000,8.9e-12,5.11e+08,0.235,-1180,2360
"DTXSID801319101","peficitinib","944118-01-8","rat","blood","25028",-82,"1comp",1.17,19.8,0.187,NA,0.035,23.2,0.00179,19.8,1.17,NA,0.187,45,-82,23.2,0.00179,0.035,0.0338,126,NA,9050,15.4,8.01,0.0136,45.2,-78.5,0.00368,0.271,0.0295,0.211,188,0.462,0.0901,0.0173,33.8,-63.7
"DTXSID80184817","theanine","3081-61-6","rat","blood","13346",175,"flat",NA,NA,NA,NA,NA,NA,NA,0.855,0.413,NA,2.19,0,Inf,0.353,0.118,0.811,0.689,1.06,NA,0.493,0.415,1.92,0.123,-489,990,0.163,1.32,0.314,0.485,4.25,0.173,0.241,0.721,-85.3,175
"DTXSID8020090","aniline","62-53-3","rat","blood","24798",114,"flat",NA,NA,NA,NA,NA,NA,NA,1.08,3.14,NA,1080,0,Inf,3.39,0.0123,0.643,0.973,1.07,NA,9050,1.17,1.69,0.75,0,Inf,1.23,1.65,2.09,-0.181,0.562,1.32,0.0315,0.206,-54.8,114
"DTXSID8020204","tert-butyl alcohol","75-65-0","human","blood","51",-129,"1comp",1.03,3.32,0.0801,NA,0.209,3.43,0.0121,3.32,1.03,NA,0.0801,68.3,-129,3.43,0.0121,0.209,0.0781,1.33,NA,7.29,1.38,0.981,0.352,68.6,Inf,0.027,0.0766,0.0265,-0.000958,25.7,0.0359,1.16,0.408,39.1,-74.2
"DTXSID8020541","phenytoin","57-41-0","rat","plasma","Joint Analysis",287,"flat",NA,NA,NA,NA,NA,NA,NA,0.0654,5.18,0.274,62.5,-138,288,0.339,0.0337,10.6,0.0292,13.6,1.04,1.63,4.55,6.53,0.0457,0,Inf,0.00874,0.191,0.0571,0.113,79.4,0.119,0.365,0.142,-140,287
"DTXSID8020674","griseofulvin","126-07-8","rat","blood","24847",-86,"1comp",220,0.989,0.989,NA,0.701,217,0.000192,0.989,220,NA,0.989,47,-86,217,0.000192,0.701,0.892,1.13,NA,1.1,1.13,1.33,0.75,0,Inf,0.892,1.19,1.19,9e-05,0.777,1.01,0.0414,0.0399,21.4,-38.8
"DTXSID8020913","naphthalene","91-20-3","rat","blood","169",750,"1comp",43.3,0.0761,NA,NA,9.1,3.3,0.0126,0.0761,43.3,NA,NA,-372,750,3.3,0.0126,9.1,0.000236,0.0978,NA,NA,43.4,1000,0.75,0,Inf,0.177,0.237,178,-177,3.92,0.0173,2.41,0.0172,-385,774
"DTXSID8021359","tolbutamide","64-77-7","rat","blood","24786",-18.2,"2comp",0.112,0.104,1.56,NA,7.95,0.00978,4.26,0.101,0.159,NA,2.19,0,Inf,0.016,2.6,6.88,0.104,0.112,NA,1.56,0.106,1.46,0.571,15.1,-18.2,0.0872,0.153,0.128,0.00799,7.95,0.00978,4.26,4.73,-24.4,52.8
"DTXSID8021359","tolbutamide","64-77-7","rat","plasma","Joint Analysis",222,"flat",NA,NA,NA,NA,NA,NA,NA,0.219,0.169,0.669,2.19,0,Inf,0.037,0.754,3.17,0.184,0.212,1.02,2.52,0.171,2.86,0.257,0,Inf,0.135,0.525,0.386,0.0904,5.13,0.0286,1.48,3.18,-107,222
"DTXSID8021480","doxorubicin","23214-92-8","rat","blood","25002",-180,"2comp",619,0.126,1500,NA,12.1,35.5,0.00117,59.9,1.95,NA,0.0861,69.1,-130,117,0.000357,0.0116,0.126,619,NA,1500,296,10.5,0.0433,95.7,-180,0.0574,1.32,0.601,0.654,12.1,35.5,0.00117,0.00147,55.7,-107
"DTXSID8022292","permethrin","52645-53-1","rat","plasma","192",-176,"1comp",234,0.128,2.59,0.0384,5.4,30,5.34e-05,0.128,234,0.0384,2.59,93.1,-176,30,5.34e-05,5.4,0.122,151,1.02,3.85,161,4.52,0.239,0,Inf,0.132,0.553,0.598,-0.0357,5.24,20,0.00212,0.00165,40.5,-77
"DTXSID8022406","2,4-dihydroxybenzophenone","131-56-6","mouse","plasma","129",1120,"1comp",218,0.0843,34.3,0.0053,8.22,18.4,1.2e-05,0.0843,218,0.0053,34.3,-557,1120,18.4,1.2e-05,8.22,0.000929,2.51,0.214,41.4,237,284,0.503,-549,Inf,0.133,0.264,37.8,-37.4,5.22,0.333,0.0268,0.000609,-882,1770
"DTXSID8022406","2,4-dihydroxybenzophenone","131-56-6","rat","plasma","129",-191,"1comp",49.7,2.38,0.0982,0.102,0.291,118,3.58e-05,2.38,49.7,0.102,0.0982,100,-191,118,3.58e-05,0.291,0.823,303,1,1.78,60,2.09,0.0545,96.6,-179,0.0939,1.72,0.197,0.798,7.38,28.5,0.00146,0.000466,-66.9,138
"DTXSID8022614","apomorphine","58-00-4","rat","blood","24800",-83.5,"flat",NA,NA,NA,NA,NA,NA,NA,49.7,1490,NA,0.203,0,Inf,74200,5.61e-07,0.0139,0.000273,66000,NA,8550,1700,911,2.82e-05,0,Inf,7e-06,0.25,0.0064,0.243,99000,0.463,0.0901,0.000106,43.7,-83.5
"DTXSID8022824","ciprofloxacin","85721-33-1","rat","blood","24994",8.28,"1comp",2.55,1.86,0.379,NA,0.373,4.74,0.0088,1.86,2.55,NA,0.379,-0.141,8.28,4.74,0.0088,0.373,0.379,-13.5,NA,1.86,2.67,0.798,0.0504,-0.141,Inf,0.0152,0.302,0.0122,-0.0735,45.5,-0.205,-0.203,0.0944,-39.4,82.7
"DTXSID8023133","hydromorphone","466-99-9","rat","blood","25011",-156,"2comp",202,0.594,1.22,NA,45.4,3.08,0.0135,11.3,32.3,NA,0.356,73.9,-140,364,0.000115,0.0615,0.594,202,NA,1.22,12.5,1.67,0.0154,84.1,-156,0.0153,0.991,0.0255,0.386,45.4,3.08,0.0135,0.00153,55.6,-107
"DTXSID8023393","ondansetron","99614-02-5","rat","plasma","220",406,"1comp",116,0.00659,5770,0.0845,105,0.762,0.00462,0.00659,116,0.0845,5770,-198,406,0.762,0.00462,105,9050,4.36,0.0578,2.09,1880,998,0.718,0,Inf,6480000,9030000,6.47e+09,-6.45e+09,1.07e-07,28300000,8.51e-11,0.0112,-208,421
"DTXSID8023509","primaquine","90-34-6","rat","blood","25029",-27.7,"2comp",192,3.27,10.2,NA,100,1.33,0.0313,425,1.09,NA,0.74,9.39,-10.8,462,9.03e-05,0.00163,3.27,192,NA,10.2,0.625,2.85,0.000742,19.9,-27.7,0.00693,9.33,0.0198,6.05,100,1.33,0.0313,0.00695,-0.921,5.84
"DTXSID8024151","imazalil","35554-44-0","rat","plasma","192",-133,"2comp",16.4,3.43,54.4,0.0179,1.42,7.98,9.36e-05,0.867,13.4,0.00305,59,47.1,-84.2,11.6,1.1e-05,0.799,3.43,16.4,0.0179,54.4,3.09,3.47,0.0411,73.3,-133,0.488,11.9,1.69,7.25,1.42,7.98,9.36e-05,0.000652,-39.1,82.3
"DTXSID8024521","tert-amyl methyl ether","994-05-8","human","blood","51",-172,"2comp",6.01,0.985,2.47,NA,3.82,1.09,0.0382,11,1.37,NA,0.267,78.7,-149,15,0.00277,0.063,0.985,6.01,NA,2.47,2.28,1.58,0.116,92.1,-172,0.182,1.56,0.288,0.47,3.82,1.09,0.0382,0.0114,61.6,-119
"DTXSID8025337","formamide","75-12-7","rat","plasma","172",NA,"None",NA,NA,NA,NA,NA,NA,NA,0.0419,0.652,0.5,2.19,0,Inf,0.0273,0.762,16.5,0.0427,0.00625,1.15,2.46,0.038,0.959,0.0502,0,Inf,0.00205,0.041,0.00197,-0.00165,338,1.28e-05,3750,0.156,0,Inf
"DTXSID8026307","2,6-dimethylaniline","87-62-7","rat","blood","24984",-10.8,"1comp",234,0.431,5.8,NA,1.61,101,0.000414,0.431,234,NA,5.8,9.41,-10.8,101,0.000414,1.61,0.431,5.05,NA,5.8,5.05,3.3,0.303,9.41,Inf,0.431,1.42,1.42,-6.9e-05,1.61,2.18,0.0191,0.0794,-26.6,57.2
"DTXSID8030760","azithromycin","83905-01-5","rat","blood","24804",-58.9,"2comp",365,0.00621,0.169,NA,6030,0.042,0.993,0.389,3570,NA,0.0202,0,Inf,1390,3e-05,1.78,0.00621,365,NA,0.169,7.03,25.1,0.000738,35.5,-58.9,0.000115,0.156,0.00288,0.147,6030,0.042,0.993,0.00322,28.1,-52.1
"DTXSID8031077","curcumin","458-37-7","rat","blood","24817",-10.4,"2comp",184,1.02,1.31,NA,7.91,16.1,0.00259,26.8,13700,NA,0.115,0,Inf,368000,1.13e-07,0.0259,1.02,184,NA,1.31,67.9,1.19,0.0722,11.2,-10.4,0.0876,1.21,0.104,0.178,7.91,16.1,0.00259,0.000373,-2.33,8.67
"DTXSID8031865","perfluorooctanoic acid","335-67-1","rat","plasma","Joint Analysis",9270,"2comp",180,1.17e-08,9050,0.206,1.26e+08,9.93e-07,8660,0.0282,4580,1.05,0.00117,0,Inf,129,0.000339,24.6,1.17e-08,180,0.206,9050,85.6,1.18,0.401,-4630,9270,5.52e-09,1.19e-06,5.66e-07,6.22e-07,1.26e+08,9.93e-07,8660,0.0029,-4780,9580
"DTXSID8032673","pyrithiobac sodium","123343-16-8","rat","plasma","192",245,"flat",NA,NA,NA,NA,NA,NA,NA,0.105,6.29,0.391,784,0,Inf,0.658,0.0248,6.63,1.61,0.227,1.07,6.3,0.65,11.1,0.317,0,Inf,5.65,17.8,62.8,-40.9,0.123,1.28,0.0346,0.0258,-121,245
"DTXSID8034586","etoxazole","153233-91-1","rat","plasma","192",-501,"2comp",111,0.134,3.28,0.631,26.9,2.85,0.00924,0.0838,58.2,0.0435,9.6,238,-467,4.88,0.000372,8.27,0.134,111,0.631,3.28,32.9,2.29,0.0842,258,-501,0.0258,0.306,0.059,0.139,26.9,2.85,0.00924,0.00251,136,-268
"DTXSID80436500","apixaban","503612-47-3","rat","blood","24799",-118,"flat",NA,NA,NA,NA,NA,NA,NA,0.583,1070,NA,0.189,0,Inf,623,6.68e-05,1.19,0.314,-18.9,NA,0.335,0.867,0.392,0.162,84.1,Inf,0.02,0.123,0.00784,-0.179,34.7,-0.377,-0.11,0.0167,61.2,-118
"DTXSID8045193","risperidone","106266-06-2","rat","blood","25031",-13,"flat",NA,NA,NA,NA,NA,NA,NA,0.402,70200,NA,0.00103,0,Inf,28200,1.48e-06,1.73,101,188,NA,5.04,0.148,1.39,0.000159,0,Inf,0.0224,141,0.0312,39.7,31,4.21,0.0099,0.000137,8.49,-13
"DTXSID8046664","lenalidomide","191732-72-6","rat","blood","24859",-31.8,"1comp",3.55,2.89,0.901,NA,0.24,10.3,0.00406,2.89,3.55,NA,0.901,19.9,-31.8,10.3,0.00406,0.24,5.07,2.65,NA,7.49,0.486,6.74,0.0238,0,Inf,0.815,34.2,5.5,24.4,0.85,2.16,0.0193,0.0756,-2.05,8.11
"DTXSID8048812","lemildipine","94739-29-4","rat","blood","24858",-68.4,"1comp",4.75,6.31,0.305,NA,0.11,30,0.00139,6.31,4.75,NA,0.305,38.2,-68.4,30,0.00139,0.11,0.341,58,NA,3.95,20.1,2.02,0.104,40,-68,0.0719,0.688,0.145,0.274,9.64,4.17,0.00999,0.0072,18.6,-33.1
"DTXSID9020247","carbaryl","63-25-2","rat","plasma","192",-190,"1comp",41.6,4.48,6.46,0.0121,0.155,187,2.69e-06,4.48,41.6,0.0121,6.46,99.8,-190,187,2.69e-06,0.155,6.42,45.7,0.0795,2,26,1.95,0.201,-43.6,101,2.51,12.5,4.9,3.71,0.276,115,2.89e-05,0.000304,5.7,-7.4
"DTXSID9020584","ethanol","64-17-5","rat","blood","24832",93.6,"flat",NA,NA,NA,NA,NA,NA,NA,0.205,0.953,NA,8.25e-06,0,Inf,0.196,0.213,3.37,NA,NA,NA,NA,NA,NA,NA,NA,Inf,NA,NA,NA,NA,NA,NA,NA,0.436,-44.8,93.6
"DTXSID9020667","glycine","56-40-6","rat","blood","24846",249,"flat",NA,NA,NA,NA,NA,NA,NA,14,1.05,NA,0.114,-169,346,14.7,0.00284,0.0495,0.0596,15.5,NA,11.1,5.23,3.75,0.0726,-163,339,0.0162,0.223,0.0607,0.119,42.8,0.251,0.166,0.0998,-122,249
"DTXSID9021924","pyridine","110-86-1","rat","plasma","Joint Analysis",5440,"flat",NA,NA,NA,NA,NA,NA,NA,0.0623,2.59,0.031,58,0,Inf,0.162,0.00798,11.1,0.0678,3.08,0.0825,39.2,1.93,20.4,0.0302,0,Inf,0.0417,1.38,0.85,0.506,16.6,0.128,0.0267,0.0266,-2710,5440
"DTXSID9022360","octylphenol","140-66-9","rat","blood","60",-300,"2comp",49.9,0.311,2.18,0.103,16.5,2.09,0.00205,0.048,37.3,0.0067,2.6,109,-207,1.79,0.000156,14.4,0.311,49.9,0.103,2.18,7.73,6.74,0.02,157,-300,0.0419,2.09,0.282,1.54,16.5,2.09,0.00205,0.00144,-45.6,95.2
"DTXSID9022524","thalidomide","50-35-1","rat","blood","24910",71.1,"1comp",4.3,0.17,0.17,NA,4.09,0.728,0.0572,0.17,4.3,NA,0.17,-31.6,71.1,0.728,0.0572,4.09,0.16,-0.434,NA,0.179,0.158,0.692,0.154,-31.6,Inf,0.0171,0.111,0.0118,-0.0442,40.6,-0.0074,-5.63,0.167,-62,128
"DTXSID9023336","morphine","57-27-2","rat","blood","24996",-113,"2comp",713,0.115,1.12,NA,798,0.619,0.0673,4.68,3950,NA,0.22,0,Inf,18500,2.25e-06,0.148,0.115,713,NA,1.12,6.05,8.92,0.000845,62.6,-113,0.000868,1.03,0.00775,0.905,798,0.619,0.0673,0.00276,51.5,-99
"DTXSID9023388","olanzapine","132539-06-1","rat","blood","25024",-67.2,"2comp",5.18,1.78,2.26,NA,7.34,0.49,0.0851,26.4,1.77,NA,0.287,25.9,-43.9,46.7,0.000891,0.0263,1.78,5.18,NA,2.26,1.53,1.15,0.046,39.6,-67.2,0.0945,2.05,0.109,0.259,7.34,0.49,0.0851,0.00293,15.7,-27.3
"DTXSID9023590","sparfloxacin","110871-86-8","rat","blood","24898",-47.9,"2comp",2.41,1.15,1.99,NA,5.78,0.289,0.144,5.53,1.35,NA,0.171,25.1,-42.3,7.45,0.00559,0.125,1.15,2.41,NA,1.99,0.599,1.54,0.0675,29.9,-47.9,0.12,1.78,0.185,0.561,5.78,0.289,0.144,0.0294,-5.18,14.4
"DTXSID90238097","tofogliflozin","903565-83-3","rat","blood","25040",-63.1,"2comp",4.3,0.418,2.29,NA,5.69,0.524,0.0795,30.8,1.04,NA,0.306,31,-54,32,0.0013,0.0225,0.418,4.3,NA,2.29,2.31,1.55,0.188,37.5,-63.1,0.122,0.646,0.188,0.162,5.69,0.524,0.0795,0.0265,7.67,-11.3
"DTXSID9025617","4-methylimidazole","822-36-6","rat","plasma","151",129,"2comp",1.27,0.741,NA,NA,1.54,0.574,0.0726,0.484,1.16,NA,NA,-80.9,168,0.559,0.0745,1.43,0.741,1.27,NA,NA,0.796,14.7,0.0414,-59.4,129,0.45,10.9,6.62,3.98,1.54,0.574,0.0726,0.326,-204,412
"DTXSID9030258","2-methyltetrahydrofuran","96-47-9","rat","plasma","175",4350,"2comp",4.81,0.834,1.35,0.424,15.9,0.21,0.0841,1.03,0.758,0.45,2.34,-8810,17600,0.778,0.0241,0.676,0.834,4.81,0.424,1.35,0.696,1.49,0.0352,-2170,4350,0.0436,1.24,0.0648,0.383,15.9,0.21,0.0841,0.0194,-2820,5650
"DTXSID9032329","bensulide","741-58-2","rat","plasma","192",210,"1comp",270,0.233,8.6,0.00266,2.98,62.8,1.76e-06,0.233,270,0.00266,8.6,-100,210,62.8,1.76e-06,2.98,0.00132,1.69,0.121,9050,283,1000,0.19,-99.1,Inf,0.251,1.32,252,-250,2.76,0.424,0.0119,0.000194,-233,470
"DTXSID90382620","fluorotelomer acid 7+3","812-70-4","rat","plasma","131",851,"1comp",72.5,0.00857,0.983,0.0807,80.9,0.621,0.00541,0.00857,72.5,0.0807,0.983,-420,851,0.621,0.00541,80.9,0.00375,100,1.09,1.88,75,2.24,0.279,0,Inf,0.00234,0.00839,0.00523,0.00175,296,0.234,0.194,0.00566,-569,1140
"DTXSID9043988","efonidipine","111011-63-3","rat","blood","24828",-17.7,"flat",NA,NA,NA,NA,NA,NA,NA,0.552,41200,NA,0.463,0,Inf,22700,1.84e-06,1.26,0.457,2.4,NA,0.562,2.4,1.33,0.75,0,Inf,0.456,0.608,0.606,0.000451,1.52,1.1,0.0381,0.00836,10.8,-17.7
"DTXSID9044247","lactitol","585-86-4","rat","blood","24856",45,"2comp",7,0.631,0.772,NA,1.13,4.28,0.00973,2.43,2970,NA,0.257,0,Inf,7200,5.78e-06,0.285,0.631,7,NA,0.772,6.95,1.29,0.75,-16.5,45,0.612,0.815,0.79,0.00565,1.13,4.28,0.00973,0.00658,-26.5,56.9
"DTXSID9044291","oseltamivir","196618-13-0","rat","blood","24878",-23.1,"2comp",3.21,2.14,2.98,NA,2.82,0.788,0.0528,8.42,3.86,NA,0.592,10.9,-13.8,32.5,0.00128,0.0823,2.14,3.21,NA,2.98,1.36,1.21,0.0945,17.5,-23.1,0.246,2.6,0.298,0.404,2.82,0.788,0.0528,0.0147,-8.17,20.3
"DTXSID9044297","atomoxetine","83015-26-3","rat","blood","24803",-89.2,"2comp",25.5,0.559,0.68,NA,12.1,1.46,0.0285,5.46,9580,NA,0.174,0,Inf,52300,7.96e-07,0.127,0.559,25.5,NA,0.68,14.3,1.1,0.0932,50.6,-89.2,0.0573,0.615,0.0629,0.0497,12.1,1.46,0.0285,0.00135,25.1,-46.3
"DTXSID9046023","zonisamide","68291-97-4","rat","blood","24892",77.8,"1comp",5.53,0.0636,0.631,NA,10.9,0.351,0.119,0.0636,5.53,NA,0.631,-34.9,77.8,0.351,0.119,10.9,0.000124,0.00467,NA,0.769,1.99,1000,0.75,0,Inf,0.0931,0.125,93.9,-93.7,7.44,0.000435,95.9,0.293,-54.8,114
"DTXSID9046073","hippuric acid","495-69-2","rat","blood","24983",22.2,"2comp",37.4,0.0232,10000,NA,111,0.234,0.178,39.1,1.02,NA,0.0492,-12.6,33.1,39.8,0.00105,0.0177,0.0232,37.4,NA,10000,10.3,34.8,0.00774,-5.08,22.2,0.00625,0.807,0.218,0.573,111,0.234,0.178,0.0537,-16.5,37
"DTXSID9046786","tadalafil","171596-29-5","rat","blood","24903",-62.9,"1comp",3.98,0.221,3.97,NA,3.13,0.88,0.0473,0.221,3.98,NA,3.97,35.4,-62.9,0.88,0.0473,3.13,0.221,1.3,NA,3.97,1.3,0.999,0.269,35.4,Inf,0.0595,0.221,0.0594,-0.000124,11.6,0.0774,0.538,0.429,7.08,-10.2
