"","CAS","Species","kelim","Vdist","Fgutabs","kgutabs","V1","Ralphatokelim","Fbetaofalpha","param.value.type","Reference","Data.Analyzed","Compound","LogLikelihood","AIC","model","model.type","beta","alpha","k21","k12","halflife","Vss","CLtot","Varea.or.Vbeta","Css"
"1","107-06-2","rat",2.152,0.8736,1,2.18,1,1.2,0.8,"Predicted","NULL","NULL","1,2-dichloroethane",-139.325239741404,290.650479482807,"2compartment","analytic",NA,NA,NA,NA,NA,NA,NA,NA,NA
"2","107-06-2","rat",0.343114475947696,NA,NA,21.0501867732327,3.59034477002377,0.985677689886805,0.132169609433693,"Fitted geometric mean","NULL","NULL","1,2-dichloroethane",-139.325239741404,290.650479482807,"2compartment","analytic",0.0446997994491349,0.338201269696537,0.0440597234701997,-0.00427313027222426,15.5067179070612,3.24213534617463,0.144922799760958,27.5593913042064,NA
"3","107-06-2","rat",0.69746079464435,NA,NA,1.00224628279929e-12,0.472661132707226,0.409839378384029,0.268344776932115,"Fitted geometric std dev","NULL","NULL","1,2-dichloroethane",-139.325239741404,290.650479482807,"2compartment","analytic",NA,NA,NA,NA,NA,NA,NA,NA,NA
"4","123-91-1","rat",2.207,0.8481,1,2.18,1,1.2,0.8,"Predicted","NULL","NULL","1,4-dioxane",-684.82365874486,1379.64731748972,"2compartment","analytic",NA,NA,NA,NA,NA,NA,NA,NA,NA
"5","123-91-1","rat",0.05361889162232,NA,NA,NA,1.17049015698123,0.881752077813885,0.244386530797853,"Fitted geometric mean","NULL","NULL","1,4-dioxane",-684.82365874486,1379.64731748972,"2compartment","analytic",0.011554245482961,0.047279450850136,0.0101881699694565,-0.00497336525867946,59.9906918701118,0.599114227858676,0.00692231286101378,5.43180296495531,NA
"6","123-91-1","rat",0.349070546964518,NA,NA,NA,0.241004244383815,0.190823881521838,4.02477554861869e-13,"Fitted geometric std dev","NULL","NULL","1,4-dioxane",-684.82365874486,1379.64731748972,"2compartment","analytic",NA,NA,NA,NA,NA,NA,NA,NA,NA
"7","127-00-4","rat",0.25,5.56,1,2.19,1,1.2,0.8,"Predicted","NULL","NULL","1-chloro-2-propanol",1.22349990828835,9.5530001834233,"2compartment","analytic",NA,NA,NA,NA,NA,NA,NA,NA,NA
"8","127-00-4","rat",1.34400405268885,NA,NA,25.5296417744117,2.68580028836675,0.5627748707019,0.125083164049757,"Fitted geometric mean","NULL","NULL","1-chloro-2-propanol",1.22349990828835,9.5530001834233,"2compartment","analytic",0.0946093663061237,0.756372269749669,0.0532438135059012,-0.54626623013896,7.32641183027436,-24.8697390658838,-2.35291025322191,38.1540075070153,NA
"9","127-00-4","rat",0.70463356576466,NA,NA,2.10271134010549e-12,0.460416944841548,0.322840763183063,0.244381581781082,"Fitted geometric std dev","NULL","NULL","1-chloro-2-propanol",1.22349990828835,9.5530001834233,"2compartment","analytic",NA,NA,NA,NA,NA,NA,NA,NA,NA
"10","1746-01-6","rat",0.25,5.56,1,2.19,1,1.2,0.8,"Predicted","NULL","NULL","2,3,7,8-tetrachlorodibenzo-p-dioxin",28.7096927864872,-45.4193855729744,"2compartment","analytic",NA,NA,NA,NA,NA,NA,NA,NA,NA
"11","1746-01-6","rat",0.000307460060983173,NA,NA,4.54731145479993,0.218978257269054,9.80407128159659,0.999304789758402,"Fitted geometric mean","NULL","NULL","2,3,7,8-tetrachlorodibenzo-p-dioxin",28.7096927864872,-45.4193855729744,"2compartment","analytic",0.00301226473993301,0.00302416442540466,0.029628511219559,-0.0238995421152045,230.108320617052,0.0423416371184943,0.000127544220523079,0.0223509797931737,NA
"12","1746-01-6","rat",6.78805538528171,NA,NA,6.30270606931309,1.79584170654725,7.13395093288996,3.44202540969726,"Fitted geometric std dev","NULL","NULL","2,3,7,8-tetrachlorodibenzo-p-dioxin",28.7096927864872,-45.4193855729744,"2compartment","analytic",NA,NA,NA,NA,NA,NA,NA,NA,NA
"13","94-75-7","rat",0.01284,0.7054,1,2.18,1,1.2,0.8,"Predicted","NULL","NULL","2,4-d",-97.6248561961967,209.249712392393,"2compartment","analytic",NA,NA,NA,NA,NA,NA,NA,NA,NA
"14","94-75-7","rat",1.92323963577712,NA,0.885811524463344,11.8113414428297,0.0475998884178823,5.93115550059167,0.0197668380337322,"Fitted geometric mean","NULL","NULL","2,4-d",-97.6248561961967,209.249712392393,"2compartment","analytic",0.225480980569976,11.4070392758509,1.33736345355622,8.37191716708754,3.07408269561269,0.345575971088193,0.0779208088223876,0.406003166353221,0.473670821403251
"15","94-75-7","rat",0.209240945524742,NA,0.173106435973355,0.211466737098272,0.146192877814589,0.201598893478284,0.263548968895448,"Fitted geometric std dev","NULL","NULL","2,4-d",-97.6248561961967,209.249712392393,"2compartment","analytic",NA,NA,NA,NA,NA,NA,NA,NA,NA
"16","131-57-7","rat",0.05386,1.169,1,2.18,1,1.2,0.8,"Predicted","NULL","NULL","2-hydroxy-4-methoxybenzophenone",63.0118228063288,-112.023645612658,"2compartment","analytic",NA,NA,NA,NA,NA,NA,NA,NA,NA
"17","131-57-7","rat",3.30784562865951,NA,0.0350735450092734,9.27162859841648,0.618560705938683,2.83758373053403,0.0124045003185498,"Fitted geometric mean","NULL","NULL","2-hydroxy-4-methoxybenzophenone",63.0118228063288,-112.023645612658,"2compartment","analytic",0.116432224133855,9.38629177658608,0.330386284791685,5.86449208726874,5.95322459668103,11.5982669844847,1.35041202110182,17.5733422806347,0.00108218653705952
"18","131-57-7","rat",0.00964026509193361,NA,0.178666397709524,0.016704639397905,0.0478789524572267,0.0072322850708286,0.15097800271756,"Fitted geometric std dev","NULL","NULL","2-hydroxy-4-methoxybenzophenone",63.0118228063288,-112.023645612658,"2compartment","analytic",NA,NA,NA,NA,NA,NA,NA,NA,NA
"19","693-98-1","rat",0.25,5.56,1,2.19,1,1.2,0.8,"Predicted","NULL","NULL","2-methylimidazole",0.330464742731401,9.3390705145372,"2compartment","analytic",NA,NA,NA,NA,NA,NA,NA,NA,NA
"20","693-98-1","rat",0.0246709241591221,NA,NA,NA,1.05421514500401,3.1414497972695,0.137487122617407,"Fitted geometric mean","NULL","NULL","2-methylimidazole",0.330464742731401,9.3390705145372,"2compartment","analytic",0.010655591554538,0.0775056111479228,0.0334753627488959,0.0300149157944427,65.0500891491798,1.99945296195836,0.0213053540951395,2.44082759335077,NA
"21","693-98-1","rat",0.186602380681124,NA,NA,NA,0.101024505190093,0.26563821774493,0.181295976261049,"Fitted geometric std dev","NULL","NULL","2-methylimidazole",0.330464742731401,9.3390705145372,"2compartment","analytic",NA,NA,NA,NA,NA,NA,NA,NA,NA
"22","96-47-9","rat",0.25,5.56,1,2.19,1,1.2,0.8,"Predicted","NULL","NULL","2-methyltetrahydrofuran",-201.795613187244,417.591226374489,"2compartment","analytic",NA,NA,NA,NA,NA,NA,NA,NA,NA
"23","96-47-9","rat",0.959149544348045,NA,0.646414113328023,24.3258073224873,0.363896223345226,20.0354752541816,0.016368252835329,"Fitted geometric mean","NULL","NULL","2-methyltetrahydrofuran",-201.795613187244,417.591226374489,"2compartment","analytic",0.314548992355913,19.21703699632,6.30214512312311,12.2702913212048,2.20362232086138,1.07240302283946,0.337323290233587,1.10962331876307,0.0798460176586581
"24","96-47-9","rat",0.29518677097752,NA,0.170043905579637,0.344470573907741,0.260289023517767,0.366659562202937,0.41339407641474,"Fitted geometric std dev","NULL","NULL","2-methyltetrahydrofuran",-201.795613187244,417.591226374489,"2compartment","analytic",NA,NA,NA,NA,NA,NA,NA,NA,NA
"25","57465-28-8","rat",0.25,5.56,1,2.19,1,1.2,0.8,"Predicted","NULL","NULL","3,3',4,4',5-pentachlorobiphenyl",0,Inf,"2compartment","analytic",NA,NA,NA,NA,NA,NA,NA,NA,NA
"26","57465-28-8","rat",5.24397901754849e-07,NA,NA,63.15561085752,52.0248163263779,51.9256447102617,0.994619899770864,"Fitted geometric mean","NULL","NULL","3,3',4,4',5-pentachlorobiphenyl",0,Inf,"2compartment","analytic",2.70832006227825e-05,7.91553438435907e-05,0.00408807901501386,-0.00398236486844924,25593.2520758594,1.3453162323736,3.64354694224602e-05,1.00732941060831,NA
"27","57465-28-8","rat",70.5133367244703,NA,NA,980838.157390874,3.0070192685312,28.5735256775246,27.0609943171161,"Fitted geometric std dev","NULL","NULL","3,3',4,4',5-pentachlorobiphenyl",0,Inf,"2compartment","analytic",NA,NA,NA,NA,NA,NA,NA,NA,NA
"28","822-36-6","rat",0.25,5.56,1,2.19,1,1.2,0.8,"Predicted","NULL","NULL","4-methylimidazole",4.91899232849638,0.162015343007241,"2compartment","analytic",NA,NA,NA,NA,NA,NA,NA,NA,NA
"29","822-36-6","rat",0.844387647227986,NA,NA,NA,0.759425489648993,17.0946372039207,0.0356476585311813,"Fitted geometric mean","NULL","NULL","4-methylimidazole",4.91899232849638,0.162015343007241,"2compartment","analytic",0.514556144494146,14.4345175834718,8.79616102837045,5.30852505236755,1.34707784170252,1.21774238769185,0.626596827997812,1.24621872522789,NA
"30","822-36-6","rat",0.0540888387230252,NA,NA,NA,0.0386839555052155,0.1336534768498,0.15309107234043,"Fitted geometric std dev","NULL","NULL","4-methylimidazole",4.91899232849638,0.162015343007241,"2compartment","analytic",NA,NA,NA,NA,NA,NA,NA,NA,NA
"31","107-13-1","rat",3.037,0.7946,1,2.18,1,1.2,0.8,"Predicted","NULL","NULL","acrylonitrile",-80.1714380362105,170.342876072421,"2compartment","analytic",NA,NA,NA,NA,NA,NA,NA,NA,NA
"32","107-13-1","rat",9.89727553970775,NA,NA,NA,0.256412658337212,2.26502731794029,0.099663162914281,"Fitted geometric mean","NULL","NULL","acrylonitrile",-80.1714380362105,170.342876072421,"2compartment","analytic",2.23420886818752,22.4176017356475,5.06054463173597,9.69399043239135,0.310242784562149,0.747597310889578,1.67028854182264,1.13587711854849,NA
"33","107-13-1","rat",0.227687405899414,NA,NA,NA,0.267623896663135,0.101724301508605,0.229373081209941,"Fitted geometric std dev","NULL","NULL","acrylonitrile",-80.1714380362105,170.342876072421,"2compartment","analytic",NA,NA,NA,NA,NA,NA,NA,NA,NA
"34","15972-60-8","rat",0.2707,4.415,1,2.18,1,1.2,0.8,"Predicted","NULL","NULL","alachlor",74.7338779828701,-135.46775596574,"2compartment","analytic",NA,NA,NA,NA,NA,NA,NA,NA,NA
"35","15972-60-8","rat",0.00133800751119062,NA,0.0981505758812531,9794.51233387699,150.55535022256,75.5019250016873,0.99963266218586,"Fitted geometric mean","NULL","NULL","alachlor",74.7338779828701,-135.46775596574,"2compartment","analytic",0.100985033508506,0.10109764468661,7.63026287290692,-7.429518202223,6.86386047989537,3.96096238144633,0.39999791881629,1.99479251973265,0.0102240715163916
"36","15972-60-8","rat",5.4815657014177,NA,0.46168707858884,0.607639371164385,1.26209379853127,1.04022995751572,0.665091697278158,"Fitted geometric std dev","NULL","NULL","alachlor",74.7338779828701,-135.46775596574,"2compartment","analytic",NA,NA,NA,NA,NA,NA,NA,NA,NA
"37","546-80-5","rat",0.25,5.56,1,2.19,1,1.2,0.8,"Predicted","NULL","NULL","alpha-thujone",47.2607486266109,-80.5214972532218,"2compartment","analytic",NA,NA,NA,NA,NA,NA,NA,NA,NA
"38","546-80-5","rat",0.585585066359935,NA,0.242481100590868,5.43810388176633,3.39395151272111,4.50748972118861,0.044423901752232,"Fitted geometric mean","NULL","NULL","alpha-thujone",47.2607486266109,-80.5214972532218,"2compartment","analytic",0.117257717958156,2.63952317498867,0.528538861007426,1.64265696557947,5.91131392141965,13.9420843076945,1.63481698950047,16.949394516687,0.00618012857474237
"39","546-80-5","rat",0.413696020307767,NA,0.271957474584735,0.205234265033993,0.326616858619155,0.300345431347472,0.387881615189879,"Fitted geometric std dev","NULL","NULL","alpha-thujone",47.2607486266109,-80.5214972532218,"2compartment","analytic",NA,NA,NA,NA,NA,NA,NA,NA,NA
"40","28981-97-7","rat",0.9838,1.357,1,2.18,1,1.2,0.8,"Predicted","193","193","alprazolam",0,Inf,"2compartment","analytic",NA,NA,NA,NA,NA,NA,NA,NA,NA
"41","28981-97-7","rat",3.70185028403757,NA,0.269504548246838,11.8009754562619,1.18170877864231,3.01260801854086,0.0290262363782361,"Fitted geometric mean","193","193","alprazolam",0,Inf,"2compartment","analytic",0.32370708558783,11.1522268617373,0.975202825136911,6.7988808381507,2.14127898776524,9.4202997304863,3.04941777111954,13.5137881517882,0.00368245908556797
"42","28981-97-7","rat",0.211850164670942,NA,0.236722469475695,NA,NA,0.149000429576803,NA,"Fitted geometric std dev","193","193","alprazolam",0,Inf,"2compartment","analytic",NA,NA,NA,NA,NA,NA,NA,NA,NA
"43","84-65-1","rat",0.25,5.56,1,2.19,1,1.2,0.8,"Predicted","NULL","NULL","anthraquinone",0,Inf,"2compartment","analytic",NA,NA,NA,NA,NA,NA,NA,NA,NA
"44","84-65-1","rat",0.101147357010869,NA,1.0682289944661,0.0962695806918974,5.42714705015787,1.51278088451316,0.499765523347685,"Fitted geometric mean","NULL","NULL","anthraquinone",0,Inf,"2compartment","analytic",0.0764710159417189,0.153015300985955,0.115685034852334,0.0126539250644706,9.06418166443893,6.02078227855383,0.460415337604908,7.17842666888548,0.096672586251421
"45","84-65-1","rat",0,NA,0,0,0,0,0,"Fitted geometric std dev","NULL","NULL","anthraquinone",0,Inf,"2compartment","analytic",NA,NA,NA,NA,NA,NA,NA,NA,NA
"46","60-80-0","rat",0.4129,0.7547,1,2.18,1,1.2,0.8,"Predicted","197","197","antipyrine",6.06158287260883,-2.12316574521767,"2compartment","analytic",NA,NA,NA,NA,NA,NA,NA,NA,NA
"47","60-80-0","rat",0.242251081374911,NA,NA,NA,1.11393946778618,2.57642305121921,0.0150818404280043,"Fitted geometric mean","197","197","antipyrine",6.06158287260883,-2.12316574521767,"2compartment","analytic",0.00941319904224789,0.624143846660152,0.0242524831107512,0.367053481216738,73.6356659886819,17.9730527242915,0.169183922690572,28.6675166907928,NA
"48","60-80-0","rat",5.40043360336102,NA,NA,NA,0.0172758527011214,5.39202386565467,9.12376198434278,"Fitted geometric std dev","197","197","antipyrine",6.06158287260883,-2.12316574521767,"2compartment","analytic",NA,NA,NA,NA,NA,NA,NA,NA,NA
"49","741-58-2","rat",0.08538,1.771,1,2.18,1,1.2,0.8,"Predicted","NULL","NULL","bensulide",0,Inf,"2compartment","analytic",NA,NA,NA,NA,NA,NA,NA,NA,NA
"50","741-58-2","rat",10.391411847868,NA,0.0890050562671112,160.893074573275,0.045441165437298,2.44328824916798,0.00980264387987809,"Fitted geometric mean","NULL","NULL","bensulide",0,Inf,"2compartment","analytic",0.248881427742809,25.3892169034492,0.608089126358582,14.6385973569654,2.78504984018428,1.13935140890973,0.283563405350235,1.89728044068452,0.0130783589883509
"51","741-58-2","rat",0.829682552640486,NA,0.716741077983057,1086988.32316048,1.73825203042372,0.541228342358991,0.485791077129089,"Fitted geometric std dev","NULL","NULL","bensulide",0,Inf,"2compartment","analytic",NA,NA,NA,NA,NA,NA,NA,NA,NA
"52","50-32-8","rat",0.02665,4.939,1,2.18,1,1.2,0.8,"Predicted","NULL","NULL","benzo(a)pyrene",1.98788358316669,6.02423283366662,"2compartment","analytic",NA,NA,NA,NA,NA,NA,NA,NA,NA
"53","50-32-8","rat",0.706183010513742,NA,NA,NA,0.572231896645988,1.64978375922581,0.0203871121876899,"Fitted geometric mean","NULL","NULL","benzo(a)pyrene",1.98788358316669,6.02423283366662,"2compartment","analytic",0.023751990004232,1.16505091157052,0.0391857028476414,0.443434188213368,29.1826992364196,7.04773617803169,0.167397759253073,17.0133299741812,NA
"54","50-32-8","rat",0.280824720193345,NA,NA,NA,0.10500500734715,0.232388046651565,0.912865747198908,"Fitted geometric std dev","NULL","NULL","benzo(a)pyrene",1.98788358316669,6.02423283366662,"2compartment","analytic",NA,NA,NA,NA,NA,NA,NA,NA,NA
"55","119-61-9","rat",0.05715,1.619,1,2.18,1,1.2,0.8,"Predicted","NULL","NULL","benzophenone",33.1251617306169,-52.2503234612337,"2compartment","analytic",NA,NA,NA,NA,NA,NA,NA,NA,NA
"56","119-61-9","rat",0.263879257382892,NA,0.581128003242235,6.49197087534022,2.49573198233786,11.8514515240807,0.015359238760541,"Fitted geometric mean","NULL","NULL","benzophenone",33.1251617306169,-52.2503234612337,"2compartment","analytic",0.0480337495440891,3.12736407853528,0.569271811552717,2.34224675914376,14.4304200096584,12.7643242939404,0.613118356234666,13.7106078200612,0.0394926469833048
"57","119-61-9","rat",0.454048369536822,NA,0.237214277553743,0.189971390986007,0.226779387145488,0.332861153323787,0.418519132435076,"Fitted geometric std dev","NULL","NULL","benzophenone",33.1251617306169,-52.2503234612337,"2compartment","analytic",NA,NA,NA,NA,NA,NA,NA,NA,NA
"58","111-91-1","rat",0.25,5.56,1,2.19,1,1.2,0.8,"Predicted","NULL","NULL","bis 2-chloroethoxy methane",5.21788590187972,-0.435771803759447,"2compartment","analytic",NA,NA,NA,NA,NA,NA,NA,NA,NA
"59","111-91-1","rat",3.14850597531969,NA,NA,NA,0.68694904605027,2.13954707312801,0.0743615903047361,"Fitted geometric mean","NULL","NULL","bis 2-chloroethoxy methane",5.21788590187972,-0.435771803759447,"2compartment","analytic",0.500927687592136,6.73637888376837,1.07175870823874,3.01704188780207,1.38372702832972,2.62073696938354,1.31279970986052,4.31771537050769,NA
"60","111-91-1","rat",0.195775492963303,NA,NA,NA,0.23165003765243,0.118809427693317,0.189809715895203,"Fitted geometric std dev","NULL","NULL","bis 2-chloroethoxy methane",5.21788590187972,-0.435771803759447,"2compartment","analytic",NA,NA,NA,NA,NA,NA,NA,NA,NA
"61","80-05-7","rat",0.003028,20.71,1,2.18,1,1.2,0.8,"Predicted","NULL","NULL","bisphenol a",48.6324594478678,-87.2649188957355,"2compartment","analytic",NA,NA,NA,NA,NA,NA,NA,NA,NA
"62","80-05-7","rat",4.05228667364092,NA,NA,NA,1.02257850615294,2.52170939109879,0.17711944058586,"Fitted geometric mean","NULL","NULL","bisphenol a",48.6324594478678,-87.2649188957355,"2compartment","analytic",1.80992854302495,10.2186918820542,4.56411493046953,3.41221882096869,0.38296936264759,1.78707757722566,3.23448271562059,2.28947229392252,NA
"63","80-05-7","rat",6.58540440910285e-05,NA,NA,NA,5.51820473353807e-05,9.01046253507948e-05,5.63777048738812e-05,"Fitted geometric std dev","NULL","NULL","bisphenol a",48.6324594478678,-87.2649188957355,"2compartment","analytic",NA,NA,NA,NA,NA,NA,NA,NA,NA
"64","188425-85-6","rat",0.1584,1.06,1,2.18,1,1.2,0.8,"Predicted","NULL","NULL","boscalid",43.855940641711,-73.711881283422,"2compartment","analytic",NA,NA,NA,NA,NA,NA,NA,NA,NA
"65","188425-85-6","rat",1.34592079677201,NA,0.194373803292441,4.14091048951719,1.78173483664167,2.8543198094403,0.03978674336228,"Fitted geometric mean","NULL","NULL","boscalid",43.855940641711,-73.711881283422,"2compartment","analytic",0.15284827013688,3.84169124648382,0.436278169438608,2.21234055041009,4.53487095365367,10.8168058195718,1.65333005792809,15.6892450848261,0.00489854305356773
"66","188425-85-6","rat",0.209087075839619,NA,0.286590047457464,0.156936871068465,0.0682059600243362,0.168922418341722,0.414729618030593,"Fitted geometric std dev","NULL","NULL","boscalid",43.855940641711,-73.711881283422,"2compartment","analytic",NA,NA,NA,NA,NA,NA,NA,NA,NA
"67","147536-97-8","rat",0.03409,1.904,1,2.18,1,1.2,0.8,"Predicted","198","198","bosentan",14.1103965875654,-14.2207931751307,"2compartment","analytic",NA,NA,NA,NA,NA,NA,NA,NA,NA
"68","147536-97-8","rat",0.243944109626825,NA,0.364356092593359,1.7434806521436,3.15601451128768,0.980966085965413,0.0325820857930745,"Fitted geometric mean","198","198","bosentan",14.1103965875654,-14.2207931751307,"2compartment","analytic",0.00779692240251552,0.23930187938103,0.00764854780533241,-0.00449385564861176,88.9000999081785,1.30171824490847,0.01014939614549,98.7429539733554,1.4958036557478
"69","147536-97-8","rat",0.924736992497008,NA,1.05247606212059e-12,0.326761545380019,0.599787364419743,0.477563893163656,0.451427831407279,"Fitted geometric std dev","198","198","bosentan",14.1103965875654,-14.2207931751307,"2compartment","analytic",NA,NA,NA,NA,NA,NA,NA,NA,NA
"70","5589-96-8","rat",0.25,5.56,1,2.19,1,1.2,0.8,"Predicted","NULL","NULL","bromochloroacetic acid",-92.4165909880959,198.833181976192,"2compartment","analytic",NA,NA,NA,NA,NA,NA,NA,NA,NA
"71","5589-96-8","rat",0.273132503430115,NA,0.99904471838611,5.41463781954368,2.8030366559012,4.60012771481898,0.0598138837712283,"Fitted geometric mean","NULL","NULL","bromochloroacetic acid",-92.4165909880959,198.833181976192,"2compartment","analytic",0.075152819237631,1.25644899897448,0.345713832353868,0.712755482428123,9.22316937130774,8.58203522919395,0.644964142270594,10.1872481538167,0.0645413605778776
"72","5589-96-8","rat",0.381774386153225,NA,0.371650492157333,0.338009035614446,0.389512307193703,0.691314380147005,0.58821960173504,"Fitted geometric std dev","NULL","NULL","bromochloroacetic acid",-92.4165909880959,198.833181976192,"2compartment","analytic",NA,NA,NA,NA,NA,NA,NA,NA,NA
"73","75-27-4","rat",0.25,5.56,1,2.19,1,1.2,0.8,"Predicted","NULL","NULL","bromodichloromethane",27.7571510534022,-45.5143021068044,"2compartment","analytic",NA,NA,NA,NA,NA,NA,NA,NA,NA
"74","75-27-4","rat",3.57594049236684,NA,NA,NA,3.02346738348489,2.07540871340661,0.0355057036249621,"Fitted geometric mean","NULL","NULL","bromodichloromethane",27.7571510534022,-45.5143021068044,"2compartment","analytic",0.263506930674816,7.42154013189038,0.546884732900019,3.56222183729834,2.63047039705886,22.7173094124928,5.98616847647607,41.0301900457275,NA
"75","75-27-4","rat",0.102286898515807,NA,NA,NA,0.0166741994691691,0.102932148090119,0.301557408371553,"Fitted geometric std dev","NULL","NULL","bromodichloromethane",27.7571510534022,-45.5143021068044,"2compartment","analytic",NA,NA,NA,NA,NA,NA,NA,NA,NA
"76","63-25-2","rat",0.5493,1.786,1,2.18,1,1.2,0.8,"Predicted","NULL","NULL","carbaryl",0,Inf,"2compartment","analytic",NA,NA,NA,NA,NA,NA,NA,NA,NA
"77","63-25-2","rat",5.89586678221196,NA,0.0751968920834629,1.33674805565696,28.6367796292754,1.62554956561939,0.186630605970819,"Fitted geometric mean","NULL","NULL","carbaryl",0,Inf,"2compartment","analytic",1.78867214830139,9.58402531232399,2.90757572686167,2.56925495155176,0.387520530924681,53.9414302284971,96.4835338892557,94.3932838257174,3.24739746826362e-05
"78","63-25-2","rat",0.0057594534299974,NA,NA,NA,0.0025186756146625,0.00137084389281765,NA,"Fitted geometric std dev","NULL","NULL","carbaryl",0,Inf,"2compartment","analytic",NA,NA,NA,NA,NA,NA,NA,NA,NA
"79","10605-21-7","rat",1.623,0.9448,1,2.18,1,1.2,0.8,"Predicted","201","201","carbendazim",-10.0426360813523,32.0852721627046,"2compartment","analytic",NA,NA,NA,NA,NA,NA,NA,NA,NA
"80","10605-21-7","rat",0.000132779577374412,NA,NA,1.24198881770362,38.5144945352415,4705.05695140354,0.401210813249987,"Fitted geometric mean","201","201","carbendazim",-10.0426360813523,32.0852721627046,"2compartment","analytic",0.250650627401048,0.629440530481306,1188.20730564542,-1187.32734726711,2.76539176361562,0.0285229286097162,0.00714928995134067,0.0204026551228058,NA
"81","10605-21-7","rat",1.72356693227944,NA,NA,0.59444776927819,0.398963354859935,1.71520283178669,1.64854145066917,"Fitted geometric std dev","201","201","carbendazim",-10.0426360813523,32.0852721627046,"2compartment","analytic",NA,NA,NA,NA,NA,NA,NA,NA,NA
"82","1698-60-8","rat",0.1677,0.9053,1,2.18,1,1.2,0.8,"Predicted","NULL","NULL","chloridazon",0,Inf,"2compartment","analytic",NA,NA,NA,NA,NA,NA,NA,NA,NA
"83","1698-60-8","rat",0.123506183552877,NA,1.05274856544582,2.77881361206039,14.3220339182984,1.31652352536932,0.235846538027996,"Fitted geometric mean","NULL","NULL","chloridazon",0,Inf,"2compartment","analytic",0.0383483631656161,0.162600112699469,0.050486931044224,0.0269553612679847,18.0750134644973,21.9686781166138,0.84246284668443,46.1260821570054,0.0520670124894819
"84","1698-60-8","rat",0,NA,0,0,0,0,0,"Fitted geometric std dev","NULL","NULL","chloridazon",0,Inf,"2compartment","analytic",NA,NA,NA,NA,NA,NA,NA,NA,NA
"85","2921-88-2","rat",0.2063,4.121,1,2.18,1,1.2,0.8,"Predicted","202","202","chlorpyrifos",48.0714441537367,-84.1428883074734,"2compartment","analytic",NA,NA,NA,NA,NA,NA,NA,NA,NA
"86","2921-88-2","rat",0.15834017543087,NA,NA,0.324779603510241,51.3052961621784,2.04866375086783,0.552572957972384,"Fitted geometric mean","202","202","chlorpyrifos",48.0714441537367,-84.1428883074734,"2compartment","analytic",0.179246808714092,0.324387826375027,0.367218758632806,-0.0219242989745558,3.86699872389667,48.2421828936036,8.64725732908002,45.3212509228534,NA
"87","2921-88-2","rat",23.3842138147363,NA,NA,1.35305756223249,22.1799017259484,24.7467085318179,4.58229666706734,"Fitted geometric std dev","202","202","chlorpyrifos",48.0714441537367,-84.1428883074734,"2compartment","analytic",NA,NA,NA,NA,NA,NA,NA,NA,NA
"88","113136-77-9","rat",0.001165,1.349,1,2.18,1,1.2,0.8,"Predicted","NULL","NULL","cyclanilide",40.0174675412581,-66.0349350825163,"2compartment","analytic",NA,NA,NA,NA,NA,NA,NA,NA,NA
"89","113136-77-9","rat",0.329680094384885,NA,0.372918498827508,2.90182503895724,0.103137194551026,4.9056259137581,0.0483203879655176,"Fitted geometric mean","NULL","NULL","cyclanilide",40.0174675412581,-66.0349350825163,"2compartment","analytic",0.078147945644942,1.61729211989062,0.383365750100925,0.982394221049754,8.86967884874666,0.367431498034159,0.028714016736613,0.435101393306753,0.541138877469092
"90","113136-77-9","rat",0.116768960706531,NA,0.122672142435957,0.126529028580775,0.0465364063846723,0.148993798826384,0.148598054073027,"Fitted geometric std dev","NULL","NULL","cyclanilide",40.0174675412581,-66.0349350825163,"2compartment","analytic",NA,NA,NA,NA,NA,NA,NA,NA,NA
"91","59865-13-3","rat",0.009118,0.1712,1,2.18,1,1.2,0.8,"Predicted","203, 204","Joint Analysis","cyclosporin a",-33.251877737659,78.503755475318,"2compartment","analytic",NA,NA,NA,NA,NA,NA,NA,NA,NA
"92","59865-13-3","rat",0.360336438048423,NA,NA,NA,0.327379250400003,38.0270446862451,0.00525155898217532,"Fitted geometric mean","203, 204","Joint Analysis","cyclosporin a",-33.251877737659,78.503755475318,"2compartment","analytic",0.0719596436164508,13.7025678587945,2.73642017745809,10.6777708869044,9.63244321017571,1.60484411405443,0.115484010507316,1.63934487514793,NA
"93","59865-13-3","rat",0.245145506330439,NA,NA,NA,0.133333983868996,0.22562523679609,0.31112646742317,"Fitted geometric std dev","203, 204","Joint Analysis","cyclosporin a",-33.251877737659,78.503755475318,"2compartment","analytic",NA,NA,NA,NA,NA,NA,NA,NA,NA
"94","59865-13-3","rat",0.009118,0.1712,1,2.18,1,1.2,0.8,"Predicted","203","203","cyclosporin a",-10.0898008238046,30.1796016476093,"2compartment","analytic",NA,NA,NA,NA,NA,NA,NA,NA,NA
"95","59865-13-3","rat",0.768763927044233,NA,NA,NA,0.170924338811084,36.3477149087599,0.00284662768046525,"Fitted geometric mean","203","203","cyclosporin a",-10.0898008238046,30.1796016476093,"2compartment","analytic",0.079542782258236,27.9428484000574,2.89120213341225,24.3624251218591,8.71414301689423,1.61120115573281,0.128159422704673,1.65194706799739,NA
"96","59865-13-3","rat",0.254073185885442,NA,NA,NA,0.158307330387599,0.187046726440619,0.254374445026146,"Fitted geometric std dev","203","203","cyclosporin a",-10.0898008238046,30.1796016476093,"2compartment","analytic",NA,NA,NA,NA,NA,NA,NA,NA,NA
"97","59865-13-3","rat",0.009118,0.1712,1,2.18,1,1.2,0.8,"Predicted","204","204","cyclosporin a",-16.6052480735445,43.210496147089,"2compartment","analytic",NA,NA,NA,NA,NA,NA,NA,NA,NA
"98","59865-13-3","rat",0.559063241656389,NA,NA,NA,0.340342973688483,26.8169587754651,0.00899506887844218,"Fitted geometric mean","204","204","cyclosporin a",-16.6052480735445,43.210496147089,"2compartment","analytic",0.13485745391137,14.992402721336,3.61647325090268,10.9517236826883,5.13985071240844,1.37099962357532,0.184889518548815,1.4109212403662,NA
"99","59865-13-3","rat",0.353961761411952,NA,NA,NA,0.131308694765496,0.255823793689569,0.35556778653225,"Fitted geometric std dev","204","204","cyclosporin a",-16.6052480735445,43.210496147089,"2compartment","analytic",NA,NA,NA,NA,NA,NA,NA,NA,NA
"100","84-74-2","rat",0.07627,4.649,1,2.18,1,1.2,0.8,"Predicted","NULL","NULL","di-n-butyl phthalate",23.9570523078449,-33.9141046156897,"2compartment","analytic",NA,NA,NA,NA,NA,NA,NA,NA,NA
"101","84-74-2","rat",8.07625608281842,NA,0.477204437640876,2.19960146527381,1.40030700942455,1.06742499829039,0.295926920232806,"Fitted geometric mean","NULL","NULL","di-n-butyl phthalate",23.9570523078449,-33.9141046156897,"2compartment","analytic",2.55112609419277,8.62079870282022,2.72313610391028,0.372532610284293,0.271702438439944,1.59187291194086,4.06106852429095,4.43303764107229,0.00489612970480672
"102","84-74-2","rat",0.0137150213049647,NA,3.68423484781472e-19,3.45704186204914e-19,0.00713476843156887,0.00411345743321457,2.22044604925031e-16,"Fitted geometric std dev","NULL","NULL","di-n-butyl phthalate",23.9570523078449,-33.9141046156897,"2compartment","analytic",NA,NA,NA,NA,NA,NA,NA,NA,NA
"103","962-58-3","rat",1.394,1.295,1,2.18,1,1.2,0.8,"Predicted","NULL","NULL","diazinon-o-analog",41.0903809869394,-68.1807619738788,"2compartment","analytic",NA,NA,NA,NA,NA,NA,NA,NA,NA
"104","962-58-3","rat",5.22425261361128e-05,NA,0.475832024739862,462.788087564659,2.05518146774196,2830.43601735155,4.04218217189055e-06,"Fitted geometric mean","NULL","NULL","diazinon-o-analog",41.0903809869394,-68.1807619738788,"2compartment","analytic",5.97713951410615e-07,0.150699563630435,0.0017241745052435,0.148923744313007,1159663.71359428,179.569301116327,0.000107331076522282,179.630860697787,184.721284893149
"105","962-58-3","rat",1.29460542106657,NA,0.247218247294324,0.371973406059458,0.738550233458654,0.476397859984436,0.39465213085726,"Fitted geometric std dev","NULL","NULL","diazinon-o-analog",41.0903809869394,-68.1807619738788,"2compartment","analytic",NA,NA,NA,NA,NA,NA,NA,NA,NA
"106","631-64-1","rat",0.25,5.56,1,2.19,1,1.2,0.8,"Predicted","NULL","NULL","dibromoacetic acid",-2089.70454847908,4193.40909695816,"2compartment","analytic",NA,NA,NA,NA,NA,NA,NA,NA,NA
"107","631-64-1","rat",3.67584222192833,NA,0.378074130177432,1.00831389159173,0.303692771629119,2.18203031346478,0.148353473146755,"Fitted geometric mean","NULL","NULL","dibromoacetic acid",-2089.70454847908,4193.40909695816,"2compartment","analytic",1.18991341216975,8.02080133779167,2.59642784210163,2.93844468593147,0.582519008081455,0.647389752719517,0.770337749662214,0.938157937402505,0.0204495869043164
"108","631-64-1","rat",0.461452309401274,NA,3.8586002881163e-23,0.202077060375094,0.44097972669313,0.38483143637045,0.315340995073128,"Fitted geometric std dev","NULL","NULL","dibromoacetic acid",-2089.70454847908,4193.40909695816,"2compartment","analytic",NA,NA,NA,NA,NA,NA,NA,NA,NA
"109","79-43-6","rat",0.25,5.56,1,2.19,1,1.2,0.8,"Predicted","NULL","NULL","dichloroacetic acid",0,Inf,"2compartment","analytic",NA,NA,NA,NA,NA,NA,NA,NA,NA
"110","79-43-6","rat",0.0248601118351027,NA,1.09395993496567,3.47556108974238,0.947364813112274,1.10517091807565,0.000987407187333544,"Fitted geometric mean","NULL","NULL","dichloroacetic acid",0,Inf,"2compartment","analytic",2.71286892148846e-05,0.0274757777911818,2.99830443876649e-05,0.00261281160090632,25550.3380598145,83.5035503020194,0.00226534186448296,868.143499896426,20.1213179659778
"111","79-43-6","rat",0,NA,0,0,0,0,0,"Fitted geometric std dev","NULL","NULL","dichloroacetic acid",0,Inf,"2compartment","analytic",NA,NA,NA,NA,NA,NA,NA,NA,NA
"112","15307-86-5","rat",0.1108,3.191,1,2.18,1,1.2,0.8,"Predicted","206, 209","Joint Analysis","diclofenac",0,Inf,"2compartment","analytic",NA,NA,NA,NA,NA,NA,NA,NA,NA
"113","15307-86-5","rat",0.376446073641774,NA,1.1027373147326,4.04472681478856,0.42022238579405,10.0335876299075,0.0107447286171639,"Fitted geometric mean","206, 209","Joint Analysis","diclofenac",0,Inf,"2compartment","analytic",0.0405839646143421,3.777114701407,0.407203847029851,3.03404874534972,17.0793363129188,3.55127139647011,0.144124672690268,3.8978712082911,0.318803069982345
"114","15307-86-5","rat",0,NA,0,0,0,0,0,"Fitted geometric std dev","206, 209","Joint Analysis","diclofenac",0,Inf,"2compartment","analytic",NA,NA,NA,NA,NA,NA,NA,NA,NA
"115","15307-86-5","rat",0.1108,3.191,1,2.18,1,1.2,0.8,"Predicted","206","206","diclofenac",-6.11655962569197,24.2331192513839,"2compartment","analytic",NA,NA,NA,NA,NA,NA,NA,NA,NA
"116","15307-86-5","rat",0.337015907255053,NA,NA,16.8460034759911,1.16469660952658,10.7984472511454,0.0227349645120441,"Fitted geometric mean","206","206","diclofenac",-6.11655962569197,24.2331192513839,"2compartment","analytic",0.0827381854364115,3.63925929573785,0.893446582134376,2.49153499178483,8.37759707810686,4.41266063499326,0.365095533886026,4.74413697213792,NA
"117","15307-86-5","rat",0.339238477630022,NA,NA,0.184576180099999,0.195145119041233,0.204121486913218,0.290651876330009,"Fitted geometric std dev","206","206","diclofenac",-6.11655962569197,24.2331192513839,"2compartment","analytic",NA,NA,NA,NA,NA,NA,NA,NA,NA
"118","34933-06-7","rat",0.25,5.56,1,2.19,1,1.2,0.8,"Predicted","207","207","diltiazem",11.9054845683469,-9.81096913669385,"2compartment","analytic",NA,NA,NA,NA,NA,NA,NA,NA,NA
"119","34933-06-7","rat",3.38411080317966,NA,0.143658092116622,64.2055990147523,0.651847065953265,3.43931677081015,0.0525622229669938,"Fitted geometric mean","207","207","diltiazem",11.9054845683469,-9.81096913669385,"2compartment","analytic",0.611773239501694,11.6390324789724,2.1040825843043,6.76261233099012,1.13301324053424,2.7469116984058,1.68048706835882,3.60578488151949,0.00356191603666331
"120","34933-06-7","rat",0.241949427727883,NA,0.105429453986331,3.76840100083779,0.268202766535916,0.0618830412053212,0.124654202548293,"Fitted geometric std dev","207","207","diltiazem",11.9054845683469,-9.81096913669385,"2compartment","analytic",NA,NA,NA,NA,NA,NA,NA,NA,NA
"121","87674-68-8","rat",1.258,1.82,1,2.18,1,1.2,0.8,"Predicted","NULL","NULL","dimethenamid",0,Inf,"2compartment","analytic",NA,NA,NA,NA,NA,NA,NA,NA,NA
"122","87674-68-8","rat",2.01708702855481,NA,0.290069148384651,7.30055863394025,4.21364880626249,3.53779585154178,0.00347764149765875,"Fitted geometric mean","NULL","NULL","dimethenamid",0,Inf,"2compartment","analytic",0.0248165962118819,7.13604565961582,0.0877960946539425,5.05597913261894,27.9307917428287,246.86818282193,6.12642801065287,342.484371242184,0.00197279956526236
"123","87674-68-8","rat",0.0134833686642232,NA,0.369049621040431,NA,0.0378918560813155,0.0241217378019103,0.479729454420004,"Fitted geometric std dev","NULL","NULL","dimethenamid",0,Inf,"2compartment","analytic",NA,NA,NA,NA,NA,NA,NA,NA,NA
"124","76-22-2","rat",0.25,5.56,1,2.19,1,1.2,0.8,"Predicted","NULL","NULL","dl-camphor",16.412264202263,-22.8245284045261,"2compartment","analytic",NA,NA,NA,NA,NA,NA,NA,NA,NA
"125","76-22-2","rat",2.28593181643438,NA,NA,NA,1.01189774786961,3.10330262338518,0.0323120997049222,"Fitted geometric mean","NULL","NULL","dl-camphor",16.412264202263,-22.8245284045261,"2compartment","analytic",0.229220038510091,7.09394130612308,0.711339458022079,4.32589007017671,3.02393798144934,7.16558199830447,1.64249498159857,10.0913047213,NA
"126","76-22-2","rat",0.145571975953212,NA,NA,NA,0.0483086210674636,0.122446379125747,0.249947839185223,"Fitted geometric std dev","NULL","NULL","dl-camphor",16.412264202263,-22.8245284045261,"2compartment","analytic",NA,NA,NA,NA,NA,NA,NA,NA,NA
"127","518-82-1","rat",0.25,5.56,1,2.19,1,1.2,0.8,"Predicted","NULL","NULL","emodin",0,Inf,"2compartment","analytic",NA,NA,NA,NA,NA,NA,NA,NA,NA
"128","518-82-1","rat",2.3010265532034,NA,0.501638910743656,2.89231089656849,0.626422850482593,1.31687037214968,0.023400000442687,"Fitted geometric mean","NULL","NULL","emodin",0,Inf,"2compartment","analytic",0.0709055977679817,3.03015501031362,0.0933735214992715,0.706660533378932,9.77563411605486,5.3672562102508,0.380568509961745,20.3286575089661,0.0549220987387703
"129","518-82-1","rat",0.363509567161667,NA,1.81208151800014,NA,0.0368595313946918,0.435187918257136,NA,"Fitted geometric std dev","NULL","NULL","emodin",0,Inf,"2compartment","analytic",NA,NA,NA,NA,NA,NA,NA,NA,NA
"130","153233-91-1","rat",0.1173,0.8906,1,2.18,1,1.2,0.8,"Predicted","NULL","NULL","etoxazole",93.4836586464881,-172.967317292976,"2compartment","analytic",NA,NA,NA,NA,NA,NA,NA,NA,NA
"131","153233-91-1","rat",0.684670780724014,NA,0.548960957453152,2.52446631539838,3.36285240726412,3.08931960537898,0.0221649239086276,"Fitted geometric mean","NULL","NULL","etoxazole",93.4836586464881,-172.967317292976,"2compartment","analytic",0.0468825126416185,2.11516995544044,0.144835276992901,1.33254641036514,14.7847703014242,34.3025308953112,1.60818883833894,49.1109937033799,0.014223064283197
"132","153233-91-1","rat",0.309384260761265,NA,0.37598402568872,0.258379011577726,0.141202684386457,0.297554033126101,0.350077163714329,"Fitted geometric std dev","NULL","NULL","etoxazole",93.4836586464881,-172.967317292976,"2compartment","analytic",NA,NA,NA,NA,NA,NA,NA,NA,NA
"133","60168-88-9","rat",0.004486,1.63,1,2.18,1,1.2,0.8,"Predicted","NULL","NULL","fenarimol",52.7805299332603,-91.5610598665207,"2compartment","analytic",NA,NA,NA,NA,NA,NA,NA,NA,NA
"134","60168-88-9","rat",0.385358474338439,NA,0.226663144180135,2.4354662569429,2.55478806860673,4.98604941689253,0.0351472150302022,"Fitted geometric mean","NULL","NULL","fenarimol",52.7805299332603,-91.5610598665207,"2compartment","analytic",0.0675324352422496,1.92142138231918,0.336720933144926,1.26687441007807,10.2639150813015,12.1668890955946,0.821659649947872,14.5783167576401,0.0114941724043179
"135","60168-88-9","rat",0.249919683080368,NA,0.241958620319738,0.188630379221704,0.0628830597502471,0.26631980384618,0.365096726395146,"Fitted geometric std dev","NULL","NULL","fenarimol",52.7805299332603,-91.5610598665207,"2compartment","analytic",NA,NA,NA,NA,NA,NA,NA,NA,NA
"136","142459-58-3","rat",0.388,2.786,1,2.18,1,1.2,0.8,"Predicted","NULL","NULL","flufenacet",104.535705716651,-195.071411433302,"2compartment","analytic",NA,NA,NA,NA,NA,NA,NA,NA,NA
"137","142459-58-3","rat",1.30928147665049e-05,NA,0.118086300375069,9048.37418035961,50.8989569704017,7721.65915638572,1.70834996317182e-05,"Fitted geometric mean","NULL","NULL","flufenacet",104.535705716651,-195.071411433302,"2compartment","analytic",1.72711196831386e-06,0.10881991218103,0.014354756870122,0.0944537896081099,401333.088575982,385.812283364741,0.000666341012121744,385.852583762923,7.38400072353482
"138","142459-58-3","rat",4.11766125461598,NA,0.510171076756906,0.727884704896996,1.29069483098226,1.0466840154248,0.792084729019302,"Fitted geometric std dev","NULL","NULL","flufenacet",104.535705716651,-195.071411433302,"2compartment","analytic",NA,NA,NA,NA,NA,NA,NA,NA,NA
"139","678-39-7","rat",0.25,5.56,1,2.19,1,1.2,0.8,"Predicted","NULL","NULL","fluorotelomer alcohol 8+2",0,Inf,"2compartment","analytic",NA,NA,NA,NA,NA,NA,NA,NA,NA
"140","678-39-7","rat",1.4191151476806,NA,0.651577160751401,3.48463434168149,1.32674588943961,2.5189574589374,0.0255585241549382,"Fitted geometric mean","NULL","NULL","fluorotelomer alcohol 8+2",0,Inf,"2compartment","analytic",0.0913638182532815,3.57469320529855,0.230141733638689,2.01680014223254,7.58667045458172,12.9534128838279,1.18347326047777,20.6077769605376,0.0229401451399769
"141","678-39-7","rat",0.00348491126231599,NA,0.101023052940104,NA,0.0319590977101411,NA,0.00344501144633355,"Fitted geometric std dev","NULL","NULL","fluorotelomer alcohol 8+2",0,Inf,"2compartment","analytic",NA,NA,NA,NA,NA,NA,NA,NA,NA
"142","75-12-7","rat",0.25,5.56,1,2.19,1,1.2,0.8,"Predicted","NULL","NULL","formamide",0,Inf,"2compartment","analytic",NA,NA,NA,NA,NA,NA,NA,NA,NA
"143","75-12-7","rat",0.0413060324056867,NA,1.60718631473026,2.37560526914317,0.462463125127644,3.42493728306759,0.292077254338873,"Fitted geometric mean","NULL","NULL","formamide",0,Inf,"2compartment","analytic",0.041320335772722,0.141473995339117,0.14152298466013,-3.46859539774036e-05,16.774964859253,0.462349779760367,0.0191044481441424,0.462303039792051,3.50526201761166
"144","75-12-7","rat",0,NA,0,0,0,0,0,"Fitted geometric std dev","NULL","NULL","formamide",0,Inf,"2compartment","analytic",NA,NA,NA,NA,NA,NA,NA,NA,NA
"145","23422-53-9","rat",1.711,0.7479,1,2.18,1,1.2,0.8,"Predicted","NULL","NULL","formetanate hydrochloride",13.973545408987,-13.9470908179739,"2compartment","analytic",NA,NA,NA,NA,NA,NA,NA,NA,NA
"146","23422-53-9","rat",1.12354037503859e-08,NA,0.236870002587137,151.098860029315,29.4007914476638,3.11477913478781,0.709902897175981,"Fitted geometric mean","NULL","NULL","formetanate hydrochloride",13.973545408987,-13.9470908179739,"2compartment","analytic",2.48436206414365e-08,3.14977493596043e-06,6.96475314580649e-06,-3.80136999295501e-06,27900409.1458331,13.3538068613443,3.31756911782249e-07,13.2963615594918,29749.4433141115
"147","23422-53-9","rat",4315.14273648293,NA,0.850870625578255,1352919.42270252,1.48876958855892,152255.717755304,65977.7235828676,"Fitted geometric std dev","NULL","NULL","formetanate hydrochloride",13.973545408987,-13.9470908179739,"2compartment","analytic",NA,NA,NA,NA,NA,NA,NA,NA,NA
"148","75-15-0","rat",0.25,5.56,1,2.19,1,1.2,0.8,"Predicted","NULL","NULL","free carbon disulfide",-11.7909987817617,33.5819975635234,"2compartment","analytic",NA,NA,NA,NA,NA,NA,NA,NA,NA
"149","75-15-0","rat",6.70152388488817,NA,NA,NA,0.978458768074364,4.25121690299004,0.0543546606594488,"Fitted geometric mean","NULL","NULL","free carbon disulfide",-11.7909987817617,33.5819975635234,"2compartment","analytic",1.54854425875843,28.489635866445,6.58319851020538,16.7534577301099,0.447612121280723,3.46852003330542,5.3711567839637,4.23440580890205,NA
"150","75-15-0","rat",0.277703210438927,NA,NA,NA,0.276091459666976,0.0872155604954469,0.212229048760133,"Fitted geometric std dev","NULL","NULL","free carbon disulfide",-11.7909987817617,33.5819975635234,"2compartment","analytic",NA,NA,NA,NA,NA,NA,NA,NA,NA
"151","25812-30-0","rat",0.1125,3.574,1,2.18,1,1.2,0.8,"Predicted","NULL","NULL","gemfibrozil",0,Inf,"2compartment","analytic",NA,NA,NA,NA,NA,NA,NA,NA,NA
"152","25812-30-0","rat",0.189090482102932,NA,1.08284368714251,28.9184031079557,0.714832991625902,246.776139759591,0.00459969491670163,"Fitted geometric mean","NULL","NULL","gemfibrozil",0,Inf,"2compartment","analytic",0.214635652389929,46.6632660147812,52.9672378659195,-6.27842668085133,3.22941306740924,0.630100868377608,0.135242110955689,0.629756116957039,0.333612708685494
"153","25812-30-0","rat",0,NA,0,0,0,0,0,"Fitted geometric std dev","NULL","NULL","gemfibrozil",0,Inf,"2compartment","analytic",NA,NA,NA,NA,NA,NA,NA,NA,NA
"154","563-96-2","rat",0.25,5.56,1,2.19,1,1.2,0.8,"Predicted","NULL","NULL","glyoxylic acid monohydrate",-4.39091172769098,18.781823455382,"2compartment","analytic",NA,NA,NA,NA,NA,NA,NA,NA,NA
"155","563-96-2","rat",19.3402590701091,NA,NA,NA,0.246207721278819,1.64899300793135,0.154421552503207,"Fitted geometric mean","NULL","NULL","glyoxylic acid monohydrate",-4.39091172769098,18.781823455382,"2compartment","analytic",4.92480473682991,31.8919536271836,8.12096899635939,9.35553029754512,0.14074612448617,0.529844291858776,2.60937967832839,0.966885261253762,NA
"156","563-96-2","rat",0.0414943326191292,NA,NA,NA,0.0377737564961289,0.0185374115444085,0.0645408770202874,"Fitted geometric std dev","NULL","NULL","glyoxylic acid monohydrate",-4.39091172769098,18.781823455382,"2compartment","analytic",NA,NA,NA,NA,NA,NA,NA,NA,NA
"157","118-74-1","rat",0.25,5.56,1,2.19,1,1.2,0.8,"Predicted","NULL","NULL","hexachlorobenzene",124.155641056486,-234.311282112971,"2compartment","analytic",NA,NA,NA,NA,NA,NA,NA,NA,NA
"158","118-74-1","rat",0.00255952074790102,NA,0.508044590177661,0.709948657905993,1.07039744859109,89.566031177686,0.00210972086525309,"Fitted geometric mean","NULL","NULL","hexachlorobenzene",124.155641056486,-234.311282112971,"2compartment","analytic",0.000483645312318262,0.229335681137615,0.0433351154588149,0.183924690243217,1433.17253968094,5.613422593092,0.00271490552321037,5.66469767904285,7.79714962814034
"159","118-74-1","rat",0.220591628676336,NA,0.141981855755519,0.110818215517163,0.130308856023843,0.139925639730131,0.169637763658823,"Fitted geometric std dev","NULL","NULL","hexachlorobenzene",124.155641056486,-234.311282112971,"2compartment","analytic",NA,NA,NA,NA,NA,NA,NA,NA,NA
"160","15307-86-5","rat",0.1108,3.191,1,2.18,1,1.2,0.8,"Predicted","209","209","hexobarbital",-41.1933858084187,92.3867716168374,"2compartment","analytic",NA,NA,NA,NA,NA,NA,NA,NA,NA
"161","15307-86-5","rat",3.4390442201391,NA,NA,NA,0.308416079840158,4.88069943062163,0.0686515701843942,"Fitted geometric mean","209","209","hexobarbital",-41.1933858084187,92.3867716168374,"2compartment","analytic",1.15231256657516,16.7849460478149,5.62409292294615,8.87412147130485,0.601527051484026,0.795058422650435,0.916155811581519,0.920459055588261,NA
"162","15307-86-5","rat",0.556860874761952,NA,NA,NA,0.461994639782718,0.742571079681153,0.958394523192805,"Fitted geometric std dev","209","209","hexobarbital",-41.1933858084187,92.3867716168374,"2compartment","analytic",NA,NA,NA,NA,NA,NA,NA,NA,NA
"163","15687-27-1","rat",0.02128,2.539,1,2.18,1,1.2,0.8,"Predicted","210","210","ibuprofen",-41.0030037699938,92.0060075399877,"2compartment","analytic",NA,NA,NA,NA,NA,NA,NA,NA,NA
"164","15687-27-1","rat",0.853881737153002,NA,NA,NA,0.18154097282531,2.45950438629395,0.0714351825314489,"Fitted geometric mean","210","210","ibuprofen",-41.0030037699938,92.0060075399877,"2compartment","analytic",0.150022875427099,2.10012833740849,0.368982352280359,1.02728712340223,4.62027659839628,0.686970846641204,0.103061341747702,1.03327256459531,NA
"165","15687-27-1","rat",0.0970265957388983,NA,NA,NA,0.0589674715440461,0.11442978251124,0.165397923824036,"Fitted geometric std dev","210","210","ibuprofen",-41.0030037699938,92.0060075399877,"2compartment","analytic",NA,NA,NA,NA,NA,NA,NA,NA,NA
"166","35554-44-0","rat",0.1958,2.662,1,2.18,1,1.2,0.8,"Predicted","NULL","NULL","imazalil",52.6226745444457,-91.2453490888914,"2compartment","analytic",NA,NA,NA,NA,NA,NA,NA,NA,NA
"167","35554-44-0","rat",5.22582101304242,NA,0.0799308217822691,11.5927906293469,2.71157076916766,2.6888396893994,0.0674770963798125,"Fitted geometric mean","NULL","NULL","imazalil",52.6226745444457,-91.2453490888914,"2compartment","analytic",0.948147331282665,14.0513976384055,2.54941666360084,7.22430729304494,0.731054296827739,10.3953757599287,9.8563477844569,14.9451282900289,0.000337899085992739
"168","35554-44-0","rat",0.054782135641864,NA,0.0995422074275151,0.0672910013281284,0.0436147687344977,0.0318635747824335,0.0726281865825561,"Fitted geometric std dev","NULL","NULL","imazalil",52.6226745444457,-91.2453490888914,"2compartment","analytic",NA,NA,NA,NA,NA,NA,NA,NA,NA
"169","138261-41-3","rat",0.2646,0.9918,1,2.18,1,1.2,0.8,"Predicted","NULL","NULL","imidacloprid",0,Inf,"2compartment","analytic",NA,NA,NA,NA,NA,NA,NA,NA,NA
"170","138261-41-3","rat",0.053992194995102,NA,1.03115822479917,2.08195596349265,2.53397998756463,2.05470356452839,0.192077337317206,"Fitted geometric mean","NULL","NULL","imidacloprid",0,Inf,"2compartment","analytic",0.0213086671023801,0.110940010216712,0.0437838051640061,0.0344726771599844,32.528884947596,4.52908008710984,0.0965086598562422,6.42063348894281,0.445192442805635
"171","138261-41-3","rat",0,NA,0,0,0,0,0,"Fitted geometric std dev","NULL","NULL","imidacloprid",0,Inf,"2compartment","analytic",NA,NA,NA,NA,NA,NA,NA,NA,NA
"172","50-49-7","rat",0.07704,4.9,1,2.18,1,1.2,0.8,"Predicted","211, 212","Joint Analysis","imipramine",25.5848946516555,-35.1697893033111,"2compartment","analytic",NA,NA,NA,NA,NA,NA,NA,NA,NA
"173","50-49-7","rat",0.306688834041094,NA,0.0775409633878313,1.83267474377039,4.5831807624734,4.81712597356091,0.0193734842540714,"Fitted geometric mean","211, 212","Joint Analysis","imipramine",25.5848946516555,-35.1697893033111,"2compartment","analytic",0.0286215864470388,1.47736356538644,0.137874237034491,1.06142208075789,24.217636637387,39.8667070109422,1.14104840107245,49.1101486230846,0.00283149555396278
"174","50-49-7","rat",0.624908277612787,NA,0.488355888273562,0.273934664629195,0.108063185228506,0.559977640196036,0.615180185119731,"Fitted geometric std dev","211, 212","Joint Analysis","imipramine",25.5848946516555,-35.1697893033111,"2compartment","analytic",NA,NA,NA,NA,NA,NA,NA,NA,NA
"175","50-49-7","rat",0.07704,4.9,1,2.18,1,1.2,0.8,"Predicted","212","212","imipramine",10.1211908727475,-10.242381745495,"2compartment","analytic",NA,NA,NA,NA,NA,NA,NA,NA,NA
"176","50-49-7","rat",1.87253188589419,NA,NA,NA,2.76519770393138,6.81566879879666,0.0577402115946673,"Fitted geometric mean","212","212","imipramine",10.1211908727475,-10.242381745495,"2compartment","analytic",0.736912750297751,12.7625639651097,5.02255592186557,6.6043889076477,0.940609563723626,6.40128286204624,4.71718695930435,7.02650465651566,NA
"177","50-49-7","rat",0.104218517316504,NA,NA,NA,0.0846562682338768,0.113985952745299,0.158194684895046,"Fitted geometric std dev","212","212","imipramine",10.1211908727475,-10.242381745495,"2compartment","analytic",NA,NA,NA,NA,NA,NA,NA,NA,NA
"178","50-49-7","rat",0.07704,4.9,1,2.18,1,1.2,0.8,"Predicted","211","211","imipramine",0,Inf,"2compartment","analytic",NA,NA,NA,NA,NA,NA,NA,NA,NA
"179","50-49-7","rat",6.77343077959521e-06,NA,NA,8487.64212811874,497.049466601522,26541.7373063462,1.09830558674645e-05,"Fitted geometric mean","211","211","imipramine",0,Inf,"2compartment","analytic",1.97451863179074e-06,0.206320357721082,0.0601443203147864,0.146171238494148,351046.158491455,1705.04941980971,0.00336665184753826,1705.08907936045,NA
"180","50-49-7","rat",0.527042782000069,NA,NA,NA,0.301298924584685,NA,NA,"Fitted geometric std dev","211","211","imipramine",0,Inf,"2compartment","analytic",NA,NA,NA,NA,NA,NA,NA,NA,NA
"181","97-54-1","rat",0.6466,0.1729,1,2.18,1,1.2,0.8,"Predicted","NULL","NULL","isoeugenol",35.383829232633,-56.7676584652661,"2compartment","analytic",NA,NA,NA,NA,NA,NA,NA,NA,NA
"182","97-54-1","rat",2.58692266230614,NA,0.427079817086303,7.52073848180273,1.34340671160704,2.58064444810384,0.011576377564897,"Fitted geometric mean","NULL","NULL","isoeugenol",35.383829232633,-56.7676584652661,"2compartment","analytic",0.0772830585647618,6.6759301867988,0.199440173113136,3.96685040994428,8.96894084463674,28.0636676373597,2.16884606956008,44.968319467302,0.00820482035509576
"183","97-54-1","rat",0.166604999406657,NA,0.18390885573289,0.0611553786116888,0.0293047983900729,0.159077313155403,0.30412732286368,"Fitted geometric std dev","NULL","NULL","isoeugenol",35.383829232633,-56.7676584652661,"2compartment","analytic",NA,NA,NA,NA,NA,NA,NA,NA,NA
"184","299-42-3","rat",0.25,5.56,1,2.19,1,1.2,0.8,"Predicted","NULL","NULL","l-ephedrine",39.7478221980632,-65.4956443961263,"2compartment","analytic",NA,NA,NA,NA,NA,NA,NA,NA,NA
"185","299-42-3","rat",0.938526030682032,NA,0.613220848400359,4.51592574084723,3.22530549319349,3.67494015910858,0.0595723378420971,"Fitted geometric mean","NULL","NULL","l-ephedrine",39.7478221980632,-65.4956443961263,"2compartment","analytic",0.205466601701622,3.44903067546233,0.755078270484309,1.96089297599761,3.37352725367276,11.6012303929964,2.38366538440653,14.7324827353679,0.0107191507878988
"186","299-42-3","rat",0.175907466845578,NA,0.217534949727104,0.150366729563676,0.0938768394669557,0.203884156235068,0.207583123482579,"Fitted geometric std dev","NULL","NULL","l-ephedrine",39.7478221980632,-65.4956443961263,"2compartment","analytic",NA,NA,NA,NA,NA,NA,NA,NA,NA
"187","67-56-1","rat",1.179,0.8291,1,2.18,1,1.2,0.8,"Predicted","NULL","NULL","methanol",-20.1964842059907,50.3929684119815,"2compartment","analytic",NA,NA,NA,NA,NA,NA,NA,NA,NA
"188","67-56-1","rat",0.304645432885434,NA,NA,NA,0.992033960801505,0.979482103975189,0.319922284573474,"Fitted geometric mean","NULL","NULL","methanol",-20.1964842059907,50.3929684119815,"2compartment","analytic",0.0954631299868624,0.298395729051161,0.0935047343402914,-0.00429130818770182,7.26088889663827,0.946505533941611,0.0903563808199526,3.16581506878119,NA
"189","67-56-1","rat",0.503737845289859,NA,NA,NA,0.232695601774492,0.134975489945766,4.16447684054696e-16,"Fitted geometric std dev","NULL","NULL","methanol",-20.1964842059907,50.3929684119815,"2compartment","analytic",NA,NA,NA,NA,NA,NA,NA,NA,NA
"190","1634-04-4","human",0.4444,1.223,1,2.18,1,1.2,0.8,"Predicted","NULL","NULL","methyl tert-butyl ether",76.9722857809579,-141.944571561916,"2compartment","analytic",NA,NA,NA,NA,NA,NA,NA,NA,NA
"191","1634-04-4","human",1.35643795582741,NA,NA,2.03306592179365,0.232656597534462,1.25892944243638,0.056922296928419,"Fitted geometric mean","NULL","NULL","methyl tert-butyl ether",76.9722857809579,-141.944571561916,"2compartment","analytic",0.0972039113251658,1.70766093835878,0.122372956103565,0.326053937752976,7.13085688744802,0.852553363827509,0.0828715215774609,3.24662079197323,NA
"192","1634-04-4","human",1.10679151707836,NA,NA,0.439415628954589,3.99737097602826,0.749928954617198,0.60968557752228,"Fitted geometric std dev","NULL","NULL","methyl tert-butyl ether",76.9722857809579,-141.944571561916,"2compartment","analytic",NA,NA,NA,NA,NA,NA,NA,NA,NA
"193","75-09-2","rat",2.18,0.8225,1,2.18,1,1.2,0.8,"Predicted","NULL","NULL","methylene chloride",-150.846968873791,313.693937747582,"2compartment","analytic",NA,NA,NA,NA,NA,NA,NA,NA,NA
"194","75-09-2","rat",0.378936516860703,NA,NA,14.3789955358128,1.52291636224267,3.17381373809378,0.100570393302447,"Fitted geometric mean","NULL","NULL","methylene chloride",-150.846968873791,313.693937747582,"2compartment","analytic",0.120953389458542,1.20267709689164,0.383884542187516,0.560809427301964,5.73069662340905,3.74771512093016,0.453298846601532,4.77116535850543,NA
"195","75-09-2","rat",1.47703499942693,NA,NA,0.420829541303701,0.23474934692962,0.854641108825509,2.3181685423553,"Fitted geometric std dev","NULL","NULL","methylene chloride",-150.846968873791,313.693937747582,"2compartment","analytic",NA,NA,NA,NA,NA,NA,NA,NA,NA
"196","93-15-2","rat",0.6212,1.13,1,2.18,1,1.2,0.8,"Predicted","NULL","NULL","methyleugenol",-31.2191130436243,76.4382260872486,"2compartment","analytic",NA,NA,NA,NA,NA,NA,NA,NA,NA
"197","93-15-2","rat",1.77553102805295,NA,0.340769650911406,6.71777535289186,0.949999304030273,3.18669330010866,0.0263894454134136,"Fitted geometric mean","NULL","NULL","methyleugenol",-31.2191130436243,76.4382260872486,"2compartment","analytic",0.149313404124899,5.65807601792468,0.475816292526425,3.5560421014702,4.64223011070148,8.04987708156861,1.20195454983602,11.2967301952577,0.011813038568371
"198","93-15-2","rat",0.196330440621795,NA,0.248977479204798,0.168961141601757,0.087804307725015,0.201088430487383,0.274967034534227,"Fitted geometric std dev","NULL","NULL","methyleugenol",-31.2191130436243,76.4382260872486,"2compartment","analytic",NA,NA,NA,NA,NA,NA,NA,NA,NA
"199","59467-70-8","rat",0.516,1.68,1,2.18,1,1.2,0.8,"Predicted","217","217","midazolam",0,Inf,"2compartment","analytic",NA,NA,NA,NA,NA,NA,NA,NA,NA
"200","59467-70-8","rat",3.9978506814018,NA,0.170967653208252,9.55701033309942,1.0647241727803,2.94331363428513,0.0764302803384809,"Fitted geometric mean","217","217","midazolam",0,Inf,"2compartment","analytic",0.899349637741609,11.7669313617196,2.64706871287706,6.02136160518239,0.770720475632295,3.48668217594855,3.13574635185945,4.73298490489596,0.00227175651907759
"201","59467-70-8","rat",NA,NA,0.154852274091678,NA,0.0284171567833731,NA,0.0170076244356909,"Fitted geometric std dev","217","217","midazolam",0,Inf,"2compartment","analytic",NA,NA,NA,NA,NA,NA,NA,NA,NA
"202","91-20-3","rat",0.06727,0.8574,1,2.18,1,1.2,0.8,"Predicted","NULL","NULL","naphthalene",19.7503218873758,-29.5006437747517,"2compartment","analytic",NA,NA,NA,NA,NA,NA,NA,NA,NA
"203","91-20-3","rat",2.63060354619227,NA,NA,NA,0.633363723902344,2.4576757387356,0.0276490252150131,"Fitted geometric mean","NULL","NULL","naphthalene",19.7503218873758,-29.5006437747517,"2compartment","analytic",0.178755662552887,6.4651729713843,0.439323622022652,3.57400146572227,3.87762362691514,5.7859272649668,1.03426726173195,9.32070533784687,NA
"204","91-20-3","rat",0.143494199996154,NA,NA,NA,0.0533865164449813,0.127972094625734,0.300612085560987,"Fitted geometric std dev","NULL","NULL","naphthalene",19.7503218873758,-29.5006437747517,"2compartment","analytic",NA,NA,NA,NA,NA,NA,NA,NA,NA
"205","75530-68-6","rat",4.735,0.3282,1,2.18,1,1.2,0.8,"Predicted","219","219","nilvadipine",63.6907009199222,-113.381401839844,"2compartment","analytic",NA,NA,NA,NA,NA,NA,NA,NA,NA
"206","75530-68-6","rat",1.02989641204366,NA,0.0965768825158819,10.3509690103902,2.62391450563909,3.39126039266023,0.0547516776616529,"Fitted geometric mean","219","219","nilvadipine",63.6907009199222,-113.381401839844,"2compartment","analytic",0.191228277840973,3.49265030196694,0.648505514278437,2.00547665348582,3.62471067765601,10.7382622882589,2.05345940438842,14.13159269841,0.00195963784961873
"207","75530-68-6","rat",0.323097128962363,NA,0.248493930660069,0.349358421760286,0.200702676852718,0.165062288571552,0.230199777640835,"Fitted geometric std dev","219","219","nilvadipine",63.6907009199222,-113.381401839844,"2compartment","analytic",NA,NA,NA,NA,NA,NA,NA,NA,NA
"208","14797-65-0","rat",0.25,5.56,1,2.19,1,1.2,0.8,"Predicted","NULL","NULL","nitrite",-55.112879115687,124.225758231374,"2compartment","analytic",NA,NA,NA,NA,NA,NA,NA,NA,NA
"209","14797-65-0","rat",0.760440330222566,NA,0.999994322425245,4.8105689951357,1.65379179538566,2.24384616451754,0.145977836382603,"Fitted geometric mean","NULL","NULL","nitrite",-55.112879115687,124.225758231374,"2compartment","analytic",0.249083605247109,1.70631336216052,0.558906027253796,0.63605060993127,2.78278925613066,3.53585287338638,0.880722981326429,5.04894723101025,0.0473093480975135
"210","14797-65-0","rat",0.159345070796802,NA,3.45044303445842e-08,0.16492382566359,0.128614444718477,0.371453320229994,0.291687238113101,"Fitted geometric std dev","NULL","NULL","nitrite",-55.112879115687,124.225758231374,"2compartment","analytic",NA,NA,NA,NA,NA,NA,NA,NA,NA
"211","116714-46-6","rat",0.001544,2.125,1,2.18,1,1.2,0.8,"Predicted","NULL","NULL","novaluron",58.3386663153686,-102.677332630737,"2compartment","analytic",NA,NA,NA,NA,NA,NA,NA,NA,NA
"212","116714-46-6","rat",0.078226454425513,NA,0.837433336242172,0.296886934322954,2.21266613780393,2.5480632445938,0.0851027451919061,"Fitted geometric mean","NULL","NULL","novaluron",58.3386663153686,-102.677332630737,"2compartment","analytic",0.0169631858118273,0.199328501339786,0.0432238228186538,0.094841409907447,40.8618515560125,7.06768271151675,0.119890415094498,10.2038042091782,0.291041245034095
"213","116714-46-6","rat",0.273930496843924,NA,0.313385610922518,0.202975894315793,0.0760463767513639,0.278898480546701,0.434776173405045,"Fitted geometric std dev","NULL","NULL","novaluron",58.3386663153686,-102.677332630737,"2compartment","analytic",NA,NA,NA,NA,NA,NA,NA,NA,NA
"214","140-66-9","rat",0.0587,11.99,1,2.18,1,1.2,0.8,"Predicted","NULL","NULL","octylphenol",156.752390487764,-299.504780975528,"2compartment","analytic",NA,NA,NA,NA,NA,NA,NA,NA,NA
"215","140-66-9","rat",0.310633251066292,NA,0.103062521482002,2.18172876448799,7.72554925727111,6.73561389311233,0.020025581737945,"Fitted geometric mean","NULL","NULL","octylphenol",156.752390487764,-299.504780975528,"2compartment","analytic",0.0418996376455181,2.09231237715866,0.282220689972019,1.54135807376587,16.543035202933,49.9189041213362,2.09158399434535,57.2752562292291,0.00205311942529032
"216","140-66-9","rat",0.202796344745171,NA,0.126201834292771,0.118339481822159,0.0811593003321294,0.211301256099487,0.232407893421316,"Fitted geometric std dev","NULL","NULL","octylphenol",156.752390487764,-299.504780975528,"2compartment","analytic",NA,NA,NA,NA,NA,NA,NA,NA,NA
"217","99614-02-5","rat",0.02437,3.673,1,2.18,1,1.2,0.8,"Predicted","220","220","ondansetron",-31.1778093283429,76.3556186566858,"2compartment","analytic",NA,NA,NA,NA,NA,NA,NA,NA,NA
"218","99614-02-5","rat",39.6568991423178,NA,0.252630455303269,8325.23701398794,0.0199210355372812,2.68046636944824,0.00871720773919242,"Fitted geometric mean","220","220","ondansetron",-31.1778093283429,76.3556186566858,"2compartment","analytic",0.926630330069115,106.29898714805,2.48380149929325,65.084916836508,0.748029886425415,0.541926896959781,0.502165899403173,0.852558427537728,0.0209617359193049
"219","99614-02-5","rat",0.678642610598343,NA,0.149459916214957,0.240237378024737,0.449748476101365,0.434565948799334,0.385144101589735,"Fitted geometric std dev","220","220","ondansetron",-31.1778093283429,76.3556186566858,"2compartment","analytic",NA,NA,NA,NA,NA,NA,NA,NA,NA
"220","604-75-1","rat",0.09954,0.4797,1,2.18,1,1.2,0.8,"Predicted","NULL","NULL","oxazepam",0,Inf,"2compartment","analytic",NA,NA,NA,NA,NA,NA,NA,NA,NA
"221","604-75-1","rat",0.0539910169305274,NA,0.222962747315808,1.2813448609853,1.89350334538825,22.8416504397825,0.00471390222173212,"Fitted geometric mean","NULL","NULL","oxazepam",0,Inf,"2compartment","analytic",0.0058133913280355,1.23326677726593,0.132789912020685,1.05229923964275,119.232843868121,16.8986501994858,0.0982384665251959,17.585633825448,0.0945669736111901
"222","604-75-1","rat",NA,NA,0.197744733341776,0.202285125736283,0.0690603148255373,NA,0.177858844868995,"Fitted geometric std dev","NULL","NULL","oxazepam",0,Inf,"2compartment","analytic",NA,NA,NA,NA,NA,NA,NA,NA,NA
"223","434-07-1","rat",0.25,5.56,1,2.19,1,1.2,0.8,"Predicted","NULL","NULL","oxymetholone",0,Inf,"2compartment","analytic",NA,NA,NA,NA,NA,NA,NA,NA,NA
"224","434-07-1","rat",3.08185689924023,NA,0.146927595799552,12.951367387001,0.375034091808996,4.34604555861758,0.00773525692043299,"Fitted geometric mean","NULL","NULL","oxymetholone",0,Inf,"2compartment","analytic",0.1036051840984,13.3938948352835,0.450272996305005,9.96537012383668,6.69027507254488,8.67522878392415,0.898798675254197,11.1558259690376,0.00681129526207106
"225","434-07-1","rat",0.0368774105838234,NA,0.151054559046469,NA,0.0312535524385502,0.0471459563201708,0.129753922232472,"Fitted geometric std dev","NULL","NULL","oxymetholone",0,Inf,"2compartment","analytic",NA,NA,NA,NA,NA,NA,NA,NA,NA
"226","87-86-5","rat",0.002635,6.91,1,2.18,1,1.2,0.8,"Predicted","NULL","NULL","pentachlorophenol, purified",-254.09369689307,522.187393786141,"2compartment","analytic",NA,NA,NA,NA,NA,NA,NA,NA,NA
"227","87-86-5","rat",0.103331641731236,NA,0.467877494520047,0.505577525288261,0.073921892554137,7.99090122363489,0.0940307928589768,"Fitted geometric mean","NULL","NULL","pentachlorophenol, purified",-254.09369689307,522.187393786141,"2compartment","analytic",0.0776424426431204,0.825720933251557,0.620439094212398,0.179592639951043,8.92742624991799,0.0953193640510412,0.00740082825611168,0.0983800902891325,2.63415052077487
"228","87-86-5","rat",0.22340142058721,NA,0.189060697825984,0.202650961974938,0.157545983328947,0.60794426809878,0.542134918342593,"Fitted geometric std dev","NULL","NULL","pentachlorophenol, purified",-254.09369689307,522.187393786141,"2compartment","analytic",NA,NA,NA,NA,NA,NA,NA,NA,NA
"229","335-67-1","rat",0.002857,0.3202,1,2.18,1,1.2,0.8,"Predicted","NULL","NULL","pentadecafluorooctanoic acid",0,Inf,"2compartment","analytic",NA,NA,NA,NA,NA,NA,NA,NA,NA
"230","335-67-1","rat",2.02587413046925e-06,NA,0.999412168226932,4.37816666565625,0.111231113915829,7472.58147862238,9.17623851769633e-07,"Fitted geometric mean","NULL","NULL","pentadecafluorooctanoic acid",0,Inf,"2compartment","analytic",1.3891457402364e-08,0.0226110909839871,0.000155044680467033,0.022454034320847,49897369.3316,16.220053692599,2.25320184934796e-07,16.2214971157028,184813.329920587
"231","335-67-1","rat",NA,NA,2.50196858303656,0.639652375948983,2.91696234833651,0.955001766003271,3.13779713266352,"Fitted geometric std dev","NULL","NULL","pentadecafluorooctanoic acid",0,Inf,"2compartment","analytic",NA,NA,NA,NA,NA,NA,NA,NA,NA
"232","335-76-2","rat",0.0008779,0.9505,1,2.18,1,1.2,0.8,"Predicted","NULL","NULL","perfluorodecanoic acid",0,Inf,"2compartment","analytic",NA,NA,NA,NA,NA,NA,NA,NA,NA
"233","335-76-2","rat",0.000923682444817512,NA,1.03315756315994,0.494153200766453,0.190234247918206,14.8825911633497,0.08601915814782,"Fitted geometric mean","NULL","NULL","perfluorodecanoic acid",0,Inf,"2compartment","analytic",0.00118248714742469,0.0137616707821457,0.0176175252851018,-0.00359704980034898,586.177348370789,0.151393261319913,0.000179020585717506,0.148598685057843,240.46526060562
"234","335-76-2","rat",0,NA,0,0,0,0,0,"Fitted geometric std dev","NULL","NULL","perfluorodecanoic acid",0,Inf,"2compartment","analytic",NA,NA,NA,NA,NA,NA,NA,NA,NA
"235","3871-99-6","rat",0.002525,0.1671,1,2.18,1,1.2,0.8,"Predicted","NULL","NULL","perfluorohexane-1-sulphonic acid  potassium salt",0,Inf,"2compartment","analytic",NA,NA,NA,NA,NA,NA,NA,NA,NA
"236","3871-99-6","rat",0.000321419375058797,NA,1.03877266399214,2.25259878434396,0.0984801289482159,31.452321906988,0.00749848018832929,"Fitted geometric mean","NULL","NULL","perfluorohexane-1-sulphonic acid  potassium salt",0,Inf,"2compartment","analytic",7.58050280238945e-05,0.0101408379733992,0.00239166200425434,0.00750356162210994,9143.81537252988,0.407450089921718,3.08867654848542e-05,0.417563614543718,1401.31844994355
"237","3871-99-6","rat",0,NA,0,0,0,0,0,"Fitted geometric std dev","NULL","NULL","perfluorohexane-1-sulphonic acid  potassium salt",0,Inf,"2compartment","analytic",NA,NA,NA,NA,NA,NA,NA,NA,NA
"238","307-24-4","rat",0.00943,0.5474,1,2.18,1,1.2,0.8,"Predicted","NULL","NULL","perfluorohexanoic acid",-207.654710156267,429.309420312534,"2compartment","analytic",NA,NA,NA,NA,NA,NA,NA,NA,NA
"239","307-24-4","rat",0.138749568237031,NA,0.999412618116254,0.994907216619303,0.688788772387674,2.23582951577101,0.115430508300256,"Fitted geometric mean","NULL","NULL","perfluorohexanoic acid",-207.654710156267,429.309420312534,"2compartment","analytic",0.0358088961444397,0.310222615794352,0.080063163956366,0.127218779745395,19.3568429968924,1.78326047192286,0.0638565890375704,2.66886598206808,0.652120525839709
"240","307-24-4","rat",1.55147232610185,NA,1.69073815211046,2.05671812508961,0.321208512240848,0.871223256956946,0.898866821626459,"Fitted geometric std dev","NULL","NULL","perfluorohexanoic acid",-207.654710156267,429.309420312534,"2compartment","analytic",NA,NA,NA,NA,NA,NA,NA,NA,NA
"241","45298-90-6","rat",0.25,5.56,1,2.19,1,1.2,0.8,"Predicted","NULL","NULL","perfluorooctane sulfonate",0,Inf,"2compartment","analytic",NA,NA,NA,NA,NA,NA,NA,NA,NA
"242","45298-90-6","rat",0.000258612989504643,NA,1.01527201025344,0.82318225011306,0.251001454327836,5.57877499687893,0.0384435058081736,"Fitted geometric mean","NULL","NULL","perfluorooctane sulfonate",0,Inf,"2compartment","analytic",5.54641250308914e-05,0.00144832245471349,0.000310618340815532,0.00093455524942421,12497.2165372462,1.00618779052199,5.58073254180683e-05,1.17034635338755,758.018774602135
"243","45298-90-6","rat",0,NA,0,0,0,0,0,"Fitted geometric std dev","NULL","NULL","perfluorooctane sulfonate",0,Inf,"2compartment","analytic",NA,NA,NA,NA,NA,NA,NA,NA,NA
"244","52645-53-1","rat",0.08166,3.403,1,2.18,1,1.2,0.8,"Predicted","NULL","NULL","permethrin",0,Inf,"2compartment","analytic",NA,NA,NA,NA,NA,NA,NA,NA,NA
"245","52645-53-1","rat",0.0871396270131217,NA,1.07987956736032,2.18784950525816,99.655806847397,4.21947711611333,0.25310547947832,"Fitted geometric mean","NULL","NULL","permethrin",0,Inf,"2compartment","analytic",0.0930627495892588,0.367687881565634,0.392680648541162,-0.0190696443993914,7.4481700102266,94.8162487841861,8.82386081759557,93.31305894895,0.00509923976629624
"246","52645-53-1","rat",0,NA,0,0,0,0,0,"Fitted geometric std dev","NULL","NULL","permethrin",0,Inf,"2compartment","analytic",NA,NA,NA,NA,NA,NA,NA,NA,NA
"247","62-44-2","human",0.4148,1.388,0.91,2.18,1,1.2,0.8,"Predicted","NULL","NULL","phenacetin",-11.1353276265333,36.2706552530666,"2compartment","analytic",NA,NA,NA,NA,NA,NA,NA,NA,NA
"248","62-44-2","human",24.8137332420291,NA,0.565285702185069,16.4022839872004,0.00965357452335317,1.41657306512095,0.0144836150155202,"Fitted geometric mean","NULL","NULL","phenacetin",-11.1353276265333,36.2706552530666,"2compartment","analytic",0.509105819416028,35.150467572328,0.721185620145047,10.1246545295698,1.36149922889317,0.145179165015229,0.0739115577672131,0.470513621960364,0.318672365133483
"249","62-44-2","human",0.154943609604216,NA,0.195615607707978,0.0015160214717629,0.243465149542069,0.073229040985299,0.0957410454492851,"Fitted geometric std dev","NULL","NULL","phenacetin",-11.1353276265333,36.2706552530666,"2compartment","analytic",NA,NA,NA,NA,NA,NA,NA,NA,NA
"250","62-44-2","human",0.4148,1.388,0.91,2.18,1,1.2,0.8,"Predicted","NULL","NULL","phenacetin",-11.1353276265333,36.2706552530666,"2compartment","analytic",NA,NA,NA,NA,NA,NA,NA,NA,NA
"251","62-44-2","human",24.8137332420291,NA,0.565285702185069,16.4022839872004,0.00965357452335317,1.41657306512095,0.0144836150155202,"Fitted geometric mean","NULL","NULL","phenacetin",-11.1353276265333,36.2706552530666,"2compartment","analytic",0.509105819416028,35.150467572328,0.721185620145047,10.1246545295698,1.36149922889317,0.145179165015229,0.0739115577672131,0.470513621960364,0.318672365133483
"252","62-44-2","human",0.154943609604216,NA,0.195615607707978,0.0015160214717629,0.243465149542069,0.073229040985299,0.0957410454492851,"Fitted geometric std dev","NULL","NULL","phenacetin",-11.1353276265333,36.2706552530666,"2compartment","analytic",NA,NA,NA,NA,NA,NA,NA,NA,NA
"253","62-44-2","rat",1.132,1.029,1,2.18,1,1.2,0.8,"Predicted","221, NULL","Joint Analysis","phenacetin",-113.659771136059,243.319542272119,"2compartment","analytic",NA,NA,NA,NA,NA,NA,NA,NA,NA
"254","62-44-2","rat",0.729078212545764,NA,0.238862902338996,4.94657278423688,0.85499049866471,2.01707073123413,0.182017617650847,"Fitted geometric mean","221, NULL","Joint Analysis","phenacetin",-113.659771136059,243.319542272119,"2compartment","analytic",0.26767553140006,1.47060434037729,0.539921220406812,0.469280438824774,2.589505200324,1.59811801660534,0.427777089334843,2.32877073690546,0.0232659045538576
"255","62-44-2","rat",0.109001781994552,NA,0.183074200932681,0.254110621054588,0.0191182214153392,0.169481493789189,0.280195452193655,"Fitted geometric std dev","221, NULL","Joint Analysis","phenacetin",-113.659771136059,243.319542272119,"2compartment","analytic",NA,NA,NA,NA,NA,NA,NA,NA,NA
"256","62-44-2","rat",1.132,1.029,1,2.18,1,1.2,0.8,"Predicted","221","221","phenacetin",-5.80138510857641,21.6027702171528,"2compartment","analytic",NA,NA,NA,NA,NA,NA,NA,NA,NA
"257","62-44-2","rat",1.04987978025298,NA,NA,NA,0.795755329570467,9.31229115423073,0.0899568979747881,"Fitted geometric mean","221","221","phenacetin",-5.80138510857641,21.6027702171528,"2compartment","analytic",0.879489357874114,9.77679550294665,8.19006876852241,1.41633631204538,0.788124579739553,0.933367992006954,0.820887215950447,0.949923297041371,NA
"258","62-44-2","rat",0.0358911102110521,NA,NA,NA,0.0259379099403316,0.0841711910155837,0.0848004897278354,"Fitted geometric std dev","221","221","phenacetin",-5.80138510857641,21.6027702171528,"2compartment","analytic",NA,NA,NA,NA,NA,NA,NA,NA,NA
"259","62-44-2","rat",1.132,1.029,1,2.18,1,1.2,0.8,"Predicted","NULL","NULL","phenacetin",-105.388193528669,222.776387057338,"2compartment","analytic",NA,NA,NA,NA,NA,NA,NA,NA,NA
"260","62-44-2","rat",0.542198182787142,NA,NA,6.72724260915913,5.08635673122709,1.54391284146288,0.224960957433694,"Fitted geometric mean","NULL","NULL","phenacetin",-105.388193528669,222.776387057338,"2compartment","analytic",0.188316333034869,0.83710828093575,0.290744541061714,0.192481890121762,3.68075975880224,8.45368240442803,1.59196647104328,14.64457879056,NA
"261","62-44-2","rat",0.280395546983108,NA,NA,0.484382604475916,0.309949721941338,0.301531079559676,0.582122234094998,"Fitted geometric std dev","NULL","NULL","phenacetin",-105.388193528669,222.776387057338,"2compartment","analytic",NA,NA,NA,NA,NA,NA,NA,NA,NA
"262","77-09-8","rat",0.2569,0.4114,1,2.18,1,1.2,0.8,"Predicted","NULL","NULL","phenolphthalein",-7.42861581699872,24.8572316339974,"2compartment","analytic",NA,NA,NA,NA,NA,NA,NA,NA,NA
"263","77-09-8","rat",0.987738461743891,NA,NA,NA,0.213588758560757,3.21848971096218,0.018884037931113,"Fitted geometric mean","NULL","NULL","phenolphthalein",-7.42861581699872,24.8572316339974,"2compartment","analytic",0.0600328490077949,3.17902929473403,0.193215302464965,2.05810837953297,11.5461316931659,2.48871297574148,0.149404530296428,3.51423987555873,NA
"264","77-09-8","rat",0.674134179133713,NA,NA,NA,0.428657233124044,0.577688323058532,1.05006641376153,"Fitted geometric std dev","NULL","NULL","phenolphthalein",-7.42861581699872,24.8572316339974,"2compartment","analytic",NA,NA,NA,NA,NA,NA,NA,NA,NA
"265","57-41-0","rat",0.533,0.9996,1,2.18,1,1.2,0.8,"Predicted","222, 223","Joint Analysis","phenytoin",0,Inf,"2compartment","analytic",NA,NA,NA,NA,NA,NA,NA,NA,NA
"266","57-41-0","rat",0.178848839881959,NA,1.03796613474504,3.98314780775842,1.01205993746208,5.51596125473377,0.0511090634737302,"Fitted geometric mean","222, 223","Joint Analysis","phenytoin",0,Inf,"2compartment","analytic",0.050420280488269,0.986528787204225,0.278117868661704,0.579982359148831,13.7473884287735,3.12259283113695,0.157442006396583,3.58993928540748,0.274695362041885
"267","57-41-0","rat",0,NA,0,0,0,0,0,"Fitted geometric std dev","222, 223","Joint Analysis","phenytoin",0,Inf,"2compartment","analytic",NA,NA,NA,NA,NA,NA,NA,NA,NA
"268","57-41-0","rat",0.533,0.9996,1,2.18,1,1.2,0.8,"Predicted","223","223","phenytoin",-48.4817462575139,110.963492515028,"2compartment","analytic",NA,NA,NA,NA,NA,NA,NA,NA,NA
"269","57-41-0","rat",5.66536117601011,NA,0.669206597573087,15.1014636220061,0.0429039396023111,2.52347869184219,0.00833962818578001,"Fitted geometric mean","223","223","phenytoin",-48.4817462575139,110.963492515028,"2compartment","analytic",0.119226812253573,14.2964207327302,0.300866373324451,8.44941999564923,5.81368542409533,1.24780231745115,0.148771492632321,2.03868835479607,0.187425747627097
"270","57-41-0","rat",0.270806943977829,NA,0.253558727409723,0.135694821861454,0.0243705074185379,0.265006681929251,0.5538715026871,"Fitted geometric std dev","223","223","phenytoin",-48.4817462575139,110.963492515028,"2compartment","analytic",NA,NA,NA,NA,NA,NA,NA,NA,NA
"271","57-41-0","rat",0.533,0.9996,1,2.18,1,1.2,0.8,"Predicted","222","222","phenytoin",-10.1192784987259,30.2385569974518,"2compartment","analytic",NA,NA,NA,NA,NA,NA,NA,NA,NA
"272","57-41-0","rat",1.96991529608452,NA,NA,NA,0.383311523371956,5.89460160898966,0.0469997772297365,"Fitted geometric mean","222","222","phenytoin",-10.1192784987259,30.2385569974518,"2compartment","analytic",0.54575510929362,11.6118717684748,3.21701057842618,6.97070100325771,1.2700699796601,1.21388076005638,0.662481626873989,1.38357153272134,NA
"273","57-41-0","rat",0.0494586042752911,NA,NA,NA,0.0445974911894667,0.0282840309708403,0.0522197637003848,"Fitted geometric std dev","222","222","phenytoin",-10.1192784987259,30.2385569974518,"2compartment","analytic",NA,NA,NA,NA,NA,NA,NA,NA,NA
"274","29420-49-3","rat",0.03077,0.1975,1,2.18,1,1.2,0.8,"Predicted","NULL","NULL","potassium perfluorobutane sulfonate",-151.989381743478,317.978763486956,"2compartment","analytic",NA,NA,NA,NA,NA,NA,NA,NA,NA
"275","29420-49-3","rat",0.195520464842814,NA,0.350599325296003,2.74979946161814,0.135681534638449,1.7640263997484,0.204496110600105,"Fitted geometric mean","NULL","NULL","potassium perfluorobutane sulfonate",-151.989381743478,317.978763486956,"2compartment","analytic",0.0705313755455828,0.344905025700202,0.124419844821753,0.0954960915812183,9.82750123896251,0.239821322598128,0.016914927768007,0.376123626086819,0.863633910887699
"276","29420-49-3","rat",0.156458932688259,NA,0.161728410220688,0.154587033184863,0.161551741590896,0.277808399323823,0.286333139090637,"Fitted geometric std dev","NULL","NULL","potassium perfluorobutane sulfonate",-151.989381743478,317.978763486956,"2compartment","analytic",NA,NA,NA,NA,NA,NA,NA,NA,NA
"277","125-33-7","rat",0.25,5.56,1,2.19,1,1.2,0.8,"Predicted","NULL","NULL","primidone",-58.8369445353535,129.673889070707,"2compartment","analytic",NA,NA,NA,NA,NA,NA,NA,NA,NA
"278","125-33-7","rat",0.202894283289263,NA,NA,0.805861829660914,0.767802852496516,1.85824386606339,0.482277273827944,"Fitted geometric mean","NULL","NULL","primidone",-58.8369445353535,129.673889070707,"2compartment","analytic",0.181831581393371,0.377028915625469,0.337889086118152,0.0180771276114237,3.81202855548181,0.808880444864034,0.147080010447801,0.856742312149369,NA
"279","125-33-7","rat",0.834666595178219,NA,NA,0.51932040705161,1.28626187219672,2.93281622884858,3.46351526557506,"Fitted geometric std dev","NULL","NULL","primidone",-58.8369445353535,129.673889070707,"2compartment","analytic",NA,NA,NA,NA,NA,NA,NA,NA,NA
"280","25606-41-1","rat",0.294,0.827,1,2.18,1,1.2,0.8,"Predicted","NULL","NULL","propamocarb hydrochloride",54.8864815196922,-95.7729630393844,"2compartment","analytic",NA,NA,NA,NA,NA,NA,NA,NA,NA
"281","25606-41-1","rat",3.20681083012642,NA,0.0162504221473636,8.98663825959223,6.24446790350491,1.61181154752146,0.345428086271823,"Fitted geometric mean","NULL","NULL","propamocarb hydrochloride",54.8864815196922,-95.7729630393844,"2compartment","analytic",1.78543996221921,5.16877633852621,2.87779364591143,0.869611824707566,0.38822206023573,8.13142152007492,14.518164931591,11.2156262462315,4.66381891924556e-05
"282","25606-41-1","rat",0.00999357820969765,NA,0.157643784233524,0.222540487347804,0.00672101374110107,0.0426529036755431,0.0320700946136414,"Fitted geometric std dev","NULL","NULL","propamocarb hydrochloride",54.8864815196922,-95.7729630393844,"2compartment","analytic",NA,NA,NA,NA,NA,NA,NA,NA,NA
"283","94-13-3","rat",1.087,0.8059,1,2.18,1,1.2,0.8,"Predicted","NULL","NULL","propylparaben",-71.3753218719743,154.750643743949,"2compartment","analytic",NA,NA,NA,NA,NA,NA,NA,NA,NA
"284","94-13-3","rat",0.0773254081289476,NA,NA,711.505045121196,0.189672699358133,7.61211097377282,0.997276870105605,"Fitted geometric mean","NULL","NULL","propylparaben",-71.3753218719743,154.750643743949,"2compartment","analytic",0.587006727405241,0.588617199880798,4.4684181378037,-3.37011961864661,1.18081641691549,0.0466199085235915,0.0273661999343651,0.0249852654221147,NA
"285","94-13-3","rat",5.10868506866256,NA,NA,0.530559126687521,4.45213346922338,1.79189597997437,0.751269657025909,"Fitted geometric std dev","NULL","NULL","propylparaben",-71.3753218719743,154.750643743949,"2compartment","analytic",NA,NA,NA,NA,NA,NA,NA,NA,NA
"286","23950-58-5","rat",0.02496,2.47,1,2.18,1,1.2,0.8,"Predicted","NULL","NULL","propyzamide",61.5740822194855,-109.148164438971,"2compartment","analytic",NA,NA,NA,NA,NA,NA,NA,NA,NA
"287","23950-58-5","rat",0.0012343608997011,NA,0.76933903539962,1487.39401200833,11.5376199147239,1140.45247937837,0.0652145402978193,"Fitted geometric mean","NULL","NULL","propyzamide",61.5740822194855,-109.148164438971,"2compartment","analytic",0.0918044614556716,1.40887040099121,104.783445793814,-103.284005292267,7.55025594147879,0.165102172967627,0.0151571160744541,0.155129572926307,2.11490055127821
"288","23950-58-5","rat",14.125616777404,NA,0.325189365616712,0.382447948282479,1.79477171280753,0.679906593262835,0.485282518975687,"Fitted geometric std dev","NULL","NULL","propyzamide",61.5740822194855,-109.148164438971,"2compartment","analytic",NA,NA,NA,NA,NA,NA,NA,NA,NA
"289","110-86-1","rat",0.25,5.56,1,2.19,1,1.2,0.8,"Predicted","NULL","NULL","pyridine",0,Inf,"2compartment","analytic",NA,NA,NA,NA,NA,NA,NA,NA,NA
"290","110-86-1","rat",0.148236452062643,NA,1.06194087251273,0.383514431946645,0.15988131021775,1.10517091807565,0.0184728660315155,"Fitted geometric mean","NULL","NULL","pyridine",0,Inf,"2compartment","analytic",0.00302634712640891,0.163827720989266,0.00334465339491845,0.0152729626581134,229.037566282901,0.889960332575006,0.00269332889510628,7.83130195838736,16.4285677976774
"291","110-86-1","rat",0,NA,0,0,0,0,0,"Fitted geometric std dev","NULL","NULL","pyridine",0,Inf,"2compartment","analytic",NA,NA,NA,NA,NA,NA,NA,NA,NA
"292","123343-16-8","rat",0.04086,0.1839,1,2.18,1,1.2,0.8,"Predicted","NULL","NULL","pyrithiobac sodium",8.07086033495227,-2.14172066990453,"2compartment","analytic",NA,NA,NA,NA,NA,NA,NA,NA,NA
"293","123343-16-8","rat",0.111806662224135,NA,0.999468405530181,3.60003842239136,0.883678093413988,2.19251889583674,0.134703603344733,"Fitted geometric mean","NULL","NULL","pyrithiobac sodium",8.07086033495227,-2.14172066990453,"2compartment","analytic",0.0330210014985553,0.245140412125747,0.0723998172839953,0.0939549341161721,20.9911010903249,2.03044779755479,0.0670474197657951,2.99206849039778,0.621120350977865
"294","123343-16-8","rat",0.722665692393869,NA,0.829484922677485,0.827281890488206,0.717587538319821,1.08005803348352,1.29162197305491,"Fitted geometric std dev","NULL","NULL","pyrithiobac sodium",8.07086033495227,-2.14172066990453,"2compartment","analytic",NA,NA,NA,NA,NA,NA,NA,NA,NA
"295","10453-86-8","rat",0.2128,2.036,1,2.18,1,1.2,0.8,"Predicted","NULL","NULL","resmethrin",0,Inf,"2compartment","analytic",NA,NA,NA,NA,NA,NA,NA,NA,NA
"296","10453-86-8","rat",1.06318401613588,NA,1.01134802237792,2.61998757894815,15.8265283231834,2.58578667657998,0.0495295329257555,"Fitted geometric mean","NULL","NULL","resmethrin",0,Inf,"2compartment","analytic",0.136164960598791,2.74916964946364,0.352093872102347,1.4700567218242,5.09049595073361,81.9051970762534,11.1526179327242,123.574463431232,0.00377844028968003
"297","10453-86-8","rat",0,NA,0,0,0,0,0,"Fitted geometric std dev","NULL","NULL","resmethrin",0,Inf,"2compartment","analytic",NA,NA,NA,NA,NA,NA,NA,NA,NA
"298","28434-00-6","rat",1.248,0.3724,1,2.18,1,1.2,0.8,"Predicted","NULL","NULL","s-bioallethrin",48.9182706492198,-83.8365412984397,"2compartment","analytic",NA,NA,NA,NA,NA,NA,NA,NA,NA
"299","28434-00-6","rat",0.830968197166962,NA,0.0911853972258175,3.54522481682807,14.6901963685737,3.14480077754151,0.0743126321480296,"Fitted geometric mean","NULL","NULL","s-bioallethrin",48.9182706492198,-83.8365412984397,"2compartment","analytic",0.194195957540453,2.61323257736371,0.610708333203619,1.36575200453358,3.56931827695515,47.5424828800827,9.23255798674827,62.8596297627846,0.000411521006045031
"300","28434-00-6","rat",0.295920015528352,NA,0.530906368466596,0.418350054728497,0.12007974841909,0.366141174189631,0.497418527609653,"Fitted geometric std dev","NULL","NULL","s-bioallethrin",48.9182706492198,-83.8365412984397,"2compartment","analytic",NA,NA,NA,NA,NA,NA,NA,NA,NA
"301","122-34-9","rat",0.3629,2.061,1,2.18,1,1.2,0.8,"Predicted","NULL","NULL","simazine",38.4428074141482,-62.8856148282965,"2compartment","analytic",NA,NA,NA,NA,NA,NA,NA,NA,NA
"302","122-34-9","rat",1.82013522468502,NA,0.193525267431695,3.89929535416954,3.31368480390407,1.4996104507238,0.121047659719667,"Fitted geometric mean","NULL","NULL","simazine",38.4428074141482,-62.8856148282965,"2compartment","analytic",0.330398837274413,2.72949530427862,0.495469821499492,0.744289095368522,2.09791047171347,8.29146419230362,2.73949012843954,18.2547689478699,0.00294345021576957
"303","122-34-9","rat",0.262278045100196,NA,1.78736593600051,1.35387171147426,0.125047140031791,0.450302136612355,0.750213506561151,"Fitted geometric std dev","NULL","NULL","simazine",38.4428074141482,-62.8856148282965,"2compartment","analytic",NA,NA,NA,NA,NA,NA,NA,NA,NA
"304","1229-55-6","rat",0.25,5.56,1,2.19,1,1.2,0.8,"Predicted","NULL","NULL","solvent red1",36.0001528707999,-60.0003057415999,"2compartment","analytic",NA,NA,NA,NA,NA,NA,NA,NA,NA
"305","1229-55-6","rat",1.0659778808026,NA,NA,1.19043436874583,0.937756487623264,1.06023983985837,0.0507564496014827,"Fitted geometric mean","NULL","NULL","solvent red1",36.0001528707999,-60.0003057415999,"2compartment","analytic",0.0573645443343643,1.13019327787455,0.0608202323543721,0.060759709051946,12.0831985785463,1.87457979697171,0.107534415871687,17.4258801317926,NA
"306","1229-55-6","rat",0.430714842173946,NA,NA,0.207957639681581,4.9112004384445,0.272044480879926,1.01185427426451,"Fitted geometric std dev","NULL","NULL","solvent red1",36.0001528707999,-60.0003057415999,"2compartment","analytic",NA,NA,NA,NA,NA,NA,NA,NA,NA
"307","10540-29-1","rat",0.04574,4.864,1,2.18,1,1.2,0.8,"Predicted","NULL","NULL","tamoxifen",0,Inf,"2compartment","analytic",NA,NA,NA,NA,NA,NA,NA,NA,NA
"308","10540-29-1","rat",0.194284127489637,NA,NA,8029.30818656544,14183.2743305021,23.79364947783,0.0141170846686685,"Fitted geometric mean","NULL","NULL","tamoxifen",0,Inf,"2compartment","analytic",0.0652594486267287,4.62275222224393,1.55276843795547,2.94095910542555,10.6214072467056,41046.539172465,2678.67451443049,42225.0744717316,NA
"309","10540-29-1","rat",0.950206282672458,NA,NA,0.266942068629228,0.677124392255148,0.555249527059307,0.421372856370934,"Fitted geometric std dev","NULL","NULL","tamoxifen",0,Inf,"2compartment","analytic",NA,NA,NA,NA,NA,NA,NA,NA,NA
"310","994-05-8","human",0.3802,1.762,1,2.18,1,1.2,0.8,"Predicted","NULL","NULL","tert-amyl methyl ether",92.0737286200041,-172.147457240008,"2compartment","analytic",NA,NA,NA,NA,NA,NA,NA,NA,NA
"311","994-05-8","human",1.33739744990876,NA,NA,2.1453140080483,1.05844080405785,1.30972699502192,0.104381085686288,"Fitted geometric mean","NULL","NULL","tert-amyl methyl ether",92.0737286200041,-172.147457240008,"2compartment","analytic",0.182836575917032,1.75162685294598,0.239466178209639,0.357599800744607,3.79107504657319,2.63903236592633,0.482511641520193,7.7421928578924,NA
"312","994-05-8","human",0.738790991894807,NA,NA,0.283054882917155,2.37286798107713,0.498092989330039,0.259423295144126,"Fitted geometric std dev","NULL","NULL","tert-amyl methyl ether",92.0737286200041,-172.147457240008,"2compartment","analytic",NA,NA,NA,NA,NA,NA,NA,NA,NA
"313","127-18-4","rat",0.01427,3.342,1,2.18,1,1.2,0.8,"Predicted","NULL","NULL","tetrachloroethylene",-30.2523593429902,72.5047186859805,"2compartment","analytic",NA,NA,NA,NA,NA,NA,NA,NA,NA
"314","127-18-4","rat",0.387559937625218,NA,NA,0.613846831644287,1.04428599082074,1.4237589138299,0.119577490220773,"Fitted geometric mean","NULL","NULL","tetrachloroethylene",-30.2523593429902,72.5047186859805,"2compartment","analytic",0.065981892419932,0.551793339596179,0.0939425498785123,0.136272744512381,10.5051121624174,2.55912371035261,0.168855825345783,6.13385579924828,NA
"315","127-18-4","rat",2.44565200014446,NA,NA,0.483605684456574,7.30021766802392,2.04578373471308,0.507707084903081,"Fitted geometric std dev","NULL","NULL","tetrachloroethylene",-30.2523593429902,72.5047186859805,"2compartment","analytic",NA,NA,NA,NA,NA,NA,NA,NA,NA
"316","119-64-2","rat",0.25,5.56,1,2.19,1,1.2,0.8,"Predicted","NULL","NULL","tetralin",4.87799771299213,0.244004574015735,"2compartment","analytic",NA,NA,NA,NA,NA,NA,NA,NA,NA
"317","119-64-2","rat",1.9397925300042,NA,NA,NA,0.59248097080907,2.79540436920782,0.0269078722569576,"Fitted geometric mean","NULL","NULL","tetralin",4.87799771299213,0.244004574015735,"2compartment","analytic",0.145908058768234,5.42250730913479,0.407872235249151,3.22075060264967,4.75057502931326,5.27098879477537,0.769079742834788,7.87681071934926,NA
"318","119-64-2","rat",0.160955578100884,NA,NA,NA,0.0689352925077773,0.136733618655812,0.302543507371233,"Fitted geometric std dev","NULL","NULL","tetralin",4.87799771299213,0.244004574015735,"2compartment","analytic",NA,NA,NA,NA,NA,NA,NA,NA,NA
"319","123-93-3","rat",0.25,5.56,1,2.19,1,1.2,0.8,"Predicted","NULL","NULL","thiodiglycolic acid",-5.146002951934,20.292005903868,"2compartment","analytic",NA,NA,NA,NA,NA,NA,NA,NA,NA
"320","123-93-3","rat",5.72895229055685,NA,NA,NA,0.14658600483794,1.55624658217727,0.0485657685930844,"Fitted geometric mean","NULL","NULL","thiodiglycolic acid",-5.146002951934,20.292005903868,"2compartment","analytic",0.43299599802322,8.91566397788233,0.673848659641674,2.94585902570702,1.60081659813118,0.787414919781253,0.340947509049057,1.93947341780018,NA
"321","123-93-3","rat",0.0886221013861416,NA,NA,NA,0.0914600508505089,0.0463520896002928,0.21385953919562,"Fitted geometric std dev","NULL","NULL","thiodiglycolic acid",-5.146002951934,20.292005903868,"2compartment","analytic",NA,NA,NA,NA,NA,NA,NA,NA,NA
"322","64-77-7","rat",0.02548,0.2471,1,2.18,1,1.2,0.8,"Predicted","225, 226","Joint Analysis","tolbutamide",0,Inf,"2compartment","analytic",NA,NA,NA,NA,NA,NA,NA,NA,NA
"323","64-77-7","rat",0.188216783271707,NA,1.06075627945311,2.81933615572146,0.146099252245257,2.9627213132284,0.277339161459636,"Fitted geometric mean","225, 226","Joint Analysis","tolbutamide",0,Inf,"2compartment","analytic",0.154653711378958,0.55763683802769,0.458198281277145,0.0658754848577958,4.48193046503412,0.167104043123545,0.0258432604554857,0.177805828588381,1.71024002124949
"324","64-77-7","rat",0,NA,0,0,0,0,0,"Fitted geometric std dev","225, 226","Joint Analysis","tolbutamide",0,Inf,"2compartment","analytic",NA,NA,NA,NA,NA,NA,NA,NA,NA
"325","64-77-7","rat",0.02548,0.2471,1,2.18,1,1.2,0.8,"Predicted","226","226","tolbutamide",-6.82010136523319,23.6402027304664,"2compartment","analytic",NA,NA,NA,NA,NA,NA,NA,NA,NA
"326","64-77-7","rat",0.199956744941929,NA,NA,NA,0.140707045483985,7.53354711643391,0.0828710911955967,"Fitted geometric mean","226","226","tolbutamide",-6.82010136523319,23.6402027304664,"2compartment","analytic",0.124835649315711,1.5063910928159,0.940459949223962,0.490810047965715,5.55247787278271,0.214139658749543,0.0267322633442438,0.225378911870111,NA
"327","64-77-7","rat",0.0446498498337149,NA,NA,NA,0.0125159369665036,0.0669575750708196,0.0586518033201211,"Fitted geometric std dev","226","226","tolbutamide",-6.82010136523319,23.6402027304664,"2compartment","analytic",NA,NA,NA,NA,NA,NA,NA,NA,NA
"328","64-77-7","rat",0.02548,0.2471,1,2.18,1,1.2,0.8,"Predicted","225","225","tolbutamide",0,Inf,"2compartment","analytic",NA,NA,NA,NA,NA,NA,NA,NA,NA
"329","64-77-7","rat",0.00510161569492606,NA,NA,6.64197751140102,0.19843958940911,34.5889462900487,0.00150806001372743,"Fitted geometric mean","225","225","tolbutamide",0,Inf,"2compartment","analytic",0.000266111532979526,0.176494100210557,0.00920632175716131,0.162452274291449,2604.72431539927,3.70005114061252,0.000984626281131041,3.80427902725316,NA
"330","64-77-7","rat",NA,NA,NA,0.128453712740975,0.0341325453530888,NA,NA,"Fitted geometric std dev","225","225","tolbutamide",0,Inf,"2compartment","analytic",NA,NA,NA,NA,NA,NA,NA,NA,NA
"331","79-01-6","rat",0.891,1.238,1,2.18,1,1.2,0.8,"Predicted","NULL","NULL","trichloroethylene",0,Inf,"2compartment","analytic",NA,NA,NA,NA,NA,NA,NA,NA,NA
"332","79-01-6","rat",2.40630728633524,NA,NA,1.21935441611786,1.77450622738973,2.00599866679429,0.216366012003386,"Fitted geometric mean","NULL","NULL","trichloroethylene",0,Inf,"2compartment","analytic",1.04440938694092,4.82705121428455,2.09508470845439,1.37006860643584,0.663673832528618,2.93493437822336,3.06527301467209,4.08844205922166,NA
"333","79-01-6","rat",1.2132805734777,NA,NA,1.70308054519657e-16,8.99737901884618e-17,4.85184928147625e-17,0,"Fitted geometric std dev","NULL","NULL","trichloroethylene",0,Inf,"2compartment","analytic",NA,NA,NA,NA,NA,NA,NA,NA,NA
"334","3380-34-5","rat",0.05738,2.351,1,2.18,1,1.2,0.8,"Predicted","NULL","NULL","triclosan",-8.92863217651124,27.8572643530225,"2compartment","analytic",NA,NA,NA,NA,NA,NA,NA,NA,NA
"335","3380-34-5","rat",0.238707438705063,NA,NA,NA,2.9553605002219,708.726775186934,0.012297932453788,"Fitted geometric mean","NULL","NULL","triclosan",-8.92863217651124,27.8572643530225,"2compartment","analytic",2.08054396086943,169.179061973347,1474.54338919492,-1303.52249069941,0.33315670978194,0.342769437528759,0.713146883221072,0.339077928044971,NA
"336","3380-34-5","rat",49.4278911055651,NA,NA,NA,0.383197547573944,4.52086270117274,20.5341075280961,"Fitted geometric std dev","NULL","NULL","triclosan",-8.92863217651124,27.8572643530225,"2compartment","analytic",NA,NA,NA,NA,NA,NA,NA,NA,NA
"337","99-66-1","rat",0.1795,2.261,1,2.18,1,1.2,0.8,"Predicted","227, 228","Joint Analysis","valproic acid",0,Inf,"2compartment","analytic",NA,NA,NA,NA,NA,NA,NA,NA,NA
"338","99-66-1","rat",0.848755447272887,NA,1.00962151530877,2.64756575171533,0.206783449032584,1.37064512121519,0.172539150825618,"Fitted geometric mean","227, 228","Joint Analysis","valproic acid",0,Inf,"2compartment","analytic",0.200722129296728,1.16334388355452,0.275119131384275,0.240191434194088,3.45326737509477,0.387314744478421,0.0777426402197269,0.874385795862232,0.541113126837065
"339","99-66-1","rat",0,NA,0,0,0,0,0,"Fitted geometric std dev","227, 228","Joint Analysis","valproic acid",0,Inf,"2compartment","analytic",NA,NA,NA,NA,NA,NA,NA,NA,NA
"340","99-66-1","rat",0.1795,2.261,1,2.18,1,1.2,0.8,"Predicted","227","227","valproic acid",-122.581885816958,255.163771633915,"2compartment","analytic",NA,NA,NA,NA,NA,NA,NA,NA,NA
"341","99-66-1","rat",1.54129488175319,NA,NA,NA,0.163840650340497,17.3984481050286,0.0388717426705273,"Fitted geometric mean","227","227","valproic acid",-122.581885816958,255.163771633915,"2compartment","analytic",1.04239005519764,26.8161564131772,18.1359810472636,8.18127053935803,0.664959510217626,0.237750337513566,0.247828587444023,0.242257449151357,NA
"342","99-66-1","rat",0.0969443151968492,NA,NA,NA,0.0856484551456019,0.369799912468708,0.41396282698223,"Fitted geometric std dev","227","227","valproic acid",-122.581885816958,255.163771633915,"2compartment","analytic",NA,NA,NA,NA,NA,NA,NA,NA,NA
"343","99-66-1","rat",0.1795,2.261,1,2.18,1,1.2,0.8,"Predicted","228","228","valproic acid",-66.2125347897814,144.425069579563,"2compartment","analytic",NA,NA,NA,NA,NA,NA,NA,NA,NA
"344","99-66-1","rat",0.26607181526087,NA,NA,4.69542481174178,0.59647619405133,1.91175133181636,0.998469275272668,"Fitted geometric mean","228","228","valproic acid",-66.2125347897814,144.425069579563,"2compartment","analytic",0.507884523926488,0.508665058935097,0.970952564224053,-0.220474796623339,1.36477318741902,0.461033977387299,0.234152022119284,0.312483441086509,NA
"345","99-66-1","rat",1.88636480478042,NA,NA,0.387635219580427,0.355560856304916,3.73930939529065,5.32266685429718,"Fitted geometric std dev","228","228","valproic acid",-66.2125347897814,144.425069579563,"2compartment","analytic",NA,NA,NA,NA,NA,NA,NA,NA,NA
"346","50892-23-4","rat",0.05932,0.2161,1,2.18,1,1.2,0.8,"Predicted","NULL","NULL","wyeth-14643",-44.4143125539725,102.828625107945,"2compartment","analytic",NA,NA,NA,NA,NA,NA,NA,NA,NA
"347","50892-23-4","rat",0.693718744028424,NA,0.999939373361992,2.41610942354966,0.147891752856549,2.37977870585521,0.0933634047694719,"Fitted geometric mean","NULL","NULL","wyeth-14643",-44.4143125539725,102.828625107945,"2compartment","analytic",0.154133373703097,1.65089947467017,0.366803849349581,0.744510254995258,4.49706097976638,0.448071063477655,0.0690627046725454,0.665626649043797,0.603279885349067
"348","50892-23-4","rat",0.461008940714209,NA,0.372070257745869,0.332471565367099,0.365415040477217,0.303576436730406,0.451672690822832,"Fitted geometric std dev","NULL","NULL","wyeth-14643",-44.4143125539725,102.828625107945,"2compartment","analytic",NA,NA,NA,NA,NA,NA,NA,NA,NA
